Frame,root_translateX,root_translateY,root_translateZ,root_rotateX,root_rotateY,root_rotateZ,left_hip_pitch_joint_dof,left_hip_roll_joint_dof,left_hip_yaw_joint_dof,left_knee_joint_dof,left_ankle_pitch_joint_dof,left_ankle_roll_joint_dof,right_hip_pitch_joint_dof,right_hip_roll_joint_dof,right_hip_yaw_joint_dof,right_knee_joint_dof,right_ankle_pitch_joint_dof,right_ankle_roll_joint_dof,waist_yaw_joint_dof,waist_roll_joint_dof,waist_pitch_joint_dof,left_shoulder_pitch_joint_dof,left_shoulder_roll_joint_dof,left_shoulder_yaw_joint_dof,left_elbow_joint_dof,left_wrist_roll_joint_dof,left_wrist_pitch_joint_dof,left_wrist_yaw_joint_dof,right_shoulder_pitch_joint_dof,right_shoulder_roll_joint_dof,right_shoulder_yaw_joint_dof,right_elbow_joint_dof,right_wrist_roll_joint_dof,right_wrist_pitch_joint_dof,right_wrist_yaw_joint_dof
0,-0.30641189217567444,-0.1710052788257599,92.04210662841797,-6.561243530852912,-3.5794087620249804,20.65446388249402,-5.0460386,7.83395,-1.902491,31.786572,-16.711927,-6.216083,14.601187,-0.9377298,-26.793142,2.9181592,-7.999156,5.5323205,-2.3593209,5.046817,3.153532,6.3803296,4.9362063,-21.693502,72.42638,-5.706149,4.8237853,14.00968,5.341636,-6.3881655,21.793653,76.49097,0.54747427,8.307277,-8.694511
1,-0.42313164472579956,-0.319505512714386,91.99552917480469,-5.0971095848124275,-4.57597311297245,20.165101738823143,-4.8286443,8.898801,-2.7050197,31.45048,-15.553769,-8.260149,16.483562,-2.0836802,-30.177454,2.9242837,-8.154983,5.8005114,-2.236775,5.083672,2.9286878,5.84253,5.845283,-23.83462,73.591965,-5.7273846,3.0585456,12.953357,5.247093,-7.505302,24.059435,77.22977,1.2139635,6.209545,-9.096528
2,-0.5510156750679016,-0.46793386340141296,91.99018096923828,-4.521485296731071,-5.03156645623379,20.089938231817705,-4.9519806,9.528347,-4.0421243,31.318365,-14.347575,-9.877192,17.527342,-2.5032032,-32.4066,2.9027686,-7.9381976,5.8484564,-2.1585186,5.1632743,3.1491783,5.740208,6.9074397,-25.52785,73.65551,-5.782858,2.4492674,12.475765,5.6581354,-8.881178,25.687654,76.48507,2.158922,5.3439426,-9.38892
3,-0.6817930340766907,-0.6302556395530701,91.9988784790039,-4.27582966772535,-5.486381451663591,20.292353497734666,-5.0421276,9.851369,-5.4250894,31.447805,-13.278818,-11.098392,18.314442,-2.4947932,-33.638973,2.8932805,-7.8142023,5.5640635,-2.0542755,5.377202,3.4827082,5.8975315,7.9286857,-26.876389,73.072655,-5.4022326,2.2621682,11.792005,6.044645,-10.275681,27.154564,75.37085,3.1518183,4.6833057,-9.540908
4,-0.8016506433486938,-0.8093171715736389,92.02218627929688,-4.11794908136887,-6.030904283071523,20.842704929649404,-5.0771723,10.100637,-6.5310574,31.760645,-12.585022,-11.932827,19.059982,-2.2571545,-34.20045,2.8928306,-7.82717,5.0806985,-1.9317878,5.6528463,3.8430288,6.0982814,8.784846,-28.045486,72.319214,-5.0317717,2.4511368,11.006213,6.4140763,-11.52231,28.490133,74.09134,4.133011,4.3575883,-9.603195
5,-0.8970853686332703,-0.9977195262908936,92.05831146240234,-4.116145716063048,-6.417594210403512,21.422148493999345,-5.2100964,10.249395,-7.4644613,32.02383,-12.065526,-12.545181,19.580065,-1.9646643,-34.523766,2.8850932,-7.772881,4.6906333,-1.8279259,5.945915,4.174898,6.182913,9.45414,-28.986591,71.681175,-4.991088,2.7808363,10.314655,6.838991,-12.5331335,29.38712,72.81426,4.770698,4.335153,-9.605818
6,-0.9575994610786438,-1.1969672441482544,91.95049285888672,-4.0776130366318615,-6.706171328751561,22.001138658207797,-5.4082303,10.1944065,-8.360899,32.161972,-11.585345,-13.002993,19.979475,-1.7632033,-34.968178,2.8568654,-7.7468863,4.479202,-1.7126244,6.1868463,4.403534,6.207528,9.970747,-29.53485,71.07398,-5.156262,3.100107,9.648069,7.379272,-13.327318,29.81008,71.46842,5.070405,4.455337,-9.66798
7,-0.9736490249633789,-1.4050642251968384,91.921630859375,-3.9324066082912914,-6.968486152635575,22.49035532209915,-5.5941024,9.982189,-9.166061,32.232384,-11.205332,-13.324801,20.298328,-1.6718942,-35.39785,2.8521924,-7.7957573,4.266801,-1.5871807,6.4206276,4.561224,6.266359,10.361224,-29.75422,70.495804,-5.384244,3.3938897,9.107169,7.9654465,-13.943327,29.955667,70.16912,5.1972337,4.5702767,-9.752631
8,-0.9375441074371338,-1.615829348564148,91.91513061523438,-3.7315135239713513,-7.187307124120038,22.820761910362844,-5.720787,9.798947,-9.616608,32.300716,-11.101476,-13.473594,20.511206,-1.6364506,-35.509357,2.8962696,-7.8709354,3.9329448,-1.4745169,6.693581,4.63122,6.431013,10.667016,-29.679148,69.88489,-5.520344,3.7047422,8.848292,8.532546,-14.4131365,29.916101,68.9973,5.044749,4.595264,-9.65944
9,-0.8457098007202148,-1.8238427639007568,91.91979217529297,-3.5063967328717185,-7.308473661091174,23.073912269469602,-5.79919,9.712554,-9.761273,32.302643,-11.195755,-13.597646,20.637676,-1.6219717,-35.4276,2.9413424,-8.023023,3.5989592,-1.3467132,6.934295,4.600485,6.649062,10.924154,-29.428705,69.329445,-5.6343627,4.060519,8.710509,9.118272,-14.744473,29.821024,67.98644,4.8300805,4.5821333,-9.399403
10,-0.7010064721107483,-2.0257527828216553,91.92925262451172,-3.3047122441889933,-7.351567553804136,23.334313381896973,-5.8695054,9.732649,-9.755832,32.27749,-11.16564,-13.690443,20.761429,-1.5868622,-35.468735,2.9494746,-8.094441,3.4519074,-1.2431703,7.083211,4.577879,6.806471,11.098156,-29.169847,68.97671,-5.8337445,4.3093367,8.67921,9.588758,-14.890827,29.783499,67.32904,4.7612224,4.6382794,-9.238545
11,-0.49711722135543823,-2.2145378589630127,91.89303588867188,-3.0501676279906254,-6.105665185088218,23.30703146444839,-7.39179,10.119858,-8.869525,32.59247,-9.565692,-14.058802,20.155355,-1.9932749,-39.04603,2.717098,-8.182031,4.2130756,-1.6688938,7.0470743,4.794391,7.3805165,11.179411,-27.297667,68.77839,-7.63354,3.7351563,8.793165,9.307511,-14.89457,29.335285,67.10606,7.211806,4.5448446,-8.976368
12,-0.27496325969696045,-2.404085636138916,91.9035873413086,-2.8602175505172984,-6.255249600240829,23.623001805647075,-6.986424,9.944623,-9.282105,32.061047,-9.680255,-14.24835,20.44886,-1.9035064,-38.91245,2.736131,-8.248614,4.1068807,-1.6088834,7.0829163,4.8627677,7.582256,11.235099,-27.038435,68.301994,-7.757304,3.9477954,8.89095,9.219725,-14.899205,29.27863,67.14378,7.22892,4.9749947,-8.64244
13,-0.032314106822013855,-2.5822978019714355,91.92211151123047,-2.652217982886003,-6.225630875325166,23.70056202424561,-7.061269,9.836634,-9.526456,32.255615,-9.221614,-14.504676,20.589014,-1.9103675,-39.13034,2.7843223,-8.375411,3.7383301,-1.5534585,7.176217,4.8059535,7.690229,11.294084,-27.205343,67.87846,-6.898534,4.129467,8.505591,9.246261,-14.907585,29.39688,66.97884,7.062274,4.741206,-8.651899
14,0.2163591980934143,-2.7469305992126465,91.9369125366211,-2.2868862248147024,-6.039699065689559,23.616074000366748,-7.0707636,9.781381,-9.227024,32.10191,-8.908057,-14.59607,20.601318,-2.1364043,-39.554897,2.7685084,-8.533036,3.8816023,-1.5355312,7.1332912,4.686488,7.721276,11.349062,-27.50204,67.57429,-6.11073,4.041801,8.530303,9.218006,-14.919552,29.687567,66.84195,7.113537,4.576985,-8.589788
15,0.46061986684799194,-2.886121988296509,91.91682434082031,-1.932313687521445,-5.872383805209565,23.533242324525183,-6.9184875,9.627798,-9.143953,31.693111,-8.573301,-14.757632,20.686188,-2.3770413,-40.12703,2.7151623,-8.961197,4.05478,-1.4110569,7.012913,4.6283646,7.599753,11.383002,-27.454391,67.27948,-5.9848647,4.030451,8.741381,9.247352,-14.929247,29.833586,66.68468,6.9887238,4.6177835,-8.60755
16,0.6983749866485596,-2.9847333431243896,91.926513671875,-1.8624533605689602,-5.872792203909687,23.39782677465909,-6.685981,9.836904,-9.000129,31.540716,-8.901365,-14.743143,20.90197,-2.3571763,-40.578426,2.7424986,-8.993129,3.7976456,-1.4050137,7.001675,4.728214,7.542015,11.387318,-27.43094,66.942986,-5.6495175,4.120066,8.888752,9.116909,-14.931154,29.855707,66.85337,6.6019034,4.4080157,-8.598088
17,0.9321994185447693,-3.0326344966888428,91.92106628417969,-1.833404739199399,-5.875551603696091,23.074907528235542,-6.4598455,10.007455,-8.889204,31.549387,-8.820182,-14.931413,21.040152,-2.296456,-40.530407,2.7327554,-9.056913,3.7439663,-1.5072325,6.9798822,4.809157,7.5656586,11.39281,-27.628325,66.67338,-5.3945,3.9648652,8.921324,8.887201,-14.93931,29.960424,66.99357,6.5126762,4.206497,-8.566973
18,1.1751832962036133,-3.0259461402893066,91.90254211425781,-1.7003033945771264,-5.7103308765404845,22.994368050512662,-6.4227166,9.899538,-9.022561,31.48691,-8.796968,-14.919641,21.018354,-2.3486483,-40.360962,2.7508793,-9.273325,3.6591105,-1.4670649,6.963966,4.868394,7.4918275,11.383234,-27.515917,66.482544,-5.611552,3.996677,8.996007,8.868622,-14.954924,29.864618,67.05608,6.5161047,4.119312,-8.567217
19,1.4260320663452148,-2.962435483932495,91.85543823242188,-1.755285121479753,-5.601509529643594,23.114421821796302,-6.3638387,9.963107,-9.184094,31.455147,-8.847671,-14.886683,21.19186,-2.2226787,-40.572784,2.6760774,-9.467929,3.7133448,-1.4945687,6.8406353,4.9344473,7.3894463,11.368755,-27.37362,66.46082,-5.696887,3.984674,9.392777,8.946806,-14.981212,29.749949,67.05357,6.4265814,4.4223275,-8.737032
20,1.6957594156265259,-2.8518717288970947,91.76115417480469,-1.870005691131465,-5.165508944181048,23.155700093384088,-6.5561714,9.774157,-9.948894,31.349094,-8.822076,-14.963642,21.028124,-2.044771,-40.67921,2.5622544,-10.004487,3.7061207,-1.4149052,6.812582,4.9779096,7.2918773,11.33268,-27.34225,66.305504,-5.645068,4.193178,9.236209,8.980248,-15.0542755,29.703289,67.089615,6.5526266,4.4912214,-9.317593
21,1.9807583093643188,-2.715252161026001,91.68983459472656,-2.0632745616164914,-4.7470620651537345,23.082971510405052,-6.654074,9.731883,-10.5406475,31.217016,-8.800668,-14.930758,20.910316,-1.835454,-40.907257,2.4468365,-10.200159,3.8714023,-1.3665309,6.671086,4.898084,7.311085,11.28968,-27.164259,66.36741,-5.4147367,4.1399794,9.357103,9.055187,-15.123624,29.64882,67.14318,6.888165,4.5142493,-9.332975
22,2.2779221534729004,-2.5755772590637207,91.59027099609375,-2.275686512960175,-4.158874804409678,23.030136167329136,-7.085462,9.811422,-10.94984,31.375002,-8.899673,-14.712216,20.497786,-1.5178238,-40.429993,2.3421907,-10.570958,3.8444335,-1.3989708,6.6820087,4.8894925,7.3505826,11.241675,-26.986263,66.224815,-5.118435,4.2075877,8.871732,9.025569,-15.222893,29.496758,67.17014,6.8019,4.433794,-9.582253
23,2.577221393585205,-2.4602808952331543,91.50997924804688,-2.428139254316115,-3.6639547480728982,23.093746932372962,-7.5129046,9.892147,-11.226427,31.670776,-9.050903,-14.543106,20.171282,-1.228632,-39.898064,2.2817786,-10.791311,3.7834554,-1.4314574,6.6898446,5.095446,7.103453,11.192434,-26.8946,66.629684,-5.9486356,3.9274528,8.821351,9.015354,-15.316111,29.521046,67.07582,6.3457174,4.644213,-9.745671
24,2.8637478351593018,-2.387702465057373,91.4331283569336,-2.6134338022678594,-3.284092681817552,23.065077352804778,-7.8825474,10.209571,-11.132376,32.10825,-9.603828,-14.3646965,19.852983,-0.8267082,-38.855957,2.2367806,-10.879853,3.684806,-1.3534993,6.769631,5.333578,6.7606936,11.164399,-26.844929,67.06485,-6.467388,3.887442,8.664941,8.980359,-15.389993,29.415321,66.96305,6.6925693,4.7686305,-9.5469
25,3.126685619354248,-2.3703136444091797,91.34542083740234,-2.848177675835118,-2.905999247211479,23.064711493450744,-8.518157,10.669314,-10.922914,33.018806,-10.509879,-13.872747,19.461138,-0.28190598,-37.49741,2.1735017,-10.873198,3.5764024,-1.1421348,6.91286,5.6148095,6.3880563,11.165637,-26.611824,67.36132,-7.1118374,3.7319045,8.603392,8.854359,-15.41354,29.324585,66.86462,6.6026354,4.8190207,-9.362517
26,3.361900568008423,-2.4167611598968506,91.28407287597656,-2.978792383708492,-2.540557208171549,22.965228803648266,-9.456462,10.98409,-10.69375,34.650433,-10.951624,-13.498857,19.156084,0.086363316,-36.857647,2.1197104,-10.752316,3.488479,-0.8343746,7.155508,6.08336,5.844971,11.182336,-26.476862,67.793205,-7.2740197,3.6185772,8.756687,8.593629,-15.452433,29.392178,66.7999,6.0228777,4.4309273,-9.249232
27,3.5659286975860596,-2.524186372756958,91.1959457397461,-3.2662240594314067,-2.602912983827651,22.658580564834615,-10.770756,11.627923,-10.094568,37.771763,-11.98291,-13.172271,19.099327,0.7672462,-35.131725,2.0667577,-10.692232,3.3386927,-0.681437,7.436965,6.6007724,5.394113,11.219642,-26.707731,68.25473,-7.691619,2.9885013,8.867025,8.282341,-15.469443,29.63592,66.756226,5.6729913,4.0312977,-8.915172
28,3.7603111267089844,-2.6916635036468506,91.10599517822266,-3.4849342782858628,-2.865785598747955,22.682066443648157,-12.779377,12.100051,-9.7908,41.991806,-12.73229,-12.803719,19.248127,1.4926159,-33.304276,2.0154803,-10.815598,3.2477682,-0.48767373,7.743986,7.301832,4.8879075,11.308291,-26.73016,68.46047,-8.699053,2.7704358,9.186801,8.071086,-15.479198,29.948133,66.67184,5.5026927,3.9543417,-8.98382
29,3.974579334259033,-2.9054055213928223,90.98686981201172,-3.8031048993346914,-3.0008667432930527,21.827909820529534,-15.784944,12.580019,-9.02505,47.983,-13.548903,-12.283469,19.245934,2.190795,-31.642557,1.92242,-10.997326,3.2625442,-0.26387683,8.023804,8.015216,4.6724906,11.451385,-26.805134,68.23274,-9.855769,2.3695173,9.175321,7.6509237,-15.471906,30.190975,66.744705,5.0955305,3.7819033,-8.880738
30,4.260522842407227,-3.1642940044403076,90.90653228759766,-3.7928861263386984,-3.1713260699690684,21.55169587183307,-19.342377,12.651468,-8.685145,54.442013,-14.302903,-11.119127,19.374603,2.6415884,-30.221,1.918139,-11.479076,3.0542772,0.06654157,8.346746,8.782163,4.3856854,11.61209,-26.46749,67.515976,-10.636748,2.607045,9.4603815,7.4125752,-15.430954,30.258173,66.88869,4.710502,4.117828,-8.883751
31,4.660629749298096,-3.4431724548339844,90.78627014160156,-3.8338675977639745,-3.390213879706421,20.687385457985016,-23.73561,13.013702,-7.955848,61.723972,-14.066999,-9.570252,19.63922,3.0622468,-28.92392,1.9001577,-12.07556,2.9723494,0.335575,8.705191,9.818678,4.10594,11.713256,-26.326414,66.3713,-11.103058,2.835081,9.629673,6.7158217,-15.431686,30.272844,67.15647,4.2794447,4.339242,-9.228683
32,5.235519886016846,-3.7229511737823486,90.70596313476562,-3.661112788453492,-3.650446855205529,20.2696845672951,-27.85915,12.86771,-7.9462013,67.06273,-13.3266325,-8.347077,20.139578,3.3440151,-27.837784,1.9246795,-12.5135355,2.9568949,0.5454055,8.939479,10.734894,3.9757168,11.792107,-26.277142,65.06044,-11.154434,3.040876,9.65679,6.0434437,-15.496442,30.385485,67.363045,3.8003056,4.389369,-9.517229
33,6.0300750732421875,-3.9775495529174805,90.74113464355469,-3.1072006885969023,-4.009117480808624,19.665154616613428,-31.450697,12.774864,-7.5014205,70.29356,-13.327793,-7.500518,20.923285,3.1503744,-26.954039,1.9746387,-12.69041,3.1319492,0.7669235,9.057127,11.641554,4.130414,11.821844,-26.130848,63.303604,-10.549396,3.2932684,9.574711,5.0179267,-15.7394905,30.57908,67.69884,3.7463431,4.3327875,-9.43928
34,7.088843822479248,-4.1718854904174805,90.78013610839844,-2.0773537171146295,-3.8738780628175498,19.538156226380863,-34.919746,11.198018,-7.838276,71.55526,-13.988134,-7.230408,21.415659,2.5594342,-26.016867,2.0622723,-12.912805,3.3723342,1.2111664,9.054683,12.594817,4.2060943,11.675732,-25.722336,61.970207,-11.172443,3.1391146,9.767046,4.020029,-16.146372,30.90126,67.816696,3.229615,4.243364,-9.329021
35,8.40731143951416,-4.264734745025635,90.84519958496094,-1.3784994383027307,-3.5389630351186976,19.37920712207978,-37.843903,9.560198,-7.4061966,70.85988,-13.159347,-7.405996,21.950964,2.3218448,-25.103594,2.0397675,-12.134469,4.0460258,1.6732608,8.936264,13.336852,4.465962,11.503952,-25.494717,60.896523,-11.038693,3.0705929,9.483631,3.0166514,-16.6926,30.912983,67.45243,3.3478882,4.0104966,-9.069878
36,9.990769386291504,-4.2447710037231445,90.74378204345703,-0.38535135386362795,-2.5470259895699843,18.876290438020742,-40.04224,8.419617,-5.34119,68.11918,-12.676873,-7.340994,22.19141,1.5518473,-25.010519,1.9799241,-11.947115,4.7014885,2.1914566,8.721378,13.855068,4.819001,11.361935,-25.359402,60.01687,-9.980526,2.668107,9.106356,1.9611402,-17.376827,30.274897,66.62563,3.6432128,3.591454,-8.55872
37,11.792407989501953,-4.094130516052246,90.64979553222656,0.571029325521838,-2.114358501994059,18.827543183379223,-41.737175,7.0006466,-4.011846,62.522667,-10.952132,-7.8365846,23.200651,0.938021,-24.447805,1.884302,-11.553217,5.5802264,2.6356168,8.397551,14.809153,5.191152,11.198069,-25.178944,59.451008,-9.827104,2.2917697,9.055604,0.8415494,-18.136902,29.625494,65.116264,3.8389242,3.8480117,-8.678477
38,13.793574333190918,-3.7979438304901123,90.34648895263672,1.120641529200005,-1.1445373792305304,18.91051751093451,-42.457584,5.72017,-2.7386081,55.13044,-8.743072,-8.350223,23.903288,0.7267986,-24.11889,1.7804437,-11.111519,6.1985893,3.0215135,8.241795,15.314252,5.66545,11.088088,-25.095564,59.26885,-8.566406,2.126186,8.715443,-0.2909931,-19.010687,28.74947,63.668945,3.4422727,3.6397345,-8.727529
39,15.952677726745605,-3.3701467514038086,89.94342041015625,1.8375268460921452,-0.494005414785682,18.896360416091504,-41.99228,4.615123,-2.378257,45.637833,-6.626668,-8.875036,24.997902,0.3280814,-23.001125,1.7788503,-11.248249,6.518477,3.2088008,8.1129055,15.935185,6.206616,10.999328,-24.997866,58.96095,-8.038624,2.3771176,8.327695,-1.764115,-19.949228,28.33501,62.35866,3.7043614,3.592428,-8.41189
40,18.244504928588867,-2.802457094192505,89.26956939697266,1.99970061510363,0.525684321400903,18.66370788576947,-41.268616,3.864353,-1.602538,37.631477,-5.0656447,-9.226372,25.914345,0.40791932,-21.50618,1.6912526,-11.412546,6.7368674,3.4475288,8.027302,16.200993,6.9372826,10.887806,-25.008812,59.000477,-7.3240232,2.5211573,8.146483,-2.9756188,-20.834137,28.207594,61.21831,3.07085,3.2780542,-7.9860225
41,20.65995979309082,-2.1174495220184326,88.51887512207031,2.1474795140241376,1.3770504885388783,18.577505870671136,-40.07663,3.110062,-1.3386678,31.348257,-4.2291093,-9.28622,27.24989,0.27675456,-20.414852,1.6987689,-11.421584,6.8337607,3.7074316,7.890926,16.484665,7.580736,10.6961565,-25.134378,59.251957,-7.109313,2.8206756,8.331523,-3.8724284,-21.627731,27.944262,59.843513,2.9305978,2.852229,-8.21342
42,23.187604904174805,-1.321608066558838,87.86255645751953,2.134567952063673,1.558494037698737,18.93481687725992,-38.94113,2.0890527,-1.3041601,28.918346,-2.996343,-9.088243,29.35484,-0.11505864,-19.961279,1.8505774,-11.031435,6.681397,3.8537948,7.774975,16.590815,8.238268,10.439908,-25.39048,60.315205,-7.2089176,3.0420902,8.183867,-4.343617,-22.271446,28.042492,58.769566,2.8050435,2.6393547,-7.986253
43,25.82230567932129,-0.4395236372947693,87.29131317138672,2.5929921029708995,1.3309457836954952,19.246768733179294,-37.838295,0.606784,-1.9896688,29.54781,-1.9613986,-8.869182,31.346083,-0.7328133,-19.507795,2.0086522,-10.457499,6.8952703,3.898194,7.5280943,16.363842,8.908841,10.212478,-25.319899,61.697704,-7.047165,3.1980538,7.8211203,-4.326428,-22.696726,27.903566,58.02546,2.6282477,2.9769013,-7.65761
44,28.550708770751953,0.5109357833862305,87.43366241455078,3.265199440231691,0.5602073224748437,19.420264653832312,-36.288742,-0.99795187,-3.023869,31.766655,-1.2498734,-8.422009,33.30402,-0.7298787,-19.43773,2.3490062,-8.302089,6.887017,3.892931,7.265107,15.976782,9.049919,10.015777,-25.79944,63.59228,-7.1918406,3.4615362,7.5640225,-3.5446608,-22.865429,28.246134,57.975155,3.0499,2.9309003,-7.723656
45,31.376800537109375,1.5310829877853394,87.90386962890625,3.3668133318516094,-0.540837910136771,20.256819107053225,-33.89063,-2.443222,-4.946016,33.859303,-1.8263618,-7.848254,35.479435,-0.08332163,-19.858927,3.4500487,-2.700794,6.538039,3.2538059,7.308712,15.642081,9.380497,9.879638,-25.992117,65.49306,-7.7986193,3.8824184,7.593104,-2.2051477,-22.822964,28.792074,58.647224,3.5960662,2.646744,-7.153245
46,33.97520446777344,2.572281837463379,88.35981750488281,7.148170867214728,1.7752087238906193,17.709680151711154,-32.569843,-4.63594,-1.1939569,31.71181,-1.5843686,-6.3641434,18.854294,-10.196831,-16.308199,36.59884,-9.327115,6.32964,6.6130586,2.6356115,12.117493,9.348605,9.839361,-25.944664,67.367455,-8.9345,3.9559493,7.578435,-0.12821916,-22.318539,29.611437,59.09878,4.0036154,2.4394972,-6.623886
47,36.75699996948242,3.6445672512054443,89.06234741210938,7.523424127730747,1.0766049844564203,17.845196789480266,-29.596731,-5.834413,-1.5272305,32.335888,-3.2680051,-4.9943895,14.325992,-11.592998,-14.832597,47.795815,-3.3992403,5.582847,6.0215745,1.3622746,11.321709,8.771402,9.934251,-25.831717,68.365814,-10.196114,3.978794,7.915643,1.2664778,-21.624989,30.348892,59.917194,4.1689143,2.1762803,-6.182389
48,39.546905517578125,4.698943138122559,89.71141815185547,7.948090158727121,0.43117100783235557,18.23167949153377,-26.48403,-7.312406,-2.5642807,32.731342,-4.93783,-3.7169652,8.517591,-12.338462,-13.409603,59.265125,0.8518278,5.1949906,5.2608876,0.3758433,10.712495,7.7022257,10.104882,-26.058666,68.76297,-10.5698,3.7540383,8.723068,2.7684097,-20.841738,31.068651,60.455803,3.6923788,2.2681055,-6.533976
49,42.34193420410156,5.726635456085205,90.46143341064453,8.052890861100444,-0.4211357811870998,18.46482579931083,-22.411081,-7.7097583,-2.6679206,31.993782,-6.958977,-1.7615889,1.6719167,-13.919343,-13.494575,70.19084,1.6249006,4.0356317,3.9490516,-0.55870384,10.353322,6.1713743,10.389793,-25.943043,68.85771,-10.35502,3.6187172,9.109057,4.0542994,-20.024889,31.38979,61.322998,3.101413,2.5704644,-6.803029
50,45.18358612060547,6.715875625610352,91.16944885253906,8.166001174672628,-1.3414991866442274,18.37589646093068,-17.886387,-7.761865,-2.4219124,30.661036,-8.13735,-0.58275026,-5.0453086,-16.39466,-14.444912,77.967995,-1.7364651,2.6341572,2.329162,-1.0922605,10.58675,4.1714582,10.677862,-26.194756,68.36182,-10.667805,3.6449974,9.549334,4.143616,-19.358007,31.712433,62.695606,2.7967086,2.9728627,-6.7625494
51,48.125667572021484,7.67656946182251,91.76158142089844,7.964764094755507,-1.9671506489307293,18.270869888137323,-13.649527,-7.917547,-3.391224,29.300495,-9.589266,-0.4476021,-11.31681,-18.482615,-14.644521,82.67982,-5.802131,0.54404837,0.6868814,-1.3678713,10.778945,1.9718302,10.978979,-26.459202,67.33686,-10.616153,3.5490901,10.201505,4.6857386,-18.792002,31.658499,63.843925,3.4767888,3.195846,-6.742787
52,51.20845413208008,8.59968376159668,92.05638122558594,8.1163823329436,-2.884933998428582,17.86994527845787,-9.351839,-7.909204,-3.240609,28.50993,-10.766774,-0.15821704,-17.094622,-20.630236,-14.946939,85.03751,-9.602882,-1.2651061,-0.80540025,-1.4384815,11.094731,-0.28278053,11.23532,-26.531796,65.08355,-10.647982,3.589777,10.680064,5.1937675,-18.263063,30.91109,64.69426,4.165345,3.0766306,-6.7249556
53,54.48347473144531,9.504011154174805,92.40678405761719,8.081066651733192,-3.267526641715584,18.261630573859577,-5.5451937,-7.8214602,-3.5108771,27.233116,-11.529459,-0.21622182,-22.304834,-23.037859,-15.375068,84.28966,-13.899736,-2.0039806,-2.1202128,-1.5284513,11.257129,-2.7709296,11.373312,-26.72598,63.72071,-10.344898,3.6207352,11.242848,6.0552583,-17.800516,30.321333,65.401566,5.427005,2.5381334,-6.834819
54,57.96154022216797,10.393293380737305,92.57466125488281,7.7122867209028545,-3.5363781247713915,18.42195163679604,-2.0926363,-7.1550536,-3.193127,26.343748,-12.583925,-0.6229719,-25.579355,-24.88593,-17.94832,78.702194,-16.56613,-1.8652334,-3.012411,-1.4127272,11.551229,-5.425292,11.556401,-26.353035,61.61741,-10.329823,3.5719762,11.523524,6.814946,-17.43359,28.993565,65.337166,5.4365444,2.1926057,-7.0043635
55,61.646385192871094,11.251738548278809,92.4835433959961,7.783115226566424,-3.054378046545468,18.7345714159688,0.894148,-6.782766,-2.7893767,25.3498,-13.795673,-0.9618147,-28.941826,-26.078756,-19.374674,71.97978,-17.054237,-1.5033114,-3.8380606,-1.2607813,11.697689,-8.298186,11.820453,-26.18354,60.078407,-10.4691305,3.1850083,11.795193,7.919835,-17.08459,28.100885,65.26234,5.8699837,1.8356884,-7.446272
56,65.49014282226562,12.063881874084473,92.23451232910156,7.811685938941703,-2.210914540315355,19.605387206266446,3.9319885,-6.075424,-2.4047394,24.175522,-14.575445,-1.4911311,-32.067055,-26.156801,-19.50191,63.020054,-15.584775,-0.78009456,-4.729546,-1.16589,11.885653,-10.608408,12.075475,-25.541716,58.397327,-11.023498,3.0284712,12.349711,8.755748,-16.699972,27.213863,65.00262,5.752173,2.065021,-8.0684185
57,69.42074584960938,12.800701141357422,91.73872375488281,7.635397471236221,-1.3283804268789992,21.10213024117241,6.7971106,-4.9097233,-2.0152647,23.595278,-15.294807,-2.3723316,-33.611893,-25.82029,-19.601622,52.15556,-13.592693,0.45039588,-5.322762,-0.8226983,11.813346,-12.756496,12.406162,-25.656654,57.07666,-10.063123,3.2683022,11.556904,9.698675,-16.338236,26.660004,65.390236,5.636177,2.578549,-8.451112
58,73.37034606933594,13.435478210449219,90.92439270019531,7.3533086785652335,-0.1430100473243485,22.834626902254794,9.542191,-3.5965562,-1.9593935,23.347218,-16.078665,-3.3349473,-33.74863,-24.471773,-19.033447,41.142048,-12.083547,2.408844,-5.767529,-0.49234828,11.383427,-14.399576,12.773959,-25.664364,56.481678,-9.2235365,3.4334495,11.330337,10.999539,-15.94097,25.66537,65.483406,6.8551354,2.6227677,-9.265661
59,77.26951599121094,13.94612979888916,89.85087585449219,7.07100797556801,0.9798679205347341,24.218198145727655,12.21087,-2.1690216,-2.2900443,23.418015,-16.786783,-4.38616,-33.03719,-22.51952,-17.934748,31.856546,-11.1814575,4.8904395,-5.9859123,-0.003690022,10.916075,-15.065912,13.063454,-25.786266,55.88724,-8.725345,3.8085012,11.4333,11.532691,-15.592845,25.355696,66.28128,7.203561,3.5381427,-8.865985
60,81.06088256835938,14.3391695022583,89.14141082763672,6.424324711711963,1.3764464688453708,24.339969222919134,14.03158,-0.116230324,-2.2230616,24.275984,-16.115553,-5.9319234,-31.81514,-20.844584,-17.858027,28.393509,-10.50959,5.3216248,-6.1836834,0.76743907,10.443123,-15.3080225,13.290057,-25.67689,55.820442,-8.535045,3.918882,11.666825,11.886689,-15.210559,25.209349,66.66963,7.722492,3.6594298,-8.750358
61,84.72816467285156,14.637541770935059,88.9322738647461,5.507599899021153,0.7786689630057919,24.346670932425248,15.057874,2.5350008,-2.1731446,26.206911,-13.740762,-8.014034,-30.838839,-19.618298,-17.821806,30.291433,-8.292175,3.8397098,-6.4122877,1.5793885,9.9256115,-14.825338,13.454456,-25.528843,56.670868,-9.876783,3.591826,11.731917,12.011207,-14.863259,25.469446,67.542015,8.000312,3.4761732,-8.569254
62,88.26946258544922,14.897491455078125,88.89743041992188,3.580131785310694,-0.3104418225481759,24.1520197353432,15.189956,5.751408,-1.6182723,29.842321,-9.838249,-10.132929,-29.132763,-18.061096,-18.957344,33.7881,-6.7771072,1.4594585,-6.810122,2.5136151,9.129574,-13.112025,13.680375,-25.611973,58.10166,-10.541431,3.0532475,12.109484,12.475547,-14.50452,25.2155,67.82253,8.251625,3.222865,-9.297503
63,91.6985855102539,15.147866249084473,89.07626342773438,1.452516079739047,-1.560598380071542,23.929253663702603,13.60815,8.624429,-1.563429,36.60578,-4.3639765,-11.415099,-26.69668,-16.677118,-20.974258,36.96274,-7.6367745,-0.43762597,-6.9857426,3.5328147,8.469144,-11.081882,13.918927,-25.616909,59.68263,-10.021942,3.124515,11.311737,12.584349,-14.209621,24.995197,67.77441,8.928371,3.4472816,-10.039704
64,95.02908325195312,15.413477897644043,89.44654846191406,-0.18019903722412384,-2.9424879758138904,23.797787713264412,9.987311,10.706496,-1.9356118,46.49929,1.840899,-12.23031,-23.40298,-14.801502,-22.25215,38.65792,-9.395909,-1.6009485,-6.960903,4.504239,8.166022,-8.358305,14.04795,-26.82379,61.189537,-9.509837,3.0173113,10.780993,12.008693,-14.03244,25.01019,68.25834,10.113761,3.372172,-10.9437895
65,98.29127502441406,15.721309661865234,89.94644927978516,-1.1115841443105872,-3.573129990728458,23.446423203710868,4.7351756,12.256388,-2.155537,57.11677,7.3575325,-12.059315,-19.616177,-13.072241,-23.521341,38.679237,-11.047295,-2.2021601,-6.5259647,5.2168083,8.069441,-5.828366,14.035176,-27.765583,62.63365,-9.874648,3.30267,10.135011,10.941976,-14.010468,24.98639,68.6942,10.777039,3.561416,-11.590034
66,101.48607635498047,16.07752227783203,90.35482788085938,-1.7451955765456952,-4.34747762319793,23.00257717405271,-1.0895716,13.429422,-2.7513978,66.75987,8.91099,-10.952156,-15.467922,-11.253085,-24.169071,37.881172,-13.094913,-2.2612293,-5.4727755,5.857549,8.215789,-3.277346,13.912455,-28.737583,63.471714,-9.89242,3.6654656,9.229737,9.64482,-14.161805,24.813095,69.04683,10.810051,3.753555,-11.770928
67,104.65058898925781,16.482376098632812,90.9408187866211,-1.994250645413811,-4.681689902233392,21.95655023489085,-7.288685,14.108291,-2.784401,74.04925,7.355487,-9.725672,-11.411546,-9.522432,-24.455952,35.755768,-14.293436,-1.8523719,-4.1052585,6.1878676,8.303731,-0.9815355,13.771726,-29.15578,64.110435,-9.718893,3.839218,9.165908,8.298216,-14.450424,24.640274,69.072784,10.444435,4.115555,-11.576876
68,107.80732727050781,16.92752456665039,91.36245727539062,-2.00555780410205,-5.154379223726854,21.422038418386848,-13.707109,13.74531,-2.6286669,78.537636,3.5143595,-9.008307,-7.3665953,-8.309488,-24.499992,34.035816,-15.562005,-1.6486166,-2.4579358,6.544325,8.493639,0.8723992,13.689821,-29.267696,64.04152,-9.146396,4.3987722,8.853433,6.850138,-15.051089,24.676315,68.453064,9.439448,4.3132863,-11.317347
69,111.00138092041016,17.4130916595459,91.70873260498047,-1.956203589129811,-5.345017630164242,20.803169464189146,-19.493034,13.807974,-1.5635644,80.34844,0.088103876,-7.7427125,-3.4940665,-7.176021,-24.474236,31.956347,-16.417706,-0.8301363,-1.0546278,6.783024,8.835919,2.7461605,13.61756,-28.80937,64.48737,-8.863935,4.5746374,9.080529,5.6497498,-15.781228,24.373363,67.12527,9.237958,4.377681,-12.100708
70,114.25926971435547,17.937990188598633,92.16321563720703,-1.31373910874955,-5.253942365476247,20.6158358651321,-24.16507,13.189707,0.3392381,78.23255,-2.8832955,-7.5686655,-0.21617433,-6.6480837,-23.657784,30.283537,-16.244678,0.2584568,0.011542326,6.8143244,9.168999,4.427322,13.564583,-27.667078,65.17024,-9.516513,4.7699637,8.843283,3.777328,-16.979742,24.226252,66.0956,9.623458,3.6133497,-11.714799
71,117.5821304321289,18.52991485595703,92.42952728271484,-0.8963750678056421,-5.1389429719326145,20.041820839579437,-28.354181,12.250982,2.1489022,71.428696,-2.7991073,-7.213036,2.9555118,-6.3075485,-23.447208,29.147861,-16.003778,1.1378329,0.9743514,6.9222274,9.881288,6.0412593,13.468295,-26.498568,65.05842,-9.878206,4.595758,8.63852,1.876031,-18.403736,23.833158,64.33182,9.433689,3.9764245,-11.575405
72,120.9715576171875,19.203575134277344,92.46150970458984,-0.5972975351070979,-4.791966968818502,19.602799956232502,-32.060047,10.652778,2.7371094,64.51237,-2.0252244,-7.7251315,6.376805,-5.848834,-23.521723,27.235044,-16.203236,2.4169004,1.977598,7.203947,10.69142,7.509434,13.345357,-25.29105,64.86687,-10.162606,4.5036488,8.418903,0.8134895,-19.870474,22.813995,62.2115,10.130507,3.4518056,-12.212785
73,124.412109375,19.970413208007812,92.2834243774414,-0.20852504588399287,-3.985686165282393,19.343669740613024,-34.55658,8.825533,3.585796,55.12693,0.444309,-8.377768,9.166653,-5.4171314,-23.06398,25.552397,-16.749718,3.2202766,2.7752588,7.435143,11.251585,9.050166,13.092938,-24.648506,64.78361,-9.453698,4.8790627,8.048942,-0.46253714,-21.34643,22.456263,60.88568,10.687646,3.4221885,-12.102231
74,127.86085510253906,20.844797134399414,91.69922637939453,-0.5012588115196216,-3.281676258116679,19.3251740193883,-35.406063,8.024394,4.9155154,43.633976,2.5175457,-8.658406,12.250094,-4.026813,-22.15735,23.426783,-17.34471,3.971879,3.2532673,7.647704,11.530185,10.640114,12.712485,-23.87006,65.077126,-10.140963,5.0074067,7.8200207,-1.6734673,-22.757477,22.17965,59.567184,10.167272,3.118843,-11.540356
75,131.28326416015625,21.82204818725586,90.91144561767578,-0.7647128954824893,-2.7214243919071373,19.399690498694095,-35.196472,6.6045356,5.389586,32.356056,4.2894826,-9.846842,14.879542,-2.8104649,-20.392159,22.403862,-18.174404,4.0317183,3.494902,7.5501037,11.495242,12.0437155,12.2204275,-23.933088,65.48765,-11.840728,4.8938465,8.288387,-2.4959998,-23.909643,22.497559,58.30191,9.664734,2.9295428,-11.202814
76,134.66134643554688,22.88734245300293,89.97943878173828,-0.660028379356337,-2.1574434671187372,19.703843076012586,-34.56265,5.0002403,5.4609594,23.43024,5.091452,-10.598952,16.837835,-2.6413755,-18.18997,22.755793,-19.43445,3.8927658,3.5727117,6.951123,11.26015,13.168065,11.72505,-24.230713,65.96768,-13.653209,5.041919,9.112097,-2.4888544,-24.570303,22.622347,57.307545,10.283814,2.7755756,-11.390369
77,137.99253845214844,24.026771545410156,89.03687286376953,-0.4841049554426899,-1.7192942094248338,19.505933043345614,-33.65099,3.7575254,5.97379,18.979439,4.793572,-10.211757,18.371162,-3.6781573,-16.216316,24.090496,-20.457884,4.0928416,3.7949595,6.111267,11.151745,13.554438,11.27034,-24.59212,66.43317,-15.932114,4.6599855,9.465026,-2.2803144,-24.904127,23.001646,56.87854,10.60162,2.0287344,-11.1625
78,141.28475952148438,25.194883346557617,88.4774398803711,0.44381950689183175,-1.936141680330737,19.222833576218903,-32.732983,2.183488,5.649614,19.6679,5.9805613,-9.294491,20.432026,-4.5576253,-15.922553,25.16238,-19.557186,5.0096393,4.120175,5.2719493,10.639983,13.801346,10.844419,-24.341984,67.085175,-17.461641,4.8850155,9.118721,-0.79063207,-24.784906,22.926567,56.575096,11.828669,2.129879,-11.115128
79,144.51939392089844,26.378948211669922,88.3327407836914,1.750926577622816,-2.457775188426065,18.95075280877989,-31.661972,0.7355594,5.284735,22.182947,7.636274,-7.948466,21.690899,-5.692076,-15.270748,27.709316,-16.909624,6.1343665,4.439381,4.356621,10.113993,13.542925,10.378149,-23.990154,67.96241,-18.827972,5.225301,8.86475,0.8958636,-24.245594,23.090199,56.981018,13.283598,2.388093,-11.013142
80,147.68162536621094,27.559661865234375,88.44133758544922,3.2623529632985093,-3.0794374131971045,18.30771203611865,-30.441072,-1.0452731,4.2363462,24.927414,8.559648,-6.387443,21.246672,-7.7019935,-15.271809,33.499508,-12.24353,7.1145244,4.848962,3.2465143,9.547654,12.806096,9.961424,-23.693058,68.95616,-19.25535,5.6504264,8.375999,2.5645087,-23.497612,24.290607,58.488083,14.202802,2.013163,-11.075429
81,150.7585906982422,28.718053817749023,88.85909271240234,4.5854342548620535,-3.3762456692263174,17.546390160636026,-28.649885,-2.4504757,4.07214,26.983505,7.873184,-4.53581,17.85592,-9.99743,-14.173569,43.390354,-5.2767487,8.1563425,4.7423954,1.9705714,9.096128,11.537139,9.603552,-23.400791,69.35562,-19.266165,5.295357,8.544856,4.170243,-22.607708,25.839869,60.846485,13.011742,1.7564244,-10.316122
82,153.73500061035156,29.831573486328125,89.5781021118164,5.393199390940231,-3.9478175909804714,17.07966291090466,-26.485933,-3.517525,3.9693127,29.00856,5.5923805,-2.5442417,12.403237,-12.161668,-12.952015,55.373558,1.0686544,8.442508,4.1070375,0.82447386,9.150495,9.709058,9.307307,-23.522556,69.91948,-19.952389,4.669187,9.358017,5.1392045,-21.703798,27.868998,63.34163,12.040144,1.9992014,-9.778255
83,156.62203979492188,30.890836715698242,90.36681365966797,5.818779313962125,-4.001799645247787,16.63848670545983,-23.947773,-4.00966,4.2480416,29.964869,2.536376,-0.96825385,6.3079343,-14.434219,-12.776322,65.84092,2.4222984,7.30523,3.2286146,0.115027115,9.212895,7.436773,9.164255,-23.387629,69.77628,-20.084661,3.8866382,10.292055,6.0458546,-20.855259,29.203129,65.607574,10.389911,2.2095363,-8.749694
84,159.42727661132812,31.87831687927246,90.9554672241211,6.5108848727309985,-4.087712185514591,16.235928551312274,-21.13727,-4.6094484,5.03836,30.274372,-0.26978374,0.8308432,0.12749605,-18.097502,-14.002431,73.648155,-0.05406448,4.7614326,1.9964358,-0.36799642,9.571055,4.8707886,9.302739,-23.167389,68.46681,-18.785366,3.0688171,10.668822,6.4198475,-20.157822,29.848146,67.960266,9.005353,2.1508367,-7.5204897
85,162.183349609375,32.79574203491211,91.56925201416016,6.828653342254115,-4.1211701370033405,15.782030213321969,-18.175598,-4.837232,5.5401735,30.08718,-2.255983,1.3873401,-6.0054607,-20.992975,-15.35216,78.330765,-3.7752254,2.617315,0.88960224,-0.478783,10.091077,1.5721233,9.790929,-23.50399,66.430016,-17.28804,3.2121928,11.297347,6.7125545,-19.612387,29.666454,68.65741,9.088204,2.3184817,-7.370357
86,164.9266815185547,33.64258575439453,92.1730728149414,6.688488343356105,-4.312386061853907,15.262891483228717,-14.858688,-4.3775916,6.2348638,29.534283,-3.5236888,1.533532,-11.322781,-24.001,-17.229382,78.995636,-7.8901205,1.110956,-0.14110741,-0.35810903,10.898943,-1.285553,10.564358,-23.213923,63.495922,-16.264513,3.3720999,12.051566,6.864436,-19.28426,28.776804,68.896614,9.532532,2.0513015,-7.626471
87,167.7057342529297,34.412681579589844,92.75215911865234,6.05275656901439,-4.468470748279248,15.221368384667313,-11.901773,-3.760442,5.8994427,29.216173,-4.206984,0.8245016,-15.073935,-25.853737,-18.941345,75.36107,-11.07595,1.0397877,-1.0701188,-0.01679688,11.568707,-3.6533003,11.616522,-22.810318,59.384907,-16.098724,3.3350048,12.431966,7.4662023,-19.165873,27.425404,67.941986,9.6641,2.247838,-8.327261
88,170.55142211914062,35.08845138549805,93.26240539550781,5.306330793707856,-4.203994324101458,15.818389080158736,-9.694201,-3.281247,4.8151746,29.11911,-5.11634,0.18971749,-19.255724,-26.429241,-19.62348,69.27841,-11.785458,1.5062407,-1.7754579,0.4565192,12.44499,-5.8929625,12.853786,-22.126778,54.76242,-15.537279,3.602315,12.007632,8.653305,-19.083279,25.897623,66.333534,11.049801,1.9082295,-9.535009
89,173.46644592285156,35.64344787597656,93.56002044677734,4.711738444358499,-3.405816737530288,16.46145409296578,-7.8888965,-2.324935,4.7822137,28.959435,-7.2548532,-0.04946545,-22.66678,-25.739489,-19.796844,60.6382,-11.228928,2.7116857,-2.2846446,0.97830456,12.949779,-6.919373,14.16456,-21.683134,50.26742,-13.564836,4.0241885,11.85175,9.342736,-19.150833,24.855885,65.33685,11.764444,1.9298912,-9.384531
90,176.41314697265625,36.05998992919922,93.73738098144531,4.256595976330917,-2.313084802892738,17.10660525173067,-6.582285,-1.2957141,4.8321385,29.113037,-9.023159,-0.34679163,-24.776432,-24.08018,-18.361818,51.333496,-9.353979,4.213246,-3.1392028,1.2990766,13.222392,-7.7736325,15.424672,-21.457417,46.792778,-13.215968,3.6774256,12.028338,10.613827,-19.114851,23.78534,63.824554,12.854679,1.9283322,-10.037472
91,179.32110595703125,36.32048034667969,93.51936340332031,4.002773164081225,-1.4008448429148823,18.211541045889682,-5.470871,-0.6031712,4.090001,29.677174,-11.512973,-1.1764671,-25.668694,-22.143942,-16.616173,41.065456,-7.447706,6.086334,-3.6664672,1.9332606,13.305344,-8.150912,16.447412,-21.591047,43.651997,-12.250325,4.081885,11.451115,11.836086,-19.050957,23.231434,62.917446,13.390809,2.2000098,-10.349751
92,182.11814880371094,36.445526123046875,93.03347778320312,3.697950858698508,-0.32418509072327545,19.234156544595578,-4.9407606,0.33323532,3.255408,31.015648,-14.243195,-2.253318,-25.544018,-19.521141,-14.1808,32.517715,-6.4112406,7.8838067,-4.147214,2.7708385,12.976823,-7.7333617,17.161983,-21.807068,41.58098,-11.568021,4.480881,11.489181,12.832637,-18.954018,22.602983,62.487717,14.843226,2.7653446,-10.803808
93,184.72047424316406,36.46413040161133,92.25305938720703,3.6238143302538517,-0.33574298151814386,20.25848878006089,-3.8035939,1.2170498,2.386205,33.70567,-16.721815,-3.7705595,-25.206459,-17.807081,-13.125403,28.956972,-5.501438,8.46615,-4.2750325,3.717341,12.941683,-6.752354,17.450323,-22.139742,40.40575,-10.8636875,4.636293,11.713699,13.192041,-18.879915,22.598642,62.739594,16.170584,2.8504841,-11.480739
94,187.0845489501953,36.45095443725586,91.31280517578125,3.1777319108435,-1.2764755828014835,20.923976476300655,-3.7118213,3.166203,1.2298018,39.72781,-18.631721,-5.8553805,-24.75261,-16.82985,-12.832335,30.219065,-2.7620792,7.3128567,-4.318616,4.898127,12.898856,-5.5182176,17.459072,-22.321638,40.31408,-10.818375,4.427959,11.008637,13.471028,-18.833437,22.61899,63.150204,16.408022,2.7099817,-11.48849
95,189.21920776367188,36.47911071777344,90.3985595703125,2.289121921901307,-2.141848598991699,21.129151558408395,-6.27489,5.166137,0.23604137,48.689274,-17.741198,-7.857978,-24.099415,-16.623857,-14.062452,33.536392,-2.4996264,5.334676,-4.125992,5.755096,13.4134035,-4.033123,17.341831,-22.87702,41.892704,-10.668196,4.1659856,10.836835,12.365095,-18.799154,22.712929,63.857273,17.654364,2.1819801,-12.068664
96,191.15139770507812,36.580936431884766,90.34487915039062,1.8300994068718193,-3.09386546171026,21.453929612850672,-10.980962,6.938602,-0.6900306,60.494804,-13.808865,-9.888216,-22.891367,-17.565378,-16.473764,37.16457,-5.0533056,3.2665515,-4.011972,6.4119277,14.080187,-3.1702704,17.069818,-23.663458,44.59652,-10.070979,3.874347,9.923762,10.927028,-18.756695,22.822222,64.238754,16.87063,2.6310174,-12.63664
97,192.94532775878906,36.80230712890625,89.94804382324219,0.8859170605919511,-3.67240387356971,21.376655801072182,-15.888018,7.857088,-1.2062236,70.24535,-9.381007,-11.007171,-21.65121,-17.859787,-18.707123,40.374874,-7.8429675,1.9286959,-3.4939399,7.107506,14.821904,-2.0444224,16.807592,-24.806147,46.323055,-9.60104,4.2467723,9.038789,8.4779,-18.914795,22.901371,64.76633,16.761646,3.0248837,-12.957475
98,194.676513671875,37.12870788574219,89.76924896240234,0.6783681778436915,-4.261954204229961,21.25567986544572,-20.307302,8.040479,-1.9853504,76.82865,-5.25626,-12.2614975,-19.93442,-18.408054,-19.972284,42.345123,-10.677906,1.5139958,-2.7808096,7.411585,15.775679,-0.7881013,16.477673,-25.587305,47.2653,-8.541691,4.315447,8.856071,6.011916,-19.236708,22.799738,64.822716,16.234415,2.8224008,-13.566547
99,196.42059326171875,37.55788040161133,89.95670318603516,1.2092188424112902,-4.610596812836456,20.660398326094132,-24.988716,8.179947,-1.9990883,80.89149,-3.4221225,-12.931234,-18.332264,-19.187765,-20.28785,43.286457,-11.919106,1.5865015,-1.9391057,7.5592422,16.69719,0.49988908,16.191969,-25.55818,47.711384,-8.6575165,4.7670794,8.448912,3.3375602,-19.82176,22.400415,64.60108,16.174688,2.7247748,-13.675715
100,198.22637939453125,38.089637756347656,90.40411376953125,1.6419474743688067,-4.722395613126522,20.48306293723585,-29.344582,9.152837,-0.8965852,80.61758,-2.8668435,-12.15069,-16.107573,-19.023542,-19.787231,42.08794,-12.380372,2.5578332,-1.247798,7.9167395,18.006012,1.3473073,15.981537,-24.99665,47.593777,-8.534952,5.274303,8.22491,0.6303001,-20.735594,21.938263,63.572132,15.862232,3.186467,-13.899025
101,200.12664794921875,38.74214172363281,90.97212219238281,1.7970521854013861,-3.428034963058869,20.46425490230858,-32.805542,10.990883,1.3047967,76.19504,-2.997452,-11.063825,-14.991436,-18.555956,-19.516773,40.292297,-12.77944,4.0909667,-1.0118669,8.029011,19.500795,2.0902748,15.935911,-24.496246,48.061993,-9.336493,5.2482915,8.6584835,-2.0859866,-21.90486,21.17314,62.015285,17.127998,3.3171806,-14.287736
102,202.06768798828125,39.50334548950195,91.51236724853516,2.33844208944567,-2.494017363355031,20.461875583854336,-35.289333,11.637744,2.5860674,67.772446,-1.8773438,-11.088861,-13.513465,-19.187672,-20.000158,39.065327,-12.808262,5.256451,-0.7283096,8.125777,21.293222,2.4486876,16.02572,-23.427462,47.33423,-8.183784,5.8340187,8.070094,-5.185457,-23.428886,20.510698,60.293934,17.991747,3.4296172,-13.570914
103,204.01641845703125,40.372276306152344,91.91252899169922,2.916984793347619,-0.9823721123027194,20.671289201684587,-36.52426,11.085452,2.449742,57.26027,0.79380655,-12.340048,-12.972652,-19.685375,-19.679268,38.165493,-12.956986,6.7057214,-0.3610889,8.118908,23.066774,2.012988,16.19453,-22.793505,46.532894,-8.694927,5.64952,8.423834,-7.2847695,-24.7813,20.015266,57.791443,18.379553,3.436486,-12.917476
104,205.9114990234375,41.311885833740234,92.14762878417969,3.558128041099441,0.9137405864514593,20.435911495713583,-36.647842,10.429655,1.5216339,46.05005,3.9510632,-14.05125,-13.729557,-20.004988,-18.0872,38.196754,-13.017105,7.9159226,-0.36282936,7.7777343,24.829208,1.2905942,16.45218,-22.273552,45.53565,-8.9997835,5.95685,8.503336,-9.411354,-25.909128,19.467037,54.99809,19.828676,3.314656,-13.234947
105,207.6892852783203,42.282081604003906,91.56021118164062,3.0384183934707574,2.5535316037089077,20.139822649893595,-35.718044,10.45137,1.0943867,36.459236,6.671711,-15.000033,-14.654824,-19.169804,-16.405876,39.408566,-14.827626,9.229467,-0.53017485,7.4697337,26.086239,0.5819028,16.648333,-22.558126,45.613205,-12.150325,5.539842,9.075885,-10.445438,-26.489494,19.715416,52.17,20.53938,3.016923,-14.054613
106,209.3427734375,43.200157165527344,90.67887878417969,2.8314481994425056,3.9603315968603665,19.68607210612589,-34.988407,10.307816,0.8286209,31.636517,7.958356,-15.000033,-16.564558,-19.810034,-15.349369,43.381588,-16.555624,10.630056,-0.9044044,6.6914406,27.421568,-0.6274093,16.908226,-22.320919,45.630344,-14.4603195,5.5325966,9.675377,-12.566725,-26.90602,20.100664,50.5864,20.708868,2.9803724,-14.595567
107,210.88519287109375,44.00880432128906,89.61465454101562,2.469979844621936,4.6329776015302615,18.344593310622823,-34.69556,10.309124,1.3421403,30.91105,8.566384,-14.375925,-18.724436,-21.098167,-13.598319,48.463932,-17.791952,11.948532,-1.282036,5.8919806,29.211048,-2.9113016,17.15692,-21.736954,45.979023,-16.232397,5.8351507,10.210552,-14.884605,-27.083158,19.763338,49.735065,21.205994,2.706981,-14.647292
108,212.41159057617188,44.651084899902344,88.72382354736328,2.619561573945578,6.120827300695989,17.13942420040034,-34.99245,10.412208,2.3640883,31.398962,8.091389,-13.238564,-23.676336,-23.36112,-11.521335,55.220444,-16.840073,12.542998,-1.3304151,4.8306093,29.793802,-6.147423,17.173647,-22.029966,48.679928,-17.058899,6.0493255,10.4854,-16.976862,-27.012505,18.777672,49.670372,21.385326,3.1090353,-14.643709
109,214.0003662109375,45.102779388427734,88.71508026123047,3.0188120384307306,8.011977256564778,15.271890138294014,-36.007263,10.856106,3.0291207,32.483418,7.09293,-12.769125,-29.249914,-24.200161,-9.705823,61.517784,-15.644079,13.138543,-1.2038462,4.0132318,29.793802,-11.587239,17.022617,-22.219471,52.58793,-17.522749,5.5724106,11.63067,-20.166346,-26.842552,19.106915,50.72946,21.730795,2.3790443,-15.544767
110,215.73960876464844,45.3846435546875,88.44715118408203,3.283099552434018,10.470051575705506,14.233258345908384,-37.714245,11.553971,3.6817079,33.866756,5.665811,-13.007361,-35.142822,-25.235653,-9.370755,65.26766,-14.575819,13.4181185,-1.1485994,3.7184706,29.793802,-18.543049,16.78027,-23.269865,57.01848,-18.639784,5.2213087,11.866296,-25.0067,-26.576069,19.73269,53.231857,23.69168,1.9763978,-15.921358
111,217.70164489746094,45.52351379394531,88.39840698242188,3.4172055709377402,14.08403986835124,13.892928815863739,-40.306515,12.572223,4.7418528,34.834087,4.257436,-13.181522,-40.385654,-25.690361,-7.9069166,65.13128,-14.105897,13.478299,-1.043995,3.5576017,29.793802,-25.500378,16.417404,-24.358425,61.428852,-20.670345,4.88887,12.810398,-29.79394,-26.147757,20.716997,55.601704,24.969105,1.9127595,-16.244606
112,219.8956298828125,45.5419921875,88.1677474975586,4.0097182120254296,18.366083121704786,14.531685387791791,-43.537285,12.854145,5.3869143,35.457165,2.8883328,-13.692177,-45.138996,-25.61334,-6.1266155,61.528023,-12.962551,14.246364,-0.9090324,3.4058168,29.793802,-32.975235,16.0006,-25.933197,65.373085,-22.435413,4.397836,13.598209,-34.86858,-25.747593,22.919668,57.868828,24.639849,1.7730418,-16.880705
113,222.28504943847656,45.461368560791016,87.97662353515625,4.032097007787672,23.177222353330343,15.490638624825143,-47.657997,13.804911,5.494402,36.46888,1.0658628,-13.196071,-48.83992,-24.303211,-3.6503031,53.55312,-11.083555,15.000033,-0.2778158,3.8810644,29.793802,-40.2305,15.677299,-27.056335,67.30126,-24.646975,4.258774,14.449015,-39.757336,-25.392,23.880445,59.954037,25.990978,1.888246,-17.493738
114,224.80413818359375,45.30808639526367,87.6604232788086,4.311970373751119,28.267654741527554,17.01605512980821,-51.94602,14.817386,6.001568,37.185894,0.20651282,-12.9794655,-51.14938,-23.082966,-1.897807,44.253242,-7.711067,15.000033,-0.034881476,4.3404903,29.793802,-46.985764,15.388884,-28.454037,69.637825,-27.512856,3.2326753,14.885364,-46.000343,-25.313751,25.728443,61.769947,27.35628,1.5394658,-17.900957
115,227.35211181640625,45.0869140625,86.8179702758789,4.864915522889598,32.42354042439357,18.452401396769588,-55.931034,15.691763,5.8702793,39.407475,-1.0658451,-13.266286,-53.749226,-22.613209,-0.679422,40.443577,-6.4755316,15.000033,0.106945634,4.428191,29.793802,-52.986183,15.292045,-30.046106,71.28818,-29.207438,2.3788397,15.179997,-51.058178,-25.441227,28.011873,63.26493,25.623322,1.3613456,-18.124702
116,229.8685760498047,44.82638168334961,85.86483764648438,5.886436369478015,37.06482318117025,20.64129259203832,-60.377728,16.234577,5.6894608,41.093464,-1.8662133,-13.237744,-57.31262,-22.665535,-0.6204429,40.80122,-6.6189227,15.000033,0.43386903,4.6587896,29.793802,-58.242474,15.339141,-32.11428,72.26358,-29.544971,1.5418763,15.373056,-56.348686,-25.702408,30.41396,64.62986,24.073961,1.8827059,-18.195534
117,232.2726287841797,44.51643753051758,84.65278625488281,7.169588889225468,40.996984607412465,22.894692366354853,-64.6671,16.419115,4.649126,43.66237,-2.8254132,-13.60755,-61.126427,-22.719675,-0.07396604,43.822212,-7.9219775,15.000033,0.6258247,4.8634243,29.793802,-62.80392,15.414297,-34.334473,72.938934,-30.625994,1.3900371,15.454016,-61.091858,-26.029589,33.068108,66.21216,23.178738,2.4801183,-18.14952
118,234.52432250976562,44.16778564453125,83.49169158935547,8.08767009468388,44.96172390218924,25.025902481729997,-69.17629,16.915283,3.2082062,46.086197,-3.325025,-14.254459,-65.59053,-22.602701,-0.118546546,48.470406,-10.24909,15.000033,0.8693103,5.3067064,29.793802,-67.068146,15.419665,-37.00037,73.78065,-32.049366,0.7716967,15.564373,-65.83715,-26.416279,36.090607,67.77745,23.715164,2.5076532,-17.975946
119,236.5885772705078,43.76823806762695,82.16492462158203,9.406006810726895,48.28335175554798,27.167177743355918,-73.547005,17.17961,1.5666075,49.412155,-4.2787814,-14.596771,-69.73894,-23.057615,-0.45480034,53.572845,-12.796388,15.000033,1.2124671,5.8486376,29.793802,-70.766594,15.473182,-39.11435,74.26668,-32.654575,0.36671504,15.491554,-69.97314,-26.978271,39.727142,69.60307,23.546635,2.0913692,-17.076117
120,238.45343017578125,43.32777786254883,80.75448608398438,11.430028244267014,51.77094229542325,29.906922433295364,-78.04444,17.268974,0.32487044,52.29074,-4.8158712,-14.960181,-74.24529,-23.624207,-0.35914627,58.51061,-15.629971,14.924952,1.4624586,6.150381,29.793802,-74.19817,15.425446,-42.271587,75.25987,-34.463356,-0.5620783,16.039085,-73.59967,-27.407375,43.438576,70.66724,22.599506,2.0000737,-16.897898
121,240.10472106933594,42.82619094848633,79.26032257080078,14.772482111906667,55.54309127059738,33.7370795270741,-82.41131,16.941755,-0.47860083,54.05143,-5.99912,-15.000033,-78.38232,-25.07597,-1.1280172,61.911972,-17.957565,13.422048,2.2949197,7.153437,29.793802,-77.566895,15.473069,-44.74805,75.78566,-36.698982,-1.3118526,16.111952,-77.10899,-28.092356,45.897617,72.25624,22.905638,0.8089076,-18.614223
122,241.5083465576172,42.26826858520508,77.9960708618164,15.506822924176836,57.813360183438,35.36286905230637,-86.13363,17.772219,-2.383743,57.07976,-6.249698,-15.000033,-81.74833,-23.867607,-0.6703318,66.51535,-20.135191,13.23442,2.848591,7.9005895,29.793802,-79.70718,15.232166,-47.11922,76.243996,-37.00309,-1.9276248,16.381628,-79.10415,-28.507587,49.471226,72.385376,22.664001,1.9408628,-17.541819
123,242.6863250732422,41.65961456298828,76.58097839355469,17.85375268303691,59.98566470812464,38.42847322905957,-89.75873,18.180285,-3.4239953,59.577908,-7.267126,-15.000033,-84.89235,-24.083704,-0.82863873,70.44969,-22.658688,12.824958,3.4866972,8.772086,29.793802,-82.04404,14.9606,-49.25129,76.89378,-38.715263,-2.6831346,16.592165,-81.38848,-28.982954,52.582066,73.413086,22.673294,1.3307954,-17.862036
124,243.64065551757812,40.99949645996094,75.19168090820312,20.199395680946093,61.50340289508359,41.2596991013582,-93.00287,18.360231,-4.6511903,62.33435,-8.096667,-15.000033,-87.85772,-24.576212,-0.9627263,74.72701,-24.654364,12.255269,4.0213203,9.464114,29.793802,-84.04026,14.69278,-51.06876,77.32757,-39.25247,-3.2507586,17.21024,-83.21008,-29.468094,55.082684,73.54606,21.625357,1.659473,-18.966057
125,244.39744567871094,40.293216705322266,73.91067504882812,22.928893190086185,62.46707052254806,44.453843173672425,-95.90889,18.361961,-5.589189,64.89849,-9.139918,-15.000033,-90.48259,-24.849304,-0.59143186,78.68103,-26.254501,12.299721,4.3799143,10.019266,29.793802,-85.52666,14.440177,-52.496365,77.458954,-39.494923,-3.8763463,17.861471,-84.70189,-29.977278,57.491955,73.42814,20.6323,1.5524932,-20.240755
126,244.9847869873047,39.55210876464844,72.68274688720703,25.760807060188586,62.88267688768627,47.49098162173206,-98.24572,18.23271,-6.2954493,67.26403,-9.9356165,-15.000033,-92.848335,-25.420443,-0.12464249,82.58959,-27.816864,11.981623,4.59728,10.294038,29.793802,-86.755745,14.191775,-53.889492,77.6844,-39.66537,-4.2885838,18.46269,-85.70151,-30.423252,59.363636,72.752655,19.035803,1.7843696,-21.704405
127,245.43385314941406,38.79972457885742,71.50096130371094,28.822128431349174,63.346578249504496,50.69837634739904,-100.5782,18.08998,-6.89215,69.24767,-10.863947,-15.000033,-95.13761,-25.718203,0.45255134,85.842255,-29.149132,11.753764,4.709882,10.470471,29.793802,-87.67538,13.971263,-54.93033,77.717384,-39.87191,-4.97982,19.191612,-86.4651,-30.822409,60.376545,71.52371,18.361078,1.832989,-23.738483
128,245.76026916503906,38.06858444213867,70.36615753173828,31.712829466684024,63.4452429233418,53.55558301813806,-102.50957,17.94018,-7.269691,71.128044,-11.551709,-15.000033,-97.12252,-25.883804,1.2552423,88.84847,-30.430834,11.960424,4.6432114,10.396457,29.793802,-88.452156,13.8176775,-55.789997,77.80656,-40.144283,-5.508007,19.960926,-86.915,-31.145357,61.510677,70.16541,16.826258,1.6609457,-25.596743
129,245.9938507080078,37.3719367980957,69.37017822265625,33.6786258050885,62.95085087247205,55.501244190600126,-104.01225,18.111862,-7.4684043,73.18491,-12.203017,-15.000033,-98.54122,-26.092014,1.9943461,91.86774,-31.399965,12.3441925,4.549515,10.351416,29.793802,-88.69121,13.715137,-55.886993,77.28247,-40.06997,-6.3802857,21.08662,-87.113754,-31.443943,61.80161,69.056984,16.240934,1.558565,-27.287317
130,246.16622924804688,36.74201202392578,68.51866912841797,34.67813168333751,62.76217964931978,56.50344776170691,-105.30793,18.29341,-8.134996,74.7378,-12.933632,-15.000033,-99.70191,-25.912836,2.2942724,94.23661,-32.428856,12.784818,4.395383,10.099219,29.793802,-88.824295,13.656291,-56.178524,76.53583,-40.38834,-7.223943,22.290249,-87.121254,-31.643953,62.08909,67.564224,15.199255,1.6417453,-29.248915
131,246.3066864013672,36.181793212890625,67.68690490722656,36.01283842425571,62.813968587670125,57.78516212769059,-106.71585,18.899837,-8.300697,76.04593,-13.6215925,-15.000033,-101.064384,-25.387281,2.847466,96.33652,-32.917847,13.146251,4.1226296,9.690071,29.793802,-88.84025,13.715644,-56.397034,75.82369,-40.729946,-8.724406,24.09305,-86.99099,-31.744186,61.997986,65.96623,14.790364,0.8924486,-30.817757
132,246.43360900878906,35.70513153076172,67.07244873046875,37.50712585614762,62.30649659538071,59.154447233074414,-107.46221,18.708996,-8.350648,77.104454,-13.764181,-15.000033,-101.86114,-25.311876,3.591401,98.03243,-33.507473,13.530082,3.7159688,9.304221,29.793802,-88.56331,13.843985,-55.984966,74.64528,-41.30689,-9.818806,25.17596,-86.59571,-31.82896,61.40648,64.5459,15.045998,0.70026195,-32.526245
133,246.56748962402344,35.31959533691406,66.5868148803711,38.70758340719147,62.10696850503481,60.33040175863584,-108.06325,18.576578,-8.428927,77.62279,-13.904957,-15.000033,-102.6898,-25.251068,4.015668,99.37347,-33.92576,13.54116,3.3017642,8.813675,29.793802,-88.29717,14.06341,-55.796326,73.62073,-41.373795,-11.073189,26.893656,-86.28843,-31.851469,60.758408,63.085537,14.797037,0.4890799,-34.504192
134,246.7194366455078,35.01524353027344,66.17830657958984,40.21820643884952,61.85205862420089,61.65972375737881,-108.49759,18.496254,-8.1380825,78.10419,-13.7591095,-15.000033,-103.40258,-25.46884,4.510124,100.4283,-33.94499,13.76021,2.7344873,8.109683,29.793802,-87.93491,14.362215,-55.523724,72.688934,-41.918507,-11.999221,28.54339,-85.899124,-31.80098,60.13799,61.57745,14.746685,0.06035145,-36.88124
135,246.8883056640625,34.799713134765625,65.89585876464844,41.980667190756314,61.88804979435164,63.31997276738582,-108.8712,19.005558,-7.2472086,77.98254,-14.019339,-15.000033,-103.93035,-25.200788,5.033037,100.76378,-34.00379,13.734058,2.4081898,7.7921433,29.793802,-87.80662,14.725674,-54.969067,71.46947,-42.25532,-12.602804,29.55263,-86.00731,-31.811235,59.727257,60.591698,15.253301,-1.0160496,-37.08006
136,247.0569305419922,34.685001373291016,65.93010711669922,42.74605315091027,61.82990335173886,63.85827411821794,-108.7055,18.946224,-6.942426,77.75982,-13.628195,-15.000033,-104.075294,-25.143034,5.2842827,100.69707,-33.80743,13.638769,2.0996242,7.500232,29.793802,-87.45162,15.039781,-54.84715,70.974556,-42.55706,-12.599871,29.911488,-85.85153,-31.775179,59.617397,59.863068,15.129328,-1.1853638,-37.64112
137,247.2137451171875,34.680599212646484,66.06608581542969,43.1935758154904,62.04026522511128,64.5814411816107,-108.55119,18.714819,-6.935726,76.96275,-12.80565,-15.000033,-104.08844,-25.185814,5.0094213,100.32122,-33.5063,13.579588,2.0073085,7.5721464,29.793802,-87.35586,15.285976,-54.136433,70.28382,-43.409286,-12.571346,29.6139,-85.88489,-31.752298,58.92074,59.613464,16.768358,-1.2653182,-38.535004
138,247.34385681152344,34.773162841796875,66.382080078125,42.64375085930763,62.2239930674883,63.844930210064696,-107.977585,18.633276,-7.0717793,76.51246,-12.381246,-15.000033,-103.77206,-25.359846,4.6139536,99.69328,-33.051777,13.349552,1.9954882,7.4951615,29.793802,-87.00189,15.412029,-54.039364,70.430016,-44.28534,-12.458682,29.24542,-85.55438,-31.604486,58.759125,59.44898,16.038757,-0.4983863,-38.780468
139,247.4478302001953,34.95659637451172,66.79073333740234,42.241870726739826,62.711347751342025,63.47155927873359,-107.52127,18.858608,-6.9442506,75.62543,-11.693297,-15.000033,-103.388176,-25.379717,4.027031,98.53834,-32.46733,13.1367855,2.1052704,7.757303,29.793802,-87.09952,15.427481,-53.971207,70.55011,-45.142895,-12.160215,28.744139,-85.77967,-31.436323,58.7441,59.85123,17.030891,-0.45688376,-37.804943
140,247.51824951171875,35.212032318115234,67.21292877197266,42.432446163166105,63.242335088882335,63.36488291480071,-106.916664,19.381721,-6.1395097,74.64612,-11.397358,-15.000033,-102.919334,-25.111948,3.9292889,96.87407,-32.196186,13.0180855,2.0911255,7.80351,29.793802,-87.27221,15.371662,-54.00276,70.61052,-45.083176,-11.963732,28.676716,-86.187744,-31.26567,58.872593,60.45357,17.514717,-1.1513597,-36.350704
141,247.537109375,35.54001235961914,67.92420959472656,40.386751153666765,63.64796627522651,61.46718583731417,-105.892334,19.322386,-6.5935683,73.49699,-10.338539,-15.000033,-101.98536,-25.328407,2.7876794,95.384834,-31.123661,12.772311,2.4677455,8.441436,29.793802,-87.03269,15.096993,-53.27248,70.550026,-46.610058,-11.543885,27.738985,-85.85561,-31.031467,58.377815,61.362373,19.102673,-0.56748545,-35.82337
142,247.50924682617188,35.90941619873047,68.59978485107422,39.50492191129382,64.01429369878164,60.419265834708156,-104.81062,19.293253,-6.2394524,72.16945,-9.46354,-15.000033,-101.26818,-25.312231,2.413136,93.59001,-30.263252,12.452639,2.603064,8.84541,29.793802,-87.10766,14.706607,-52.982468,70.2016,-47.402943,-11.212399,27.36458,-85.95641,-30.844463,58.497944,62.233677,20.107723,-0.81338584,-34.738937
143,247.4286346435547,36.304264068603516,69.32232666015625,38.76550023554658,64.49985121510255,59.43011650594742,-103.64926,19.169012,-5.839582,70.54226,-8.244619,-15.000033,-100.42191,-25.039669,2.1168218,91.26762,-29.524956,12.465706,2.8003962,9.38393,29.793802,-87.160645,14.204478,-52.620457,69.747665,-47.387844,-10.858565,26.828825,-86.12535,-30.729132,58.27254,62.962975,21.903393,-0.99782056,-32.83148
144,247.2796173095703,36.70694351196289,70.1319351196289,36.207967676532725,64.73274003802658,56.980162496812525,-102.272575,19.396704,-5.8723598,68.978935,-7.252876,-15.000033,-99.11512,-25.456772,0.72497565,89.36481,-28.523706,12.030677,3.3756604,10.29563,29.793802,-86.976395,13.533078,-51.824482,68.94778,-47.593227,-10.0485115,26.244513,-85.748085,-30.66377,58.323677,63.970177,22.840134,-1.30046,-32.35719
145,247.06204223632812,37.1046028137207,70.99468994140625,34.84305398484822,64.685479150106,55.48827752142991,-100.74883,19.006235,-5.4723873,67.24387,-6.138512,-15.000033,-97.92079,-25.36685,0.4468157,87.099304,-27.534267,11.791577,3.633012,10.912986,29.793802,-86.86284,12.759072,-51.101765,68.18503,-47.589203,-9.359973,25.69984,-85.6513,-30.676851,58.40461,64.63872,23.684364,-1.0729054,-30.389944
146,246.77720642089844,37.46709060668945,71.72354125976562,32.42958616178023,64.73187665198296,53.07867079924325,-99.517914,19.199541,-5.4982204,65.93589,-5.3784885,-15.000033,-96.54348,-25.194841,-0.43824401,85.01138,-26.809488,11.780937,4.256793,11.792372,29.793802,-86.72352,11.93637,-50.1933,67.5046,-47.560383,-8.921049,24.89924,-85.21639,-30.767433,58.20404,65.20609,24.834219,-1.4794587,-30.019463
147,246.41465759277344,37.796875,72.5379867553711,30.571503366233667,64.52153202821748,50.87293667909551,-97.941185,19.15145,-5.078504,64.43255,-4.5706277,-15.000033,-95.17731,-24.634972,-0.5089322,82.58179,-26.023169,11.844484,4.639549,12.3726015,29.793802,-86.5592,11.118533,-49.47313,66.94675,-48.171577,-8.825884,25.24256,-84.78134,-30.867239,57.73879,65.34432,24.915625,-1.2050613,-28.657621
148,245.97268676757812,38.08121871948242,73.29824829101562,28.566856895262045,63.75714071179925,48.51920891750825,-96.2417,19.046907,-4.6078973,63.41149,-3.568687,-15.000033,-93.72038,-24.39441,-0.46544558,80.78678,-25.222204,11.932649,4.84465,12.795155,29.793802,-86.260445,10.266555,-48.32453,66.152275,-49.195896,-8.372031,25.190306,-84.073616,-30.913992,57.05763,65.38474,26.028273,-0.63984054,-27.537865
149,245.464111328125,38.31350326538086,74.01639556884766,26.384373994581118,62.82521784892285,46.0547370565929,-94.44991,18.916702,-4.366356,62.355278,-3.0388644,-15.000033,-92.08157,-24.48122,-0.86885285,79.10907,-24.500713,11.94284,5.190824,13.301922,29.793802,-85.897804,9.3740015,-47.289886,65.47706,-49.81772,-7.8016925,24.968355,-83.467224,-30.979414,56.222794,65.6694,26.914822,-0.3653963,-27.070105
150,244.89657592773438,38.49064254760742,74.77857208251953,24.449282991341498,61.69455767166354,43.69301374279915,-92.49052,18.851809,-3.9154062,61.215977,-2.2848268,-15.000033,-90.40765,-24.029963,-0.67258966,77.294334,-23.504482,12.223145,5.4843984,13.734019,29.793802,-85.49976,8.475731,-46.2,64.851616,-50.71147,-7.2456975,24.782434,-82.784966,-31.040354,55.523754,65.78871,27.365885,0.0797706,-25.907412
151,244.27957153320312,38.62346649169922,75.48908233642578,22.467650779232937,60.33689625093292,41.570303501391905,-90.47948,18.770302,-3.6560984,59.951675,-1.7989914,-15.000033,-88.4939,-24.249306,-1.2431041,75.72216,-23.176735,12.078457,5.638266,14.135052,29.793802,-85.19697,7.588247,-45.192356,64.35008,-50.96832,-6.7030587,23.604174,-82.23944,-31.131495,54.794476,65.82051,28.054653,0.24245566,-24.748251
152,243.62733459472656,38.72014236450195,76.12496185302734,20.536562921889143,58.81954468462176,39.23465475012964,-88.416824,18.501211,-3.6862905,59.05716,-1.4286525,-15.000033,-86.76042,-24.063034,-1.2890427,74.50645,-22.412493,12.092403,5.83196,14.375685,29.793802,-84.822945,6.7180386,-43.895916,63.726128,-50.10743,-5.4818377,23.282034,-81.30846,-31.18238,53.503544,65.57414,28.634462,0.65270776,-24.14512
153,242.95303344726562,38.781593322753906,76.81462097167969,19.38233178224931,56.972160868894065,37.66540909542945,-86.271675,18.307133,-3.0720258,58.253677,-0.75001085,-15.000033,-84.880554,-24.356201,-1.288899,73.30699,-21.893286,11.9604645,5.787902,14.4230175,29.793802,-84.47054,5.9718165,-43.08355,63.62737,-50.31862,-4.8432827,22.767616,-80.4829,-31.187912,52.684597,65.1321,28.54455,1.4455463,-23.34911
154,242.27227783203125,38.82573699951172,77.43169403076172,18.274610769111135,55.44171440600391,36.17606777107522,-84.15757,17.919716,-2.8535223,56.963833,-0.102107644,-15.000033,-83.10946,-24.720127,-1.6666467,71.91401,-21.208479,11.818044,5.6857533,14.331124,29.793802,-84.125565,5.254628,-42.26821,63.554394,-49.948776,-3.821134,21.908636,-79.6593,-31.107378,51.711792,64.67048,28.39686,2.3268423,-22.978035
155,241.57762145996094,38.86140441894531,78.08708190917969,17.102266987435197,53.551909242207195,34.82666196901864,-81.778946,17.778248,-2.3567796,55.604588,0.45373952,-15.000033,-80.99918,-24.866478,-1.8925838,70.6207,-20.672222,11.768281,5.4214215,14.0508,29.793802,-83.86954,4.6528726,-41.34835,63.98249,-50.025627,-2.5044205,20.743597,-78.93583,-30.954092,50.89348,64.631935,28.633144,2.8295116,-21.88189
156,240.88165283203125,38.901527404785156,78.75737762451172,17.22178289292013,52.36244515133407,34.361065892152425,-79.46833,17.096786,-1.1955115,53.164658,1.5888712,-15.000033,-79.555984,-24.892298,-1.2695065,68.45196,-20.016632,11.574911,5.217117,13.739864,29.793802,-83.70732,4.1270266,-41.240482,64.485825,-49.224823,-1.5677688,20.411575,-78.71335,-30.750542,50.90366,65.09364,27.92472,3.3063464,-19.928797
157,240.1673126220703,38.92903518676758,79.39361572265625,16.22600990943188,50.22046734388559,32.78749621784192,-76.858025,16.943321,-0.6380255,52.15236,2.3054574,-15.000033,-77.44007,-25.59934,-1.8198099,67.43413,-19.259514,11.650761,4.9303703,13.391987,29.793802,-83.61739,3.7020192,-40.797943,65.19851,-49.831566,-1.0635433,19.241232,-77.97305,-30.453339,50.261665,65.0441,28.61924,3.8246722,-20.416754
158,239.449951171875,38.96634292602539,80.04986572265625,15.510905348628658,48.42601956625949,31.709926217717715,-74.54783,16.508362,-0.37407395,50.67247,3.0032642,-15.000033,-75.42848,-25.55712,-1.7397578,65.83382,-18.553286,11.662539,4.7459474,13.127275,29.793802,-83.783806,3.4043348,-40.79543,66.00118,-49.204857,-0.25259995,18.24182,-77.75031,-30.149982,50.306267,65.42956,28.526539,4.056435,-19.758728
159,238.72146606445312,39.02132034301758,80.71607971191406,15.197995150222862,46.84654869740465,31.088818704508405,-72.22014,16.05926,0.42077437,48.61092,4.1484103,-15.000033,-73.51552,-25.90131,-1.8716198,63.950306,-17.555649,11.61966,4.268925,12.6561365,29.793802,-83.94736,3.2266705,-40.413563,66.78924,-49.2813,0.43840703,17.481846,-77.65898,-29.81834,49.83071,65.519554,28.561167,4.658979,-18.612913
160,237.9950714111328,39.078163146972656,81.35845947265625,14.639523423636101,45.35804339127051,30.367110251095948,-70.10817,16.17079,1.4828967,46.800163,5.214302,-15.000033,-71.43947,-26.320444,-2.6080694,61.911434,-16.780552,11.593304,3.8989084,12.18393,29.793802,-84.19308,3.181813,-40.5754,67.73568,-49.018463,0.787933,17.003208,-77.581154,-29.47666,49.889217,65.720894,27.950846,5.3891053,-17.844698
161,237.2701416015625,39.1378059387207,81.9356460571289,13.620737108891396,43.5166044542375,29.08040862068483,-67.78802,16.507715,2.177465,45.575512,5.999037,-15.000033,-69.1709,-26.54184,-3.4729974,60.398014,-15.607284,11.842111,3.4915538,11.549802,29.793802,-84.4081,3.2789896,-40.894978,68.94506,-48.809757,1.2014934,16.908802,-77.52134,-29.0754,50.159946,65.94161,27.793922,5.94142,-16.879456
162,236.57421875,39.19071960449219,82.45699310302734,12.81579478812104,42.03305500662367,28.133290675303417,-65.67955,16.751328,2.8351128,43.90656,6.7387366,-15.000033,-67.062454,-26.42099,-4.0431747,58.47483,-14.755155,12.222924,3.0366018,10.897002,29.793802,-84.68333,3.4808288,-40.66857,69.832146,-48.586502,1.8788418,16.565657,-77.516914,-28.63187,49.861603,65.76088,27.876755,6.5626082,-16.237442
163,235.9171600341797,39.232574462890625,83.02803802490234,12.108278329382138,40.58706373990227,27.063299470559457,-63.426594,16.813402,3.3598914,42.048737,7.710495,-15.000033,-65.09592,-26.326704,-4.579563,56.557568,-13.548387,12.32323,2.7231858,10.569332,29.793802,-85.33852,3.7340293,-40.64737,70.784515,-48.514,2.5561917,16.006554,-77.98931,-28.207308,50.502705,66.343544,28.215744,6.46664,-15.013382
164,235.32003784179688,39.256412506103516,83.5346450805664,11.771841841703722,39.174485366653435,26.524027480696898,-61.351482,16.623629,3.8384883,40.199833,8.560194,-15.000033,-63.16591,-26.43648,-5.0203614,54.748795,-12.525872,12.484757,2.366283,10.121574,29.793802,-86.04492,4.056636,-41.026123,71.92553,-47.87964,3.1760683,14.985476,-78.42469,-27.792835,50.95176,66.586914,27.87001,7.1044264,-14.613893
165,234.79635620117188,39.26713943481445,83.98959350585938,11.761744171161467,37.983498030008626,26.536475375013644,-59.395054,16.384579,4.7519574,37.94745,9.304281,-15.000033,-61.330425,-26.609243,-5.2989244,52.829735,-11.679796,12.613776,2.1785417,9.799788,29.793802,-86.99215,4.459005,-41.258198,72.99958,-48.06372,3.5689871,14.1881485,-78.86761,-27.377628,51.342667,66.95953,27.925276,6.803279,-13.847601
166,234.35787963867188,39.26564025878906,84.49412536621094,11.699800811780765,36.85941509713332,26.114543084810492,-57.386093,16.011633,5.2246857,35.882416,10.25381,-15.000033,-59.520725,-26.668575,-5.587475,50.72609,-10.365603,12.743068,1.8398029,9.420863,29.793802,-87.80318,4.878897,-41.894157,73.9229,-48.145267,3.8105955,13.775276,-79.356705,-26.930523,51.290535,67.09129,28.807787,7.286196,-13.910654
167,234.01295471191406,39.25220489501953,84.95101928710938,11.575920111905408,35.916596936313496,25.702322219918507,-55.303173,16.037178,6.1619124,33.500313,10.531971,-15.000033,-57.70631,-26.364727,-5.6316214,48.39574,-9.333902,12.760022,1.4738355,9.029061,29.793802,-88.80053,5.3806005,-42.353092,75.11574,-49.069866,3.793051,13.469379,-80.17647,-26.473776,51.44998,67.076004,28.343899,7.6557956,-12.897147
168,233.74462890625,39.250186920166016,85.38272857666016,11.304594366441384,35.14332072593351,25.329082279811505,-53.39058,16.115788,6.9565907,31.093,11.557762,-15.000033,-56.01012,-26.155743,-6.11875,46.294964,-7.9879675,13.011095,1.2895545,8.827622,29.793802,-89.80419,5.9389644,-42.519974,75.841774,-49.0939,4.219133,12.831474,-81.04493,-26.07306,51.85097,67.6114,28.18715,7.3844132,-12.106988
169,233.54957580566406,39.25012969970703,85.72337341308594,11.32685894430329,34.62040952047698,25.01077213234596,-51.949795,15.902479,7.4365005,29.260525,12.125516,-15.000033,-54.72408,-25.922976,-6.0769367,44.269173,-6.6761584,13.361062,0.8901065,8.508624,29.793802,-90.65451,6.463866,-42.814037,76.45852,-50.23233,4.439645,12.245196,-82.098145,-25.663267,52.20001,67.64527,28.806864,7.7241898,-11.425019
170,233.40335083007812,39.2476806640625,85.98204803466797,11.685790939824495,33.93388941135402,24.896893382362347,-50.536995,15.475077,8.03389,27.883636,12.671764,-15.000033,-53.371307,-26.115055,-5.9996276,42.433094,-5.698735,13.682522,0.39617926,8.130674,29.793802,-91.340225,6.9594064,-43.663303,77.32979,-51.491066,4.3347287,11.76421,-83.17891,-25.24031,52.62233,67.49853,28.4466,7.998343,-10.551847
171,233.29348754882812,39.246368408203125,86.14691925048828,11.682334283544906,33.54437296191908,24.711954381052582,-49.50386,15.459323,8.524918,26.637913,12.705558,-15.000033,-52.455524,-26.014303,-6.050583,41.148197,-5.1300135,13.874959,0.10937821,7.902162,29.793802,-92.1989,7.408349,-44.126987,78.329636,-52.45325,4.60939,10.819771,-84.49849,-24.825565,53.042507,68.06607,28.214937,8.033661,-9.508035
172,233.19277954101562,39.24061965942383,86.29931640625,11.544171348498818,33.00428074643963,24.503052216298645,-48.440712,15.6348505,9.148022,25.656227,12.937764,-15.000033,-51.467873,-25.883415,-6.1708198,40.17852,-4.604827,14.018254,-0.066064455,7.8819046,29.793802,-92.74354,7.754899,-44.576874,78.70936,-52.149982,4.701298,10.422265,-85.28894,-24.37726,53.169468,68.582954,28.296764,8.203912,-9.087572
173,233.09503173828125,39.226036071777344,86.36566162109375,11.688859148715832,32.389876787282255,24.56387093444086,-47.54375,15.401311,9.412947,24.922611,13.366672,-15.000033,-50.783733,-26.12693,-6.1346126,39.866344,-4.508087,13.971695,-0.30455542,7.8181186,29.793802,-93.374695,8.015523,-45.45987,79.58825,-53.391186,4.7690263,9.814809,-85.80874,-23.941595,54.015842,69.33908,29.111753,7.4789705,-9.548684
174,232.99839782714844,39.197174072265625,86.42086029052734,11.61942680651036,32.06340612906698,24.435468334977443,-46.98516,15.685838,10.174797,24.477045,13.6578455,-15.000033,-50.32342,-25.94723,-5.9613986,39.379036,-4.2473397,14.260959,-0.45117384,7.8993993,29.793802,-93.96285,8.206561,-45.905636,80.225655,-53.392323,4.8245234,9.717432,-86.8593,-23.505772,54.171852,70.174255,29.675886,7.5242367,-8.545198
175,232.90057373046875,39.157684326171875,86.44522857666016,11.932768666124657,31.866362923928076,24.520042657772407,-46.564304,15.290012,10.218155,23.809238,14.014662,-15.000033,-50.02479,-26.297277,-6.0200577,38.824703,-4.039027,14.240315,-0.6807519,7.808844,29.793802,-94.366425,8.362674,-46.25443,80.856865,-53.7934,4.786156,9.286684,-87.38012,-23.08627,54.311924,70.91696,29.5364,7.2870736,-8.503789
176,232.80174255371094,39.10274887084961,86.47166442871094,12.07496288433569,31.61414479604983,24.473660521950123,-46.431763,15.3044195,10.480448,23.955166,14.209909,-15.000033,-49.79637,-26.449701,-6.007395,38.536766,-3.666761,14.227675,-0.73142666,7.9342136,29.793802,-94.61167,8.450585,-46.806095,81.24019,-53.4738,4.674712,8.959884,-87.99225,-22.672657,54.57423,71.54867,29.080168,7.428545,-8.226851
177,232.7064208984375,39.04502868652344,86.49215698242188,12.167936425531632,31.467475464167727,24.375967090654285,-46.311172,15.310574,10.6451025,23.914614,14.287598,-15.000033,-49.708744,-26.413065,-5.7766786,38.252636,-3.549251,14.293776,-0.8737564,7.951108,29.793802,-94.855545,8.497037,-47.064735,81.70006,-53.994003,4.7430067,8.509173,-88.58846,-22.264109,54.70216,72.04389,29.723776,7.507905,-7.329568
178,232.61753845214844,38.98862075805664,86.4879379272461,12.331783356474324,31.397511821199256,24.407689725187552,-46.303627,15.243284,10.738933,23.835182,14.343277,-15.000033,-49.69703,-26.6216,-5.863438,38.068027,-3.5567687,14.215499,-0.9583314,7.987146,29.793802,-95.02797,8.507165,-47.314713,82.04025,-54.182014,4.794593,8.205715,-89.006516,-21.875948,54.867554,72.37988,29.295605,7.6698403,-6.9681683
179,232.5345458984375,38.94282150268555,86.49092102050781,12.490978579377424,31.313631664481093,24.43463717394596,-46.335365,15.200601,10.894338,23.897728,14.473611,-15.000033,-49.744423,-26.775467,-5.7947373,37.995083,-3.4181,14.048622,-1.033444,8.044251,29.793802,-95.0697,8.490363,-47.434864,82.25282,-54.290184,4.677366,8.03544,-89.27894,-21.499868,54.99603,72.562126,29.247534,7.4755692,-6.581044
180,232.46371459960938,38.910953521728516,86.47884368896484,12.565485438593454,31.345394372491388,24.438633190958146,-46.484528,15.168156,10.802971,23.915752,14.451524,-15.000033,-49.92116,-26.922125,-5.8977714,38.037945,-3.3954492,13.882114,-1.0454286,8.140852,29.793802,-95.11013,8.447518,-47.64518,82.44832,-54.491627,4.697112,7.8721557,-89.56148,-21.150585,55.218895,72.80593,29.332546,7.513171,-6.382498
181,232.4005889892578,38.89723205566406,86.47459411621094,12.56604304759129,31.32752828208635,24.408352165378975,-46.467815,15.201379,10.867638,23.764679,14.455328,-15.000033,-49.96874,-27.027224,-6.0589705,38.01526,-3.393574,13.86396,-1.1508309,8.086565,29.793802,-95.12859,8.419047,-47.618435,82.64261,-55.13399,4.600776,7.803816,-89.784904,-20.814795,55.042034,72.79215,29.038378,7.817053,-6.278132
182,232.3518524169922,38.89482498168945,86.47962951660156,12.535731597245551,31.372361647915508,24.331951994992366,-46.517525,15.221726,10.754442,23.66616,14.443679,-15.000033,-49.996307,-27.019068,-6.1338573,37.830296,-3.3475182,13.93457,-1.2502028,8.041094,29.793802,-95.15923,8.384794,-47.78658,82.90114,-55.481045,4.5732336,7.800715,-89.93007,-20.492077,54.90326,72.827545,29.229465,7.9452896,-6.284631
183,232.31356811523438,38.90178680419922,86.4517822265625,12.585812446108932,31.365217849597784,24.308415641323318,-46.582966,15.234705,10.807323,23.755857,14.430034,-15.000033,-50.141487,-27.146658,-6.134498,37.97579,-3.413319,13.879682,-1.3034444,8.026965,29.793802,-95.11658,8.3591585,-47.96013,83.048134,-55.889885,4.3237667,7.7869105,-89.9442,-20.19669,54.838673,72.94721,29.552242,7.7564273,-6.4374876
184,232.2885284423828,38.91440963745117,86.44097900390625,12.518089981789064,31.502493436526358,24.176875868465018,-46.617638,15.276198,10.714879,23.521841,14.366308,-15.000033,-50.228786,-27.111074,-6.2613535,37.754826,-3.462028,13.93359,-1.4030807,7.9548674,29.793802,-95.22581,8.366574,-47.918,83.19849,-55.902187,4.4116163,7.669994,-90.15775,-19.931122,54.628872,72.978424,29.015871,7.9616156,-6.167888
185,232.27481079101562,38.92082977294922,86.42853546142578,12.530216948636204,31.398333255736244,24.24437376287507,-46.509327,15.315189,10.842969,23.406929,14.410867,-15.000033,-50.21769,-27.201035,-6.2614136,37.933334,-3.5858932,13.838468,-1.4922656,8.02244,29.793802,-95.15706,8.36387,-48.14143,83.13959,-56.267002,4.2900243,7.5562525,-90.02876,-19.712254,54.80037,73.021515,28.9284,7.713795,-6.707094
186,232.27508544921875,38.921852111816406,86.41224670410156,12.51662653688236,31.42016050701253,24.16411042990888,-46.53411,15.378558,10.853355,23.43293,14.429238,-15.000033,-50.336666,-27.239607,-6.2960534,38.055115,-3.54213,13.825003,-1.4938428,8.057673,29.793802,-95.20798,8.373443,-48.00587,83.16783,-56.292183,4.32002,7.8204904,-90.07328,-19.527296,54.88172,73.08218,28.889034,7.589905,-6.458579
187,232.29019165039062,38.91339111328125,86.41648864746094,12.538227171897024,31.5076237849389,24.17319356669818,-46.540764,15.410524,10.892043,23.2468,14.425313,-15.000033,-50.393513,-27.246595,-6.3333406,37.955986,-3.5533595,13.800538,-1.528824,8.055397,29.793802,-95.2569,8.39305,-47.936157,83.137215,-56.317577,4.3034534,7.872249,-90.166275,-19.373205,54.846706,73.1333,28.858692,7.658,-6.4045095
188,232.31256103515625,38.90120315551758,86.42823791503906,12.624147654515438,31.57666870755029,24.270705793269194,-46.56486,15.304614,10.792461,23.038233,14.502146,-15.000033,-50.388794,-27.35049,-6.4470434,37.81037,-3.5741591,13.718903,-1.5782033,8.008315,29.793802,-95.26106,8.420102,-47.890728,83.028755,-55.807487,4.1851625,7.6602025,-90.33574,-19.240513,54.67176,73.253876,28.618774,7.7405224,-6.146744
189,232.33981323242188,38.882568359375,86.43760681152344,12.825151333486069,31.608345786026852,24.379053348971258,-46.593605,15.04367,10.535787,22.919298,14.648733,-15.000033,-50.40394,-27.540907,-6.457226,37.68972,-3.5872018,13.610035,-1.5766109,8.004742,29.793802,-95.26103,8.417817,-47.992138,83.0275,-55.66668,4.2830234,7.3261733,-90.416695,-19.124992,54.809,73.382576,28.537798,7.308967,-6.27727
190,232.3647918701172,38.8657112121582,86.43095397949219,12.923067113753152,31.643207944307907,24.3976324767556,-46.520466,14.94549,10.513172,22.684593,14.663858,-15.000033,-50.477352,-27.601429,-6.388919,37.68166,-3.7133977,13.42271,-1.5497051,7.9678206,29.793802,-95.20072,8.409915,-48.233047,83.096725,-55.84347,4.036855,7.348418,-90.46177,-18.981857,54.723614,73.5407,28.529995,7.5635324,-5.791818
191,232.38394165039062,38.8437614440918,86.45541381835938,12.772431668371619,31.5316741603525,24.23546246039629,-46.513317,15.075757,10.267302,22.934677,14.833251,-15.000033,-50.412525,-27.521917,-6.499104,37.867634,-3.657486,13.338731,-1.4627973,8.020266,29.793802,-95.099045,8.386858,-48.136642,83.27389,-56.110245,4.0996757,7.507108,-90.34004,-18.826313,54.78508,73.784294,29.60336,7.505826,-5.893815
192,232.4014129638672,38.821712493896484,86.45072937011719,12.731602398831043,31.60564603488827,24.243767637465734,-46.633564,15.121114,10.111474,22.94655,14.818344,-15.000033,-50.533714,-27.573502,-6.7068844,38.04344,-3.601116,13.265394,-1.3556713,8.1243105,29.793802,-95.14192,8.353986,-48.045616,83.25383,-55.73855,3.9990017,7.3157964,-90.50969,-18.71146,54.990437,74.18951,29.942595,7.3922253,-5.431948
193,232.41275024414062,38.7923583984375,86.45716094970703,12.675002578228195,31.46413023429945,24.2120359329014,-46.553104,15.222059,10.086806,23.055563,14.841732,-15.000033,-50.468838,-27.686764,-6.957924,38.335293,-3.5608065,13.16927,-1.3208354,8.186737,29.793802,-94.9839,8.30187,-48.041508,83.35234,-55.374424,3.9833367,7.383296,-90.4732,-18.611643,54.8996,74.50421,30.491169,7.269338,-5.396613
194,232.4270477294922,38.76024627685547,86.44140625,12.65079122776946,31.403036496697936,24.20060705380052,-46.55505,15.264367,9.983682,23.12538,14.907397,-15.000033,-50.498302,-27.696308,-6.9894943,38.55727,-3.6485207,13.1130085,-1.2539346,8.242198,29.793802,-94.951584,8.252369,-48.201824,83.469246,-55.151394,3.8805056,7.253132,-90.51179,-18.535471,55.230644,74.86109,30.454906,7.031101,-5.0760455
195,232.44993591308594,38.719764709472656,86.44086456298828,12.572387213200505,31.306198851133676,24.10788685926169,-46.48995,15.361464,9.826317,23.201578,14.908458,-15.000033,-50.466007,-27.652557,-7.062247,38.759865,-3.7444859,13.116946,-1.1741811,8.275478,29.793802,-94.9247,8.207738,-48.213333,83.59028,-54.590042,4.134203,7.1091156,-90.50071,-18.469173,55.381065,75.03095,30.615246,7.0003905,-5.166229
196,232.48226928710938,38.67970275878906,86.40984344482422,12.656898343331664,31.13407859622303,24.152977789449746,-46.39435,15.369786,9.897033,23.358051,14.937463,-15.000033,-50.44258,-27.76887,-7.0069237,39.091034,-3.9244988,13.043396,-1.1563345,8.2766695,29.793802,-94.82847,8.174448,-48.259193,83.58143,-54.413227,4.1489673,7.0718293,-90.45747,-18.42958,55.52831,75.284195,30.740261,6.900559,-5.1656055
197,232.53500366210938,38.64204406738281,86.41984558105469,12.67787795659308,31.252859525031766,24.127822540912458,-46.41711,15.376615,9.792559,23.200823,14.92287,-15.000033,-50.476917,-27.631195,-6.9117637,38.903984,-4.001011,13.071802,-1.1121758,8.286623,29.793802,-94.98134,8.16888,-48.18465,83.70093,-54.519245,4.181829,7.277088,-90.60375,-18.40981,55.428078,75.236626,30.728281,7.021354,-5.119527
198,232.59780883789062,38.60974884033203,86.42208862304688,12.796740085762396,31.228900782875105,24.24348841434342,-46.33151,15.276506,9.752871,23.040962,15.016974,-15.000033,-50.397892,-27.751705,-6.9707923,38.886208,-4.1185613,12.914794,-1.1394042,8.273657,29.793802,-94.93183,8.149198,-48.371075,83.73206,-54.225636,4.2903476,7.1291695,-90.60079,-18.378988,55.665073,75.37102,30.123642,6.9096336,-4.9032273
199,232.67056274414062,38.585899353027344,86.4123764038086,12.951669632853308,31.315243296191248,24.48205883016648,-46.368454,15.028379,9.451306,22.751667,15.044881,-15.000033,-50.396286,-27.78599,-6.845802,38.800945,-4.410941,12.8297,-1.2187808,8.248634,29.793802,-95.00668,8.127244,-48.46096,83.73516,-54.412697,4.2481766,6.860938,-90.78278,-18.352161,55.466415,75.47651,29.94129,6.955414,-4.775214
200,232.74407958984375,38.56235122680664,86.427001953125,12.779697170111339,31.343001115586617,24.394402360946636,-46.31356,15.247656,9.384894,22.663988,15.060913,-15.000033,-50.220898,-27.490398,-6.838497,38.605778,-4.5065303,12.952518,-1.167934,8.24384,29.793802,-94.99156,8.11228,-48.434185,83.8629,-54.167873,4.411935,6.7356496,-90.66898,-18.314674,55.268803,75.3463,29.937346,7.0226936,-4.8015695
201,232.81414794921875,38.54029083251953,86.43135070800781,12.750027490128824,31.33426723460228,24.34823007670568,-46.18512,15.278395,9.259006,22.503605,14.901647,-15.000033,-50.138256,-27.445375,-6.8980794,38.599297,-4.4903255,12.9395685,-1.1298966,8.232793,29.793802,-94.949715,8.097713,-48.482666,83.9557,-54.271477,4.4433255,6.4460645,-90.592285,-18.267431,55.23144,75.36328,30.03201,7.08079,-4.5355043
202,232.87696838378906,38.517391204833984,86.43142700195312,12.837747149210601,31.313026635523748,24.39358203010049,-46.113857,15.212019,9.201933,22.43944,14.907548,-15.000033,-50.100777,-27.519306,-6.903022,38.637268,-4.497169,12.903806,-1.1302209,8.207927,29.793802,-94.92317,8.090743,-48.415455,83.94498,-54.05697,4.5141497,6.422018,-90.56685,-18.234224,55.184196,75.3629,29.773354,7.119681,-4.4175196
203,232.9324188232422,38.4935302734375,86.4281005859375,12.842544278966303,31.257958269505327,24.457133388957192,-46.082558,15.228959,9.159795,22.459137,14.88601,-15.000033,-50.102207,-27.600388,-7.010907,38.90307,-4.521992,12.782875,-1.1470329,8.21202,29.793802,-94.84221,8.080077,-48.408913,83.882965,-53.854065,4.578196,6.5396028,-90.51192,-18.205,55.23475,75.419426,29.699772,7.0709634,-4.324461
204,232.98785400390625,38.458961486816406,86.4404067993164,12.770249642190063,31.193686914304653,24.221147666890946,-45.894485,15.4275675,9.273865,22.499796,14.775874,-15.000033,-50.03977,-27.5703,-7.157144,38.966694,-4.3018837,12.840738,-1.0248667,8.242493,29.793802,-94.736275,8.072199,-48.22084,84.028404,-53.268345,4.81105,6.802548,-90.38672,-18.163881,55.237392,75.37961,29.565945,7.2077727,-4.1338806
205,233.04214477539062,38.431732177734375,86.4856948852539,12.798974189537525,31.205735240065543,24.2793636720043,-45.829758,15.33883,9.118147,22.286497,15.184614,-15.000033,-49.915047,-27.60478,-7.313925,38.814377,-4.2392364,12.73085,-1.0500207,8.262555,29.793802,-94.70086,8.056354,-48.091263,83.95222,-52.45406,4.864017,6.897495,-90.40764,-18.124428,55.446793,75.5482,29.02124,6.878892,-3.863127
206,233.10179138183594,38.40042495727539,86.50457000732422,12.773634473300989,31.18518840192003,24.181729118973802,-45.776237,15.410593,9.020741,22.35461,15.16495,-15.000033,-49.784824,-27.65424,-7.5810313,38.73993,-4.242357,12.676327,-1.0259055,8.256054,29.793802,-94.58316,8.048972,-47.998913,83.94953,-51.955315,4.8045096,6.875409,-90.35584,-18.09301,55.302254,75.539314,28.797113,7.1463714,-4.0475554
207,233.16539001464844,38.37205123901367,86.5113525390625,12.812863190880439,31.102716092998477,24.099240174351774,-45.7054,15.491668,9.079566,22.572939,15.062685,-15.000033,-49.71985,-27.713903,-7.6288614,38.840324,-4.2128344,12.58779,-0.99808973,8.262853,29.793802,-94.41252,8.0416565,-47.92952,83.897224,-51.673187,4.740121,7.1103663,-90.24132,-18.07292,55.33511,75.466,28.30346,7.4110765,-4.111381
208,233.23426818847656,38.354251861572266,86.52600860595703,12.816297415413489,31.105743064292913,24.009595163567962,-45.648136,15.521044,8.998727,22.604187,15.120295,-15.000033,-49.70595,-27.613478,-7.5011816,38.82703,-4.213521,12.5466,-0.96220624,8.330616,29.793802,-94.27975,8.029084,-47.95933,83.82815,-51.661587,4.625473,7.405783,-90.176384,-18.044895,55.388683,75.42569,28.479294,7.2470684,-4.083188
209,233.30789184570312,38.34186553955078,86.5276107788086,12.753824693752495,31.109947175269802,23.948800872894047,-45.629494,15.6284895,8.895615,22.669088,14.995585,-15.000033,-49.647995,-27.594297,-7.6524224,38.889057,-4.19151,12.54241,-0.9679324,8.307705,29.793802,-94.1862,8.005191,-47.774136,83.742065,-51.187206,4.7730503,7.3880844,-90.089584,-17.994528,55.342247,75.33038,28.098406,7.183629,-4.2178416
210,233.3828887939453,38.33442306518555,86.5284423828125,12.648645306506072,31.077757567123115,23.781913130599527,-45.578064,15.800694,8.873166,22.848585,15.029139,-15.000033,-49.545826,-27.460892,-7.662897,38.884727,-4.230457,12.633903,-0.9486096,8.2915325,29.793802,-93.98747,7.980768,-47.67553,83.74657,-51.184273,4.709369,7.8123317,-89.907425,-17.9416,55.183414,75.19858,28.077517,7.207171,-4.2049212
211,233.4605712890625,38.324363708496094,86.5222396850586,12.533416940975558,31.043270332627706,23.60168416731901,-45.5159,15.939438,8.716636,23.000004,14.93739,-15.000033,-49.42243,-27.407206,-7.8399367,38.90318,-4.2923126,12.731076,-0.9621846,8.211464,29.793802,-93.83643,7.9471345,-47.47331,83.79014,-51.209198,4.7634077,7.834908,-89.73753,-17.835482,54.989475,75.0344,28.100342,7.3271337,-4.2063146
212,233.54168701171875,38.31011962890625,86.5298843383789,12.639448369098217,31.18895182082075,23.66900371174359,-45.603973,15.862579,8.608776,22.923647,14.8809185,-15.000033,-49.383327,-27.450289,-7.9227176,38.61616,-4.3135667,12.744861,-1.0408585,8.070022,29.793802,-93.84899,7.934212,-47.313076,83.6786,-50.632187,4.863136,7.7423415,-89.78251,-17.748953,54.697754,75.00903,27.739862,7.230725,-4.0551257
213,233.61622619628906,38.28443145751953,86.53845977783203,12.736557922726512,31.087812491700294,23.740541496448675,-45.48237,15.871019,8.704314,22.950869,14.818243,-15.000033,-49.303387,-27.496515,-7.813673,38.745064,-4.3640785,12.685689,-1.136741,8.030839,29.793802,-93.58713,7.919983,-47.24846,83.48172,-50.655777,4.962101,7.8007016,-89.61286,-17.71308,54.7474,74.904594,27.658646,7.1099677,-3.9595048
214,233.68666076660156,38.25401306152344,86.53636932373047,12.886285413894758,31.065023999804605,23.782944818179033,-45.45375,15.775552,8.64116,23.007278,14.756336,-15.000033,-49.280766,-27.610277,-7.780209,38.76646,-4.45822,12.667298,-1.2022125,7.9656916,29.793802,-93.44557,7.8950715,-47.22362,83.43072,-50.755527,4.95593,7.7722554,-89.54974,-17.643953,54.69499,74.84001,27.457495,7.0629907,-4.1210604
215,233.74986267089844,38.220947265625,86.5315933227539,12.849166508348853,31.057436077728752,23.68805393391837,-45.43682,15.829331,8.445632,23.087217,14.565181,-15.000033,-49.284428,-27.544834,-7.786322,38.875534,-4.514147,12.688717,-1.1992605,7.9242682,29.793802,-93.33046,7.8670864,-47.09202,83.4651,-50.97079,5.0352035,7.82792,-89.42363,-17.55229,54.557697,74.74966,27.624174,7.0941176,-4.218797
216,233.8035125732422,38.18992614746094,86.5308609008789,12.75946302148757,31.05653240979379,23.62060004641813,-45.34633,16.053242,8.647671,22.996536,14.722515,-15.000033,-49.20465,-27.384909,-7.773122,38.820637,-4.676895,12.627851,-1.2450773,7.862723,29.793802,-93.19991,7.8480062,-47.128326,83.4441,-51.074398,4.8642774,7.741959,-89.228935,-17.456812,54.519585,74.70159,27.193802,7.127436,-4.1354094
217,233.8492889404297,38.158653259277344,86.52145385742188,12.832010269897669,30.99353529342364,23.67436040037367,-45.258213,16.114609,8.829621,22.979637,14.686832,-15.000033,-49.21857,-27.547506,-7.893322,39.065254,-4.7682595,12.492749,-1.324823,7.812417,29.793802,-93.081985,7.82131,-47.051067,83.42915,-51.22195,5.015325,7.8678603,-89.078094,-17.361723,54.644554,74.7568,26.919683,7.242167,-4.2514133
218,233.88490295410156,38.13802719116211,86.51663970947266,12.972777344738368,30.97600564949228,23.796965046252186,-45.23268,15.988773,8.793398,22.881102,14.656839,-15.000033,-49.15202,-27.7467,-8.030674,39.018436,-4.961247,12.412879,-1.4465722,7.699193,29.793802,-92.99234,7.8062434,-47.020638,83.35507,-51.52838,4.8996587,7.8141227,-88.955795,-17.278667,54.321182,74.79881,26.454197,7.5568433,-4.476163
219,233.91029357910156,38.122562408447266,86.52469635009766,12.92503039720786,30.997078393628506,23.6905205247647,-45.20713,16.164991,8.936796,22.90072,14.600167,-15.000033,-49.18032,-27.744919,-8.149198,39.061874,-4.8627434,12.302382,-1.4282788,7.7360716,29.793802,-92.94408,7.8009095,-46.92842,83.39038,-51.58598,5.0412927,8.022947,-88.79605,-17.215643,54.37274,74.82871,26.619791,7.283768,-4.4837813
220,233.91993713378906,38.12422180175781,86.50231170654297,12.99574292442647,31.05564752230073,23.67536706566017,-45.29272,16.206806,9.077569,22.995852,14.599858,-15.000033,-49.2901,-27.863983,-8.207793,39.106777,-4.929598,12.259417,-1.4859115,7.6502075,29.793802,-92.9075,7.8075085,-46.867626,83.28298,-51.787212,4.822103,8.273825,-88.68648,-17.198345,54.299458,74.83417,26.591248,7.1779914,-4.5652285
221,233.90850830078125,38.14287185668945,86.46089172363281,12.954143550292148,30.97378415006298,23.660607371753482,-45.256054,16.341072,9.250993,23.038624,14.630524,-15.000033,-49.31527,-28.023129,-8.400304,39.395626,-5.120513,12.143124,-1.5642375,7.617067,29.793802,-92.71425,7.821655,-46.757122,83.00511,-51.228157,4.65203,8.448573,-88.42497,-17.180113,54.185177,74.8189,25.91066,6.838252,-4.9046884
222,233.87725830078125,38.18095016479492,86.40950775146484,12.878392553413367,30.841181560607676,23.710167954505994,-45.283375,16.4408,9.250703,23.170086,14.35546,-15.000033,-49.298874,-28.014904,-8.295167,39.65132,-5.3906603,12.076068,-1.7120014,7.5367837,29.793802,-92.53762,7.8366776,-46.607246,82.7446,-51.36705,4.616366,8.548193,-88.230774,-17.165916,53.86906,74.80626,25.452997,7.0326414,-4.9908977
223,233.82505798339844,38.24078369140625,86.38888549804688,12.75472324197425,30.916041122822822,23.605175710593727,-45.34098,16.605219,9.346047,23.059301,14.458562,-15.000033,-49.375076,-27.995192,-8.410078,39.592484,-5.347391,12.052757,-1.6583302,7.515056,29.793802,-92.45827,7.869,-46.345383,82.34828,-50.93423,4.523379,8.720364,-88.0499,-17.171116,53.832027,74.781265,25.206694,6.524256,-5.188448
224,233.74600219726562,38.321292877197266,86.31959533691406,12.679605057536527,30.9856692305919,23.507731713594033,-45.717247,16.730726,9.218523,23.560537,14.23701,-15.000033,-49.650402,-27.96959,-8.24795,39.79508,-5.445313,12.157266,-1.6523274,7.4937315,29.793802,-92.19477,7.9335375,-45.722763,81.71541,-50.296665,4.540372,9.227666,-87.86622,-17.216812,53.53414,74.61551,24.846346,6.373077,-5.443536
225,233.62631225585938,38.43550109863281,86.20500946044922,12.451863934308893,30.99788145967086,23.439462258724454,-46.079113,16.936754,9.089213,23.976156,14.138539,-15.000033,-49.977867,-28.031782,-8.325982,40.371765,-5.711254,12.164241,-1.6732167,7.3377657,29.793802,-91.790504,7.9623156,-45.205,80.93012,-49.717247,4.562616,9.424357,-87.48813,-17.246758,53.114967,74.42565,24.862612,6.4355164,-5.973134
226,233.4652862548828,38.56535339355469,86.01142120361328,12.186104384829731,30.77043710678205,23.24047359413584,-46.614086,17.341265,8.980052,25.308317,13.436598,-15.000033,-50.327057,-28.07102,-8.120593,41.36348,-6.284006,12.254293,-1.6057283,7.270176,29.793802,-91.080315,7.966408,-44.782715,80.18021,-49.272057,4.429086,10.117599,-86.88047,-17.270111,52.771603,74.153656,24.542053,6.399195,-6.474463
227,233.2540283203125,38.7189826965332,85.81158447265625,11.76429359249169,30.552914977777572,22.893859394287016,-47.412327,17.76922,8.419676,27.039173,12.394809,-15.000033,-50.72505,-28.071718,-8.095857,42.40377,-6.5534105,12.422887,-1.4418607,7.249867,29.793802,-90.24412,7.9571743,-43.834183,79.11516,-47.578915,4.4992256,10.659182,-86.092155,-17.335829,52.17304,73.69401,23.924637,6.1614985,-6.7884455
228,232.98008728027344,38.896240234375,85.3945083618164,11.440273774034852,30.174949972926036,22.621927040427604,-48.66481,18.24166,7.832333,29.872366,11.169241,-15.000033,-51.52226,-28.31463,-7.7518845,44.439972,-7.675555,12.613084,-1.3145841,7.0767536,29.793802,-89.15106,7.9144635,-43.066635,77.97408,-46.464443,4.3650174,11.198735,-85.04125,-17.383219,51.5197,72.91609,23.38561,6.1913514,-7.31706
229,232.6498260498047,39.09605026245117,84.97140502929688,11.21117786924832,30.161634476958785,22.34474400523928,-50.171925,18.27401,6.6221666,32.36803,9.910949,-15.000033,-52.6259,-28.675758,-7.554301,46.151024,-8.93072,12.426431,-1.1182994,7.0889063,29.793802,-87.81137,7.730253,-42.13749,76.513145,-43.967327,4.815187,11.581629,-83.95688,-17.414133,51.03104,72.15011,22.46971,5.901432,-7.2332525
230,232.2437286376953,39.3038215637207,84.32897186279297,10.371532316091743,29.29529212163713,21.924069776963798,-51.87868,19.237274,5.6619754,36.679108,7.9560447,-15.000033,-53.400738,-28.650278,-7.107367,49.263042,-10.046358,12.650522,-0.98501694,7.0349174,29.793802,-86.403404,7.538885,-41.10732,75.40792,-44.035694,4.563131,12.451628,-82.32635,-17.432291,50.436447,71.07948,22.578611,5.8293214,-8.489548
231,231.79302978515625,39.52595138549805,83.5555419921875,9.757208284543282,28.694491405231414,21.41325772472396,-53.643272,19.62451,4.272045,40.609123,5.6029615,-15.000033,-54.620842,-28.706224,-6.368181,52.28875,-11.631327,12.768411,-0.7975571,6.9166875,29.793802,-84.68706,7.2697167,-40.311436,74.18138,-42.802315,4.51711,13.08757,-80.70618,-17.403715,49.62712,70.132355,22.13177,5.9712324,-9.385943
232,231.3072967529297,39.75906753540039,82.76409149169922,9.213125396634549,27.977872721206495,20.75247506296465,-55.129223,20.097624,3.4341547,44.29194,4.0113974,-15.000033,-55.828514,-29.05282,-5.847531,55.32298,-13.109711,12.701898,-0.6425969,6.7658167,29.793802,-83.26381,6.9524865,-39.978416,73.4926,-41.057987,4.347404,13.722834,-79.25811,-17.307467,49.266533,69.468285,21.1657,5.9454308,-10.027817
233,230.8073272705078,40.00515365600586,81.83744812011719,8.88144187485194,26.896927001464675,20.651478933081382,-56.67785,19.9932,2.2023246,48.190075,2.0275483,-15.000033,-56.945477,-29.437204,-4.679986,58.887634,-14.758883,12.907134,-0.5772479,6.638057,29.793802,-81.59845,6.5196514,-39.903522,72.792,-40.91155,4.1637764,13.765866,-77.68188,-17.184734,49.419792,69.04838,20.961882,5.348734,-10.538593
234,230.33831787109375,40.24527359008789,80.78504943847656,8.44558556581019,26.26967401668275,20.210646200072645,-58.92415,20.07572,0.7014935,52.834545,-0.3427338,-15.000033,-58.58134,-29.73394,-3.7048545,62.416405,-16.164783,13.191659,-0.5214047,6.2306232,29.793802,-80.17052,6.096846,-39.47252,72.44436,-39.7147,4.3142095,13.667194,-76.22675,-17.00299,48.876045,67.99402,20.73183,5.2554617,-11.426167
235,229.9080352783203,40.491241455078125,79.7643814086914,8.063509795571868,25.87991643341367,20.0705547114875,-61.10881,20.21643,-0.39614114,56.859303,-2.4066422,-15.000033,-60.110546,-30.325602,-3.1768215,65.53197,-17.760271,13.27169,-0.39113203,6.006229,29.793802,-78.7443,5.682314,-39.73834,72.17442,-39.25772,3.7973697,13.966718,-74.97073,-16.819872,48.93644,67.500114,19.765188,4.91538,-12.272165
236,229.52731323242188,40.7221565246582,78.76239776611328,7.446804823468361,25.583239829208104,19.574301384727324,-63.335342,20.722128,-1.5773054,61.10647,-4.8678203,-15.000033,-61.65836,-30.46244,-2.6190157,68.47592,-18.873833,13.289757,-0.13724059,5.803639,29.793802,-77.66813,5.369039,-39.479275,71.94697,-38.869762,3.7683172,13.95537,-74.10119,-16.629522,48.417595,66.783295,19.201418,5.5430903,-12.493767
237,229.17527770996094,40.95790481567383,77.5938949584961,6.83119903889747,24.99657396199307,19.551646728472285,-65.06814,21.08372,-2.542716,64.64603,-7.0845203,-15.000033,-63.008068,-30.526167,-1.6768861,71.92729,-20.600927,13.20576,0.054471347,5.564195,29.793802,-76.845215,5.060464,-39.320976,71.93553,-38.715885,3.839301,14.297842,-72.84113,-16.312502,47.945576,66.62882,19.031504,5.712709,-13.25658
238,228.87820434570312,41.14345932006836,76.56813049316406,6.305268366612277,24.49957159059379,18.708112684533535,-66.84751,21.204113,-4.1092668,68.79131,-9.254749,-15.000033,-64.20403,-30.941236,-1.4220072,74.53111,-21.775675,13.475703,0.07324878,5.2656245,29.793802,-75.79319,4.7574024,-39.639454,72.27191,-39.519,3.5410283,14.464318,-72.03318,-16.0228,47.78676,66.377304,18.546158,5.3948727,-13.540274
239,228.62680053710938,41.29584503173828,75.52584075927734,6.180003404639579,24.665492653036353,18.483222312232034,-68.8115,21.65265,-4.504162,71.86382,-11.183591,-15.000033,-66.27573,-31.092932,-0.33555827,77.242424,-23.15896,13.442234,0.43806094,5.2179236,29.793802,-75.2589,4.4982753,-39.73545,72.47368,-38.703827,3.3983524,14.6502,-71.45976,-15.68168,47.64653,66.72462,18.026129,5.36763,-13.283828
240,228.38919067382812,41.41688537597656,74.41255187988281,5.620101559379098,24.075873158846413,18.528423727360728,-70.41157,21.72616,-5.8256164,75.01198,-13.062367,-15.000033,-67.48977,-31.628279,0.052692883,80.583786,-24.309624,13.067392,0.3678185,4.990137,29.793802,-74.74638,4.2555814,-39.84279,73.08716,-41.62943,3.5588694,15.238852,-70.42095,-15.256442,47.262466,66.42028,18.710766,6.2908034,-14.164248
241,228.20651245117188,41.472686767578125,73.37814331054688,5.4659658661002,23.968014301704752,18.77443035307892,-72.30076,21.698084,-6.743953,77.809044,-14.357651,-15.000033,-69.034515,-31.860771,0.9612072,83.289825,-25.629679,13.136181,0.37443653,4.86802,29.793802,-74.441475,4.1041007,-40.066395,73.98784,-42.38062,2.9976509,14.992915,-70.041214,-14.89058,46.923584,66.88041,19.12789,5.915062,-14.323082
242,228.07286071777344,41.4682731628418,72.36087036132812,5.550165047060926,23.997581421507054,18.958040923072343,-74.30065,21.386713,-7.753563,80.685425,-15.531066,-15.000033,-70.72452,-32.320515,1.8516283,85.78776,-27.026117,13.083951,0.42698586,4.7736106,29.793802,-74.18635,4.0065203,-40.448322,74.92458,-43.860783,2.5181942,15.0018015,-70.003685,-14.587948,46.821117,67.67564,20.49713,5.160537,-14.150857
243,227.9886932373047,41.415855407714844,71.363525390625,5.702568027639919,24.406251592644107,19.46936235606635,-76.49024,21.18645,-8.4804945,82.93083,-16.84811,-15.000033,-72.7152,-32.49555,2.9392738,88.21973,-28.059513,13.294831,0.4390448,4.6704173,29.793802,-74.081154,3.9889834,-40.75682,76.19287,-45.056843,2.0776289,14.845185,-70.01168,-14.316261,46.588352,68.20795,20.639894,5.3177614,-14.574281
244,227.94625854492188,41.32146453857422,70.48351287841797,5.95464505147942,24.989698972216868,19.902867691599,-78.64387,20.953342,-9.102016,84.9177,-17.727407,-15.000033,-74.72301,-32.6053,3.9656963,90.28488,-29.06573,13.181988,0.5022318,4.643245,29.793802,-73.886215,4.0345287,-41.212498,77.07404,-46.45751,1.4087024,14.838803,-70.11215,-14.089676,46.42269,68.88083,20.687696,5.3417826,-14.601455
245,227.95083618164062,41.18058776855469,69.79238891601562,6.397834849580266,26.12813716296935,20.081996845334583,-80.813995,20.512272,-9.805807,86.3871,-18.164688,-15.000033,-77.05085,-32.782944,4.7024097,91.64537,-30.00712,13.230073,0.61291337,4.7317066,29.793802,-73.81369,4.0561395,-41.46345,77.83067,-48.1642,1.030263,14.103142,-70.48607,-13.864028,45.960323,69.62733,22.589542,5.186884,-14.314396
246,227.9448699951172,41.029090881347656,68.75247192382812,6.823263421565574,26.243269233275186,20.929718105190016,-83.00028,20.398794,-10.282574,88.778534,-19.2309,-15.000033,-78.718216,-32.933193,6.0925136,94.15737,-31.259626,13.297802,0.6535694,4.6257668,29.793802,-73.71779,4.19666,-41.785816,78.813675,-48.24662,-0.03818698,13.870464,-70.7314,-13.782075,46.57504,70.65249,21.8807,4.7870793,-14.346932
247,227.95278930664062,40.8711051940918,67.95066833496094,7.285112221224447,27.04894537593001,21.109383635074597,-85.06606,20.11706,-10.815122,90.51768,-19.552654,-15.000033,-81.04066,-33.27302,6.9330544,95.971054,-31.852322,13.144636,0.58745295,4.5464945,29.793802,-73.64722,4.3524356,-42.106373,79.16973,-49.622486,-0.71419847,13.665717,-70.95302,-13.765332,47.125767,71.59747,22.850834,3.8683825,-13.334464
248,227.9501190185547,40.72271728515625,66.84461975097656,7.4732031009516895,27.534280705494478,21.789621490067578,-87.58497,19.63695,-11.954204,92.788795,-20.014275,-15.000033,-82.98259,-33.811935,7.6628203,98.409744,-33.3049,13.454624,0.56866413,4.5978804,29.793802,-73.67796,4.501392,-42.46479,79.695816,-50.59648,-1.304503,13.140313,-71.07232,-13.788149,46.957676,71.82637,23.866835,4.006674,-13.734322
249,227.9339599609375,40.60078048706055,65.8689956665039,7.6488415355303445,27.89629577364194,22.000778596695042,-89.52758,19.376467,-12.735859,94.76306,-20.724707,-15.000033,-84.95534,-33.93629,8.628225,100.68514,-33.916565,13.273123,0.5880843,4.614385,29.793802,-73.6819,4.527288,-42.629776,80.111305,-52.65211,-0.9960727,13.373665,-70.55879,-13.703126,47.790936,72.23748,23.286642,4.42427,-12.993919
250,227.9269256591797,40.500205993652344,64.86672973632812,8.453497684794009,28.403953702184207,22.86957964815128,-91.70926,18.461166,-13.28875,96.79453,-21.207485,-15.000033,-87.20062,-34.64105,10.0903635,102.827675,-35.105045,13.086193,0.7062568,4.8781447,29.793802,-73.697624,4.5381055,-42.686424,80.27308,-53.04974,-1.5609505,12.508886,-71.22979,-13.73138,47.66689,73.27155,25.198982,4.00065,-13.292736
251,227.90858459472656,40.464359283447266,63.7562255859375,8.771475519250565,28.637777527865808,23.635048275931222,-93.77608,17.850988,-13.880744,98.83873,-22.070381,-15.000033,-89.14616,-34.832066,11.529782,105.378395,-36.137424,13.064202,0.74901503,4.8378477,29.793802,-73.70767,4.5060873,-43.12781,80.85518,-55.39389,-1.663937,12.916211,-71.00509,-13.72589,48.217236,73.52342,25.211752,4.370406,-12.906658
252,227.9092559814453,40.47344970703125,62.43045425415039,8.88309999935584,28.889771714404507,24.32723493156866,-96.2253,17.466461,-14.83073,101.303055,-23.048985,-15.000033,-91.118546,-35.328407,12.793719,108.10345,-37.735462,13.437359,0.56416315,4.4781675,29.793802,-73.86643,4.4599233,-43.21655,81.50992,-57.40493,-1.5688457,12.560609,-71.175415,-13.70748,48.52219,73.16695,25.618443,4.0103374,-13.134141
253,227.93963623046875,40.51594924926758,61.283512115478516,9.052506041900036,28.921356955961713,24.36073065903439,-98.08574,17.084991,-15.820025,103.899734,-23.587164,-15.000033,-92.61764,-35.916744,13.835359,110.15489,-39.06055,14.055524,0.91282517,4.746216,29.793802,-74.10934,4.451559,-43.339924,81.66931,-55.398834,-2.9315016,11.756709,-71.68856,-13.795538,48.822044,73.83247,26.369476,2.6357546,-13.087392
254,228.0120391845703,40.586204528808594,60.2125244140625,9.533492306792777,29.432555416096093,25.000575966888444,-100.159996,16.689713,-16.114038,105.84251,-24.220606,-15.000033,-94.8283,-36.210945,15.495086,112.327194,-40.0362,14.175322,0.9620938,4.72819,29.793802,-74.102554,4.3721523,-43.887844,81.81841,-55.534103,-3.6085775,11.446723,-71.82199,-13.824981,49.332764,73.78862,26.556469,2.117484,-13.1730995
255,228.1352996826172,40.65019607543945,59.256752014160156,9.082016830265331,30.089703226547993,24.575665123240746,-102.04167,16.779432,-17.428793,107.72207,-24.99403,-15.000033,-96.31733,-36.253193,15.707692,113.951,-41.15048,14.840822,0.9008481,4.375377,29.793802,-74.27721,4.3001633,-44.406345,82.18387,-55.082634,-5.0403028,11.231018,-71.77115,-13.695336,49.461193,73.219574,27.070248,2.345463,-13.015896
256,228.30828857421875,40.684818267822266,58.54782485961914,9.544579882163106,30.929017081598417,24.93680908779566,-103.59475,16.258726,-17.670801,108.894135,-25.349579,-15.000033,-98.13179,-36.86845,16.575129,115.10046,-42.22691,14.875888,0.90325904,4.3556213,29.793802,-74.41622,4.1987257,-44.668285,82.10728,-53.780293,-5.377031,11.068389,-71.94302,-13.572954,49.514038,73.48338,26.641832,1.7142609,-12.393611
257,228.51638793945312,40.638668060302734,57.79456329345703,10.177928949620423,31.152485706821434,26.33013092437087,-104.95622,15.370398,-17.797024,109.875015,-25.865713,-15.000033,-99.1373,-36.89997,17.946726,116.84687,-42.9505,15.000033,1.0721594,4.5129843,29.793802,-74.59104,4.0907063,-45.13463,82.62362,-55.218533,-5.386926,10.708679,-72.06119,-13.463091,49.930294,73.25794,26.474583,2.650215,-13.416248
258,228.77655029296875,40.542144775390625,57.590782165527344,10.774432392153066,31.62379469859589,26.784935248660798,-105.35383,14.895114,-17.76121,110.01914,-25.660244,-15.000033,-99.669014,-35.83809,18.81538,117.4841,-42.320755,15.000033,1.1019447,4.6408997,29.793802,-74.916756,4.024105,-45.923332,83.40256,-56.870617,-5.0464754,11.0579195,-72.20702,-13.411732,50.047523,73.41602,26.192688,2.6279109,-13.479483
259,229.07452392578125,40.381446838378906,57.338653564453125,11.002183493013028,32.28922483120869,27.75958384518543,-106.53361,14.754751,-18.029364,110.078285,-25.29612,-15.000033,-99.90857,-35.609863,18.579082,118.10993,-42.66294,15.000033,1.2512065,4.9185567,29.793802,-75.34687,3.906261,-46.816288,84.06236,-59.06352,-5.1687427,10.477615,-71.89269,-13.296551,50.05852,72.835556,28.574871,3.0628161,-15.053625
260,229.39224243164062,40.222328186035156,57.10507583618164,11.508176094953226,32.428600215916155,28.335965619354564,-106.83504,14.359167,-18.17017,110.33977,-25.287844,-15.000033,-100.15816,-35.385376,19.084124,118.957016,-42.712658,15.000033,1.3550493,5.129416,29.793802,-75.59252,3.7734292,-47.761753,84.59447,-59.086056,-4.3280196,10.573738,-71.67645,-13.19427,50.58008,73.65645,29.57217,3.3469543,-14.384185
261,229.77218627929688,40.05036163330078,57.21632385253906,12.383078537755107,33.68796414879404,29.06255609332407,-107.526245,14.336375,-17.879955,109.74611,-24.905853,-15.000033,-100.77678,-35.701736,18.84658,118.50948,-42.76965,15.000033,1.4311415,5.0344596,29.793802,-76.269005,3.7681353,-48.85405,85.25654,-59.624462,-4.2954383,10.623748,-71.89562,-13.11554,50.990883,73.74075,28.68855,3.1765096,-14.503149
262,230.1440887451172,39.907989501953125,57.42365264892578,12.740397659756725,34.28394800290478,29.214541835902338,-107.37656,14.354579,-17.91783,109.228226,-24.889719,-15.000033,-100.74873,-35.70091,18.493992,118.194244,-42.5513,15.000033,1.6060002,5.1900992,29.793802,-76.40725,3.7562044,-49.408188,85.59875,-60.022614,-4.138692,10.561071,-71.662186,-12.998291,51.45852,74.33921,29.302011,2.9973514,-14.3077135
263,230.51612854003906,39.77064514160156,57.608848571777344,12.626824920176125,34.70793597199505,28.988387392340762,-107.27325,14.516351,-18.486607,109.02752,-24.711983,-15.000033,-100.1747,-35.46176,17.577328,117.84947,-42.672405,15.000033,1.7920129,5.2737365,29.793802,-76.64927,3.7822306,-49.70701,85.85275,-59.686993,-4.051865,10.615694,-71.583176,-12.881227,51.921177,74.634056,28.9824,2.9424121,-14.1849785
264,230.88763427734375,39.685829162597656,57.836997985839844,12.989194783125123,35.194479035806026,29.632052757221878,-107.06161,14.029412,-18.469456,108.31793,-24.631058,-15.000033,-99.92203,-35.783382,17.228401,117.5158,-43.017967,15.000033,1.7181605,5.4445305,29.793802,-77.12675,3.781391,-49.847576,85.78558,-59.78712,-3.5749426,10.458313,-71.93144,-12.812009,51.945965,75.04853,28.964874,3.753708,-14.37033
265,231.25543212890625,39.633811950683594,58.022850036621094,13.354862577242374,35.588549383053376,30.259769976242307,-106.97003,13.894924,-18.297865,107.83787,-24.395979,-15.000033,-99.580536,-36.082546,17.005236,117.27806,-43.185936,15.000033,1.6625333,5.4108853,29.793802,-77.485,3.7901728,-49.978306,85.81033,-60.235607,-3.5766532,10.378457,-72.124695,-12.76855,52.294064,75.546104,29.777048,3.6012435,-14.258522
266,231.62350463867188,39.63143539428711,58.418434143066406,13.815134286011238,36.3094352725065,31.064258459625385,-106.75894,13.491101,-17.894468,106.77216,-24.014069,-15.000033,-99.39252,-36.41844,16.670395,116.55168,-43.196396,15.000033,1.6162126,5.5992374,29.793802,-78.03966,3.8108869,-49.946796,85.79049,-61.05182,-3.3740823,9.831923,-72.69482,-12.788535,52.72402,76.41049,30.348694,3.3048503,-13.624888
267,231.97869873046875,39.66885757446289,58.787322998046875,14.29221337013882,36.6759124362586,31.683479643755536,-106.22683,13.087249,-17.413536,105.95728,-23.720755,-15.000033,-99.03565,-36.871162,16.53302,115.89441,-43.26954,15.000033,1.4043789,5.660555,29.793802,-78.411285,3.8398728,-49.770767,85.7637,-61.86686,-3.314737,9.437797,-73.14527,-12.848551,52.731434,76.80403,30.00783,3.683288,-13.127804
268,232.3285369873047,39.72224426269531,59.1292610168457,14.132214587640197,36.9406487885042,32.567158775689634,-106.24175,13.333367,-17.247564,105.16349,-23.384897,-15.000033,-97.97901,-37.45817,15.4654875,115.39071,-43.194378,15.000033,1.450782,6.0216594,29.793802,-78.54823,3.83631,-49.5329,85.32072,-60.69317,-3.325718,8.998196,-73.6889,-13.097348,52.61592,77.18371,28.872293,3.5544212,-13.663495
269,232.6882781982422,39.81620788574219,59.85357666015625,13.838069696983036,37.43721754093579,32.59647394445,-105.49527,13.197058,-17.159983,103.91255,-22.568441,-15.000033,-96.77486,-37.34297,14.211991,113.86236,-43.02037,15.000033,1.5811987,6.6463995,29.793802,-79.07772,3.8067348,-48.777115,85.13824,-60.729305,-3.3296165,8.480931,-74.406784,-13.485673,52.4476,77.83838,27.772457,3.300924,-11.688223
270,233.0486602783203,39.92567443847656,60.33539581298828,13.843347135556257,37.83503865754096,33.098542234950465,-104.85946,12.6827345,-16.987799,102.81219,-22.397533,-15.000033,-96.0223,-38.00231,13.294725,112.958084,-42.81529,14.870436,1.7514871,6.8698773,29.793802,-79.31779,3.7690053,-48.44397,84.74969,-60.707806,-3.382857,8.239093,-74.869026,-13.956801,52.518612,78.22226,27.738554,2.829958,-11.720359
271,233.4169921875,40.02811050415039,60.901824951171875,13.581979669727891,38.36863228612557,33.25066490142932,-104.23779,12.262751,-17.149519,101.717026,-21.384855,-15.000033,-94.98026,-38.1517,11.970235,111.736206,-42.41714,15.000033,2.1626985,7.3046026,29.793802,-79.44152,3.7134004,-47.815372,84.25137,-59.62506,-3.4558878,8.07727,-75.02443,-14.491941,52.073944,78.54399,27.723629,2.524038,-11.438662
272,233.7809295654297,40.117584228515625,61.528682708740234,13.604543822819643,39.00050707995486,33.472966582388906,-103.43569,11.831526,-16.970085,100.284874,-20.629831,-15.000033,-94.25282,-38.562824,10.8051405,110.36672,-41.950146,14.586382,2.582136,7.8661284,29.793802,-79.391426,3.5633273,-47.008354,83.51706,-59.349476,-3.1866844,8.292272,-75.07749,-15.071746,52.070744,78.91243,27.444698,2.1904278,-11.083731
273,234.1228790283203,40.18413162231445,62.263614654541016,13.948932097495826,39.50459775377044,33.99489519238005,-102.43865,11.28973,-16.436241,98.543945,-19.614504,-15.000033,-93.5336,-38.712803,10.049375,108.872536,-41.561527,14.089656,2.7502458,8.422731,29.793802,-79.4415,3.3521302,-46.362717,82.81182,-59.57639,-3.1062734,8.237314,-75.43176,-15.727277,52.170174,79.10563,26.598595,2.2889519,-10.178841
274,234.42630004882812,40.23414993286133,63.13187026977539,14.551341116555255,40.12098290519056,34.35981302166106,-101.055115,10.454861,-15.790613,96.36027,-18.64047,-15.000033,-92.959,-39.19304,9.179581,106.89809,-40.797363,13.49269,3.1000915,8.890187,29.793802,-79.539795,3.1379812,-45.8495,82.0527,-59.716354,-2.6844914,8.62212,-75.65797,-16.42421,52.040855,78.98536,27.625845,2.3057778,-10.605157
