Frame,root_translateX,root_translateY,root_translateZ,root_rotateX,root_rotateY,root_rotateZ,left_hip_pitch_joint_dof,left_hip_roll_joint_dof,left_hip_yaw_joint_dof,left_knee_joint_dof,left_ankle_pitch_joint_dof,left_ankle_roll_joint_dof,right_hip_pitch_joint_dof,right_hip_roll_joint_dof,right_hip_yaw_joint_dof,right_knee_joint_dof,right_ankle_pitch_joint_dof,right_ankle_roll_joint_dof,waist_yaw_joint_dof,waist_roll_joint_dof,waist_pitch_joint_dof,left_shoulder_pitch_joint_dof,left_shoulder_roll_joint_dof,left_shoulder_yaw_joint_dof,left_elbow_joint_dof,left_wrist_roll_joint_dof,left_wrist_pitch_joint_dof,left_wrist_yaw_joint_dof,right_shoulder_pitch_joint_dof,right_shoulder_roll_joint_dof,right_shoulder_yaw_joint_dof,right_elbow_joint_dof,right_wrist_roll_joint_dof,right_wrist_pitch_joint_dof,right_wrist_yaw_joint_dof
0,-0.14477908611297607,-0.32148706912994385,81.87748718261719,-0.4127019421920035,-1.4938850201182317,51.7784669119693,-6.0736275,8.403389,9.28946,32.737003,-15.039263,-5.1020923,-0.10596562,-12.6567,-21.853016,30.81092,-18.463678,7.674484,0.3538999,0.81753147,-0.5354841,6.1304913,6.403556,-25.25986,73.589714,-3.4638937,5.8911085,13.793958,6.0668926,-6.1681285,24.115723,76.044044,1.3377957,7.7884927,-8.849014
1,-0.16813744604587555,-0.45534852147102356,81.89688873291016,0.06803076776323409,-2.0554304135267074,50.477293762772526,-5.839637,9.247992,10.068334,32.833126,-14.387892,-5.7402377,0.59341615,-14.101903,-23.23125,31.220629,-18.363985,7.807802,0.37109056,0.67541504,-0.5064666,5.657534,6.80832,-27.146633,74.27446,-3.6362848,5.321275,13.370345,5.675575,-6.640362,25.278389,76.03677,2.1235814,6.76026,-8.84994
2,-0.19003210961818695,-0.6119075417518616,81.94414520263672,0.3415881843594257,-2.7220205841828027,49.675132757380894,-5.804889,10.280709,10.668936,32.948315,-13.517556,-6.5231,1.4092939,-15.531738,-24.830275,31.587967,-18.023825,8.102006,0.3278199,0.5283196,-0.29321218,5.0246854,7.444113,-29.119715,74.896355,-3.8987103,4.825486,13.203416,5.466077,-7.4362307,27.005308,75.5906,3.494652,5.784514,-9.11306
3,-0.2057352513074875,-0.7899922132492065,81.99723052978516,0.5718308705308943,-3.674326576231671,49.7384193198316,-5.6770077,11.176811,11.09215,33.035633,-12.657525,-7.273534,2.4015326,-16.800798,-26.254343,31.99267,-17.86571,8.331404,0.28826228,0.349254,-0.10945574,4.3592625,8.199457,-31.536371,75.3436,-4.0871305,4.306796,12.90191,5.3199034,-8.41139,29.716352,75.03395,4.968588,4.614583,-9.473646
4,-0.20913797616958618,-0.974539577960968,81.82307434082031,0.6963656061597844,-4.45164710184266,50.27084794283509,-5.6469007,11.959966,11.432905,33.159176,-12.094574,-7.792559,3.202857,-17.590408,-27.354813,32.331947,-17.990948,8.229409,0.24168415,0.31457037,0.16857544,3.9140978,8.950977,-33.205997,75.28268,-4.162297,3.9586656,12.439185,5.3763323,-9.376148,31.671059,74.260994,5.902273,3.750046,-9.759823
5,-0.20063026249408722,-1.155242919921875,81.77059936523438,0.7864183781166348,-4.855709156578244,50.75950295539125,-5.737107,12.476822,11.656605,33.252922,-11.64999,-8.171496,3.64842,-18.047808,-28.215212,32.56562,-18.07422,8.031898,0.21937859,0.40883887,0.50842506,3.727387,9.602804,-34.006493,74.91347,-4.171589,3.8847976,12.059664,5.6348963,-10.194227,32.59139,73.36904,6.4536834,3.32261,-9.908931
6,-0.18578775227069855,-1.330133080482483,81.74268341064453,0.8337109252149218,-5.041014547738608,51.188908397991334,-5.8868785,12.78759,11.762492,33.326336,-11.250923,-8.411338,3.9107912,-18.271673,-28.867956,32.69205,-18.12251,7.8404746,0.24568488,0.56956303,0.8241693,3.6173747,10.143827,-34.290344,74.38754,-4.145445,4.056939,11.719758,6.0057425,-10.8429,32.907486,72.39794,6.730901,3.2044191,-9.9681835
7,-0.16817376017570496,-1.4997072219848633,81.7318344116211,0.8818538225578519,-5.1310497427243495,51.55685126687304,-6.047953,12.9085655,11.736118,33.358353,-10.949429,-8.562929,4.062821,-18.369139,-29.305216,32.757923,-18.215612,7.6651664,0.30931988,0.7344831,1.0795529,3.5250778,10.585059,-34.32404,73.83956,-4.0292664,4.256653,11.4390135,6.3794546,-11.332673,32.97887,71.50538,6.8488474,3.1746697,-9.976523
8,-0.14848817884922028,-1.6641805171966553,81.7266845703125,0.9023406467508186,-5.202780646294825,51.9023728711251,-6.213828,12.943937,11.554453,33.37793,-10.749669,-8.677193,4.1543756,-18.315825,-29.492178,32.7688,-18.313747,7.531476,0.37748837,0.88514197,1.2519052,3.439178,10.947646,-34.203465,73.33965,-3.8347015,4.388619,11.260831,6.710514,-11.679261,32.955517,70.80699,6.905485,3.1333,-9.944133
9,-0.123299241065979,-1.821793794631958,81.71955871582031,0.8669164486825823,-5.302029175620073,52.23235271565527,-6.3654566,13.00269,11.281688,33.43814,-10.569971,-8.775358,4.2432127,-18.107315,-29.484539,32.73338,-18.388876,7.4341106,0.43258312,1.0307623,1.3632114,3.3751936,11.252312,-33.959167,72.900734,-3.6222155,4.506766,11.090937,6.9956336,-11.904995,32.87475,70.284615,6.9476657,3.0960548,-9.854962
10,-0.0848957970738411,-1.9667606353759766,81.70771789550781,0.8121483132958651,-5.444574954826878,52.52013539866329,-6.4661736,13.0863285,10.995641,33.5403,-10.281882,-8.901095,4.3978825,-17.87564,-29.488104,32.67948,-18.484718,7.360775,0.49158666,1.1849284,1.4681869,3.2919917,11.4643135,-33.666843,72.617676,-3.4706998,4.6763525,10.806566,7.2290673,-12.021597,32.77585,69.871666,7.020879,3.081599,-9.741405
11,-0.02202741988003254,-2.0876424312591553,81.69377136230469,0.8232674796751458,-5.5731712587644875,52.81038081229751,-6.5398293,13.095674,10.738682,33.618145,-9.990051,-9.019009,4.573881,-17.74598,-29.545795,32.649685,-18.630627,7.3090696,0.556407,1.3239934,1.5577333,3.2153306,11.621309,-33.388176,72.41945,-3.3910642,4.8453336,10.527191,7.46785,-12.087495,32.699978,69.50394,7.0620027,3.1156726,-9.6376505
12,0.07577859610319138,-2.170726776123047,81.67616271972656,0.9584798101676415,-5.678070706435156,53.116820350006535,-6.54981,13.010079,10.637655,33.630596,-9.737636,-9.126869,4.769833,-17.794485,-29.65727,32.670563,-18.88129,7.254498,0.59209263,1.4245477,1.6595802,3.2547398,11.804088,-33.094376,72.15401,-3.4704728,5.0296783,10.284027,7.7611237,-12.153739,32.623077,69.08931,7.004369,3.2608728,-9.524625
13,0.2144068032503128,-2.203735589981079,81.65684509277344,1.1698303511621473,-5.721167009365649,53.36721599179189,-6.4855943,12.912637,10.747262,33.55697,-9.623195,-9.24407,4.966079,-17.966864,-29.848307,32.691967,-19.202015,7.2306743,0.5956835,1.4949439,1.7388831,3.4078045,11.961618,-32.83468,71.91036,-3.7534633,5.1874743,10.104633,8.085008,-12.202117,32.485275,68.67758,6.8904614,3.4922433,-9.425248
14,0.39193710684776306,-2.183640480041504,81.64728546142578,1.2880397758416373,-5.701982245278615,53.52275392103975,-6.4213886,12.933565,10.842321,33.525524,-9.554345,-9.363006,5.164139,-18.060024,-30.132204,32.685905,-19.412401,7.2180104,0.5714148,1.5682338,1.8013691,3.6470373,12.097409,-32.6587,71.75633,-4.033859,5.2657824,10.005775,8.404273,-12.227676,32.36932,68.360016,6.833431,3.650192,-9.473946
15,0.6009198427200317,-2.123809576034546,81.64112854003906,1.311957972008522,-5.6920540887812345,53.63769289208378,-6.3490334,13.049966,10.84246,33.594913,-9.423952,-9.483579,5.398602,-18.041157,-30.41104,32.693523,-19.534538,7.1883893,0.5174717,1.6445293,1.886214,3.972288,12.274194,-32.539238,71.632126,-4.2484074,5.374667,9.904214,8.742523,-12.234956,32.32402,68.08851,6.8680687,3.750405,-9.588461
16,0.8439221382141113,-2.0188989639282227,81.74691772460938,0.8202743977072046,-3.5084628418126975,53.486221226850674,-8.659448,14.055729,11.255992,33.96814,-7.854362,-9.5433445,4.6703377,-18.795555,-35.12489,32.23002,-19.218182,7.482589,0.020513944,2.2895932,1.8633854,4.647429,12.295433,-31.584272,71.4622,-3.386322,4.5339503,8.994591,8.639136,-12.212129,31.596077,67.555305,6.7818136,4.273313,-10.894887
17,1.0772002935409546,-1.9625242948532104,81.73667907714844,1.1437732191553927,-3.6234328809335596,53.70804496126738,-8.358284,13.71865,11.147274,33.78693,-7.669714,-9.869887,4.840647,-18.83569,-34.588943,32.245087,-19.762241,7.384198,-0.10808447,2.2579508,1.9715843,4.8765655,12.340526,-31.40355,71.52664,-2.7174137,4.624474,9.046889,8.835231,-12.184394,31.60171,67.577,6.735887,4.2732763,-11.002172
18,1.296985149383545,-1.9386036396026611,81.7330093383789,1.1069657747916832,-3.655421326548554,53.85679206535045,-8.42097,13.751039,10.667706,34.032482,-7.3329387,-9.883769,4.9630046,-18.38644,-34.139698,32.052273,-20.117632,7.306927,-0.16665159,2.3911695,2.0171578,4.9702516,12.435886,-31.42859,71.716576,-2.3414273,4.8173633,8.983506,8.988738,-12.106168,31.617512,67.70346,6.9704022,4.373719,-11.683721
19,1.495418906211853,-1.9618722200393677,81.73303985595703,1.2707131827802454,-3.73484803473048,53.78630163982512,-8.2982,13.497819,10.21257,34.01864,-7.0657063,-10.115715,4.9868546,-18.31764,-33.749973,32.13552,-20.273096,7.119077,-0.1378843,2.433069,2.0923262,5.1214776,12.512662,-31.17738,71.794,-2.2800522,4.917902,8.622635,9.049046,-12.062221,31.563467,67.57011,6.8673387,4.1522303,-11.423374
20,1.6698486804962158,-2.0248827934265137,81.735107421875,1.228513871513735,-3.7850296713059683,53.774541577533086,-8.2877035,13.693224,10.074298,34.154697,-6.9490013,-10.098603,5.039686,-18.092733,-33.695244,32.20595,-20.556528,6.796364,-0.19447863,2.4557254,2.360314,5.0796185,12.6364975,-30.87872,71.94924,-2.0610363,5.0258174,9.024411,8.936275,-12.00184,31.46907,67.5178,7.0240707,4.3018627,-11.586732
21,1.8266016244888306,-2.113762140274048,81.75254821777344,1.2351564085968456,-3.7469857156011606,53.57401755709005,-8.427701,13.702975,9.6574955,34.367485,-6.535006,-10.168723,4.9216437,-17.815397,-33.401802,32.121746,-20.545616,6.652172,-0.25627446,2.5676146,2.4790473,5.194529,12.779778,-30.69035,71.97844,-2.23576,4.863935,8.760331,8.652736,-11.955419,31.424528,67.596085,7.053347,3.9383295,-11.34519
22,1.9718501567840576,-2.212367296218872,81.73776245117188,1.0954034560835568,-3.6733784383432435,53.56638628242839,-8.6245985,14.186389,9.790427,34.632774,-6.494374,-10.063548,4.8757343,-17.456911,-33.45036,32.053734,-20.953627,6.3216095,-0.32602838,2.722403,2.7164004,5.133059,12.913219,-30.573223,71.90745,-2.2413852,5.030508,8.85148,8.37464,-11.942096,31.382765,67.60219,7.421375,4.0556393,-11.687629
23,2.114337205886841,-2.3074605464935303,81.72062683105469,0.9442913936371394,-3.6192546382599793,53.59263182073535,-8.839237,14.354993,9.292658,34.786366,-6.7824345,-9.983833,4.788,-16.909428,-33.10549,31.84496,-21.05334,6.3125696,-0.41912007,2.8322082,2.9091654,5.127807,13.078819,-30.338175,71.81439,-2.6881166,4.8915033,8.827176,8.04595,-11.94426,31.358118,67.795105,7.748845,4.2138004,-11.55893
24,2.264679193496704,-2.389378070831299,81.70191192626953,0.8068246060125326,-3.404453725386935,53.47911341999942,-9.183393,14.802981,9.353211,35.099754,-6.6873364,-9.921564,4.644946,-16.574001,-33.243176,31.68251,-21.42919,6.1252785,-0.4928314,2.967117,3.1881707,5.1195683,13.192424,-30.300709,71.682495,-2.7883475,4.8072567,9.164308,7.6712914,-11.981739,31.209362,67.93274,8.033475,4.3012004,-11.6613455
25,2.4262168407440186,-2.455749988555908,81.6844253540039,0.510533364471547,-3.274097641395776,53.44872577297933,-9.594885,15.32692,9.059156,35.621155,-6.5165524,-9.842014,4.5431814,-15.869058,-32.98871,31.409924,-21.626028,5.969062,-0.5960828,3.247293,3.4589243,5.2269683,13.2907295,-30.045843,71.34388,-3.1019068,4.52089,9.103001,7.3316483,-12.06721,31.04605,68.25522,8.071618,4.1753902,-11.2925825
26,2.605715274810791,-2.5070483684539795,81.65281677246094,0.16202608156472226,-3.231944866873911,53.50657762542238,-10.019491,15.83914,8.544983,36.26943,-6.5424657,-9.621846,4.580101,-15.026603,-32.646355,31.050533,-21.873993,5.7996955,-0.6488349,3.529317,3.7583318,5.355618,13.408809,-29.759747,70.58682,-3.184925,4.690183,8.696358,7.110318,-12.237758,30.828037,68.61206,8.287632,4.374998,-11.111156
27,2.8096532821655273,-2.539395570755005,81.61524200439453,-0.19410403824959008,-2.929390675299582,53.360119548276685,-10.848079,16.406471,7.9843473,37.2771,-6.2008724,-9.436964,4.2257266,-14.093057,-31.987926,30.721445,-22.19706,5.451427,-0.62636876,3.9699905,4.209964,5.5538926,13.513887,-29.626917,69.67331,-3.3526382,4.3790812,8.999472,6.926904,-12.497562,30.766848,68.87091,8.20054,4.3283253,-11.056497
28,3.0374510288238525,-2.56176495552063,81.55879211425781,-0.42611840710301463,-2.793256254969094,53.25606200186428,-11.834871,16.797735,7.19987,38.775375,-5.710637,-9.216499,4.218008,-13.549562,-31.954645,30.55383,-22.573793,5.1041756,-0.48696727,4.3707004,4.621317,5.651055,13.591268,-29.150553,68.757195,-4.3409567,4.1416974,9.291837,7.0678463,-12.821978,30.545519,68.777985,8.1805935,4.391191,-10.945173
29,3.2859764099121094,-2.573721408843994,81.4385986328125,-1.0945444911661566,-2.800278343446036,53.197168517788995,-13.451158,17.915617,6.5120206,41.36891,-5.403035,-8.462792,4.298556,-12.138217,-31.23016,30.09384,-22.738224,4.8256183,-0.39711678,5.070393,5.155188,5.8758664,13.644139,-28.43214,67.53005,-5.181905,4.042738,9.8831415,7.1612573,-13.122461,30.500277,68.76191,7.7720785,4.647311,-10.869455
30,3.5648629665374756,-2.58076810836792,81.32843017578125,-1.595689296689171,-2.7830507124511357,52.89603355892514,-16.133024,18.662893,5.638225,45.13897,-4.558237,-7.609119,4.3896112,-10.993033,-30.64058,29.641224,-22.960875,4.626938,-0.21423404,5.761672,5.7237816,6.0919466,13.726654,-28.038517,66.28233,-5.2651024,3.8704653,10.295001,7.406904,-13.437085,30.161844,68.531296,7.958897,4.666088,-11.034014
31,3.878554344177246,-2.578702449798584,81.14535522460938,-2.2802415786665056,-2.7785315736263296,52.18620457703993,-20.42685,18.884499,3.5005112,52.02695,-3.0205915,-6.3350196,4.4157557,-9.5550375,-29.742634,29.142735,-23.086521,4.6654296,0.17937216,6.665756,6.3606935,6.4150653,13.846935,-27.557495,64.80143,-5.493923,3.6467013,10.601816,7.7798615,-13.739083,29.858416,68.09823,7.089977,4.933331,-11.0069895
32,4.254713535308838,-2.5695090293884277,80.99092864990234,-2.644545681472585,-2.90254207474671,51.87905012575576,-24.196457,19.65333,2.828803,58.495396,-2.1522372,-4.771883,4.7650323,-8.642187,-29.362057,28.827557,-23.616173,4.512851,0.59588224,7.330485,7.066497,6.446882,13.932827,-27.141693,63.904327,-5.426316,3.8218808,10.927682,7.822313,-13.995759,29.852081,67.77553,6.6877213,5.27557,-11.357634
33,4.7142229080200195,-2.5315630435943604,80.99006652832031,-2.5727869410896247,-3.332738704412962,51.836944301728174,-28.280657,19.861456,1.8789222,65.03066,-0.73478156,-2.903035,5.157992,-7.969622,-28.081093,28.904465,-23.731071,4.283446,1.0488455,7.9298954,7.7216196,6.7207856,13.937252,-26.542051,63.02416,-5.8496428,4.3116565,11.193099,7.5825605,-14.235717,30.058203,67.92023,6.4092073,5.414887,-12.038611
34,5.286497592926025,-2.411421537399292,80.98228454589844,-2.432080199468952,-3.6034790849593032,51.67459340235472,-32.32174,19.419563,1.0331185,70.51621,0.3472662,-1.7869216,5.6387157,-7.54788,-27.329609,28.945719,-23.86924,4.117129,1.6035826,8.279977,8.396199,7.103403,13.881105,-26.33987,62.742176,-5.470165,4.506288,11.19976,7.123843,-14.3546505,30.11593,68.23803,6.00195,5.626754,-12.555029
35,6.004692554473877,-2.1589558124542236,81.05472564697266,-2.110700438281965,-3.8821519980321764,51.49833725746108,-35.152515,18.046661,0.47384024,73.30258,0.18435055,-1.3883123,6.126138,-7.205897,-26.181658,29.1481,-23.64304,4.0719943,2.075168,8.555818,8.971495,7.7864356,13.675957,-26.10085,62.631813,-5.7321134,4.846161,10.5501585,6.340324,-14.631779,30.41433,68.82485,5.7660437,5.612117,-12.944213
36,6.904112339019775,-1.7139745950698853,81.15882873535156,-1.5432339941793825,-3.9150835937082475,51.88100258874113,-37.76292,16.141985,0.45930037,73.17672,-0.24569248,-1.979603,6.89993,-7.2968674,-25.833597,29.189648,-23.394352,4.1694703,2.5555184,8.7003,9.631702,8.484023,13.378421,-26.21445,62.55558,-5.5276227,5.0054994,10.433223,5.6123056,-14.932778,30.587002,68.91076,6.1856265,5.6204157,-13.346911
37,8.00636100769043,-1.027064323425293,81.3216781616211,-0.5524517661337364,-3.504215402374376,52.368643430239814,-39.63947,13.841632,1.0258374,70.22136,-0.7408452,-2.8337746,7.4784956,-7.8609753,-25.526297,29.23904,-23.029554,4.487318,3.0818436,8.546047,10.26912,9.201657,13.017604,-26.38811,62.833107,-5.755548,4.9484124,10.058471,4.857315,-15.308531,30.662653,68.60777,6.906257,5.4112563,-13.436845
38,9.294363975524902,-0.06517886370420456,81.2418441772461,-0.07685758022603693,-3.001505823922602,53.29310956712408,-41.096935,11.526077,1.456691,64.35,-0.930362,-4.0290413,8.483343,-7.5575128,-25.171604,28.766863,-22.957876,5.007908,3.4675515,8.4687195,11.013369,10.065489,12.673224,-26.57797,62.906666,-5.3630323,4.7681975,9.671689,3.7195573,-15.840138,30.48398,67.83724,7.1668487,5.4314137,-13.351805
39,10.748353958129883,1.1739641427993774,81.03857421875,0.38001114479988607,-2.1775674983025803,53.75130658829423,-41.44255,8.91614,1.0679234,56.18961,0.0047087595,-5.7096887,9.1355095,-7.0806656,-24.005842,28.467464,-23.058622,5.3406944,3.9555264,8.328095,11.715285,10.941681,12.266599,-26.868097,63.016235,-4.9648585,4.832532,9.663243,2.8130412,-16.44617,30.12444,66.76447,8.077491,5.1700926,-13.348965
40,12.336997985839844,2.663989543914795,80.72486877441406,1.1028193822108596,-1.044433298862356,54.30941141791937,-41.7835,6.9629602,0.89406824,47.858673,1.4508728,-6.4464874,9.748481,-6.7907276,-22.656267,28.071768,-23.293606,5.5161214,4.3138075,8.224809,12.270612,11.801876,11.793896,-27.133505,62.993217,-4.105163,5.0183525,9.316626,1.7221366,-17.128328,29.671558,65.709335,8.046937,4.7887964,-13.313399
41,13.995553970336914,4.3741302490234375,80.21257781982422,1.5246216525693177,0.09959481577515654,54.56781629678315,-41.80658,5.2779694,-0.24878053,40.84382,2.4760842,-7.857913,10.87132,-6.646726,-22.380463,27.474054,-23.562355,5.912958,4.640099,8.122297,12.45228,12.683551,11.380831,-27.293383,62.966293,-3.2938094,4.7925315,9.18266,0.9332777,-17.791363,29.130608,64.43631,8.172069,4.106495,-13.137451
42,15.67386245727539,6.254663467407227,79.44961547851562,1.6790115354100195,1.2295140585117477,54.72790892631438,-40.860527,4.267705,-1.0157831,33.150288,2.3136299,-9.008839,11.837937,-6.011295,-21.091309,27.228495,-24.311226,5.836112,4.97149,7.8759007,12.434133,13.639519,11.040222,-27.531092,63.16517,-2.9330575,4.8581657,8.791764,0.2718545,-18.389368,28.881218,63.417427,8.081942,3.1101496,-13.295742
43,17.3361873626709,8.269641876220703,78.7334213256836,1.9879307520155132,1.9684862856794039,54.28441536928039,-39.79674,2.8546963,-1.7238666,28.519258,2.6757946,-9.821,13.029181,-6.005695,-19.383715,27.650444,-24.534286,5.7957006,5.303089,7.31667,12.2351,14.275865,10.78811,-27.758049,63.532444,-3.631888,4.6711454,8.883648,-0.14677827,-18.885962,28.947273,62.644928,8.499846,2.3384056,-13.393671
44,18.960853576660156,10.396361351013184,78.14421081542969,2.387971500913651,2.2470592503502878,54.00325950636854,-38.347374,1.6690756,-1.6972588,26.814444,2.7376907,-9.657022,14.700416,-6.899564,-17.994053,28.707792,-24.422066,5.8392763,5.5397487,6.521684,11.735308,14.727624,10.596428,-27.748978,64.69026,-4.471704,4.561538,8.494128,-0.03222116,-19.25316,28.769445,61.939396,8.953023,1.6141686,-12.980084
45,20.541425704956055,12.622146606445312,77.58572387695312,2.6715912094011642,2.1416023741323675,53.944933095832596,-37.356,0.4602961,-2.3559802,27.249073,2.8488946,-9.286975,16.296947,-7.750512,-16.529072,29.65895,-23.927942,5.9739017,5.7257586,5.858507,11.075952,14.823788,10.535985,-27.443464,65.6192,-4.503638,4.778239,8.209497,0.2867239,-19.36834,28.705585,61.395973,8.644898,1.7708784,-12.686439
46,22.06691551208496,14.914244651794434,77.57735443115234,3.1255953955918114,1.5541561312406285,53.476915229133354,-35.495686,-0.8179715,-2.1926785,28.56134,2.8501885,-8.357134,17.113544,-8.319187,-16.33335,31.421968,-21.93058,6.010905,6.148006,5.050201,10.092577,14.725937,10.555398,-27.190306,66.98418,-5.9177313,4.651324,7.810596,1.1871383,-19.390543,29.085062,61.824623,9.007339,1.0681077,-12.034005
47,23.540515899658203,17.2574462890625,77.74864959716797,4.170581063510533,0.5898442035136643,53.30331008323532,-33.8227,-2.586213,-2.5016754,30.147821,3.7718856,-7.2708564,17.209026,-9.635654,-15.225332,35.259342,-18.854185,6.1217914,6.244568,3.7876594,9.030743,14.484932,10.603503,-26.475939,68.11222,-6.610833,4.9263597,7.5220323,2.0725627,-19.283651,29.564316,62.206867,8.768745,1.0637186,-10.934286
48,24.96676254272461,19.64242172241211,78.11608123779297,5.147261735048929,0.16813996193340522,52.89858902735824,-31.804651,-4.6116667,-2.9532297,31.378967,3.2171528,-6.1135216,14.953841,-10.97321,-13.226706,43.27649,-11.874057,5.44064,6.2814837,2.3560333,7.919727,13.954861,10.701846,-26.391962,68.884865,-7.0572624,4.8547025,7.5993767,3.5405738,-18.965338,30.340532,62.50646,8.596073,0.71913874,-10.527707
49,26.34621238708496,22.022722244262695,78.7934799194336,5.90935690569961,-0.5758421574102806,52.49876697430411,-29.285439,-6.070122,-2.8398647,32.796555,1.6242652,-4.4447985,10.305755,-12.16469,-10.945799,54.264008,-4.0143204,5.0546255,5.8247657,0.86012477,7.295947,12.7123375,10.830225,-26.448948,69.64697,-7.422055,4.6250687,8.079395,4.809975,-18.52844,31.433533,62.978043,7.4820004,0.8080849,-9.986504
50,27.705127716064453,24.376129150390625,79.08708190917969,6.583295016599746,-1.5082796216557572,52.54979330268605,-26.554932,-7.4565444,-2.8393571,34.238655,-1.5267481,-2.5331862,4.9686785,-13.217802,-9.44345,64.68793,0.26022014,4.0725293,4.887139,-0.61320627,6.9023056,10.902601,11.08665,-26.35119,70.203316,-6.7932453,4.431174,8.3583145,6.071062,-17.974699,31.9213,62.743946,6.182447,1.0552425,-10.234043
51,29.06753921508789,26.678451538085938,79.59416198730469,6.870926526800669,-2.2311381844161784,51.39771919424378,-23.279385,-7.641664,-2.0890377,34.77807,-4.3283563,-0.70473224,-2.4149878,-14.582515,-8.69035,74.91869,2.201254,3.6237009,3.801441,-1.5447975,6.8804574,8.919818,11.276308,-26.348204,70.02484,-6.825676,4.199127,9.584303,6.5622854,-17.470213,32.543537,63.073486,4.68805,1.6103234,-9.800139
52,30.475706100463867,28.926610946655273,79.92526245117188,7.023698345123426,-3.0872821749398476,50.874171752605506,-19.735418,-8.034452,-1.9328457,34.8688,-8.099149,0.7566354,-9.344479,-16.760736,-9.3721285,81.74353,-0.024489805,1.7246512,2.5208623,-2.3928351,6.994135,6.3962603,11.601702,-26.562492,69.77845,-5.913274,4.181636,10.2732525,7.369725,-16.944017,32.726917,63.44365,3.1513395,2.064129,-9.931248
53,31.98346519470215,31.1104679107666,80.26531982421875,7.058871559507342,-4.215661116619233,49.74631732502871,-15.5212145,-7.981697,-1.5697784,34.468876,-10.75337,1.8157935,-15.65227,-18.602722,-10.211208,85.55237,-3.5128543,0.28355783,1.2366359,-2.8303704,7.125013,3.8432422,12.047291,-26.73788,68.90681,-5.30047,4.237245,10.904171,7.82696,-16.479702,33.0438,64.17002,1.8848536,2.1461055,-9.658107
54,33.64662551879883,33.25780487060547,80.5543212890625,6.674862443662973,-5.293064813235281,48.236961957888894,-11.312582,-7.226921,-0.9836374,34.25046,-12.937132,2.1216755,-21.445383,-20.141659,-10.865152,86.82862,-6.636169,-1.0971154,-0.17416617,-3.0172803,7.4672728,1.1950067,12.55483,-26.498917,67.1871,-4.4654965,4.5434217,11.584132,8.60219,-16.006296,32.49669,64.48564,2.4127743,2.3131108,-9.270308
55,35.52983856201172,35.3848762512207,80.71292877197266,6.705163788304729,-6.281123441361086,47.28751576753437,-7.2285185,-7.224813,-0.9263748,33.768593,-14.364796,2.1465335,-25.51102,-21.379665,-12.572843,83.94233,-9.108232,-1.5066637,-1.0236021,-3.021373,7.779801,-1.3134156,13.18729,-25.85978,65.214,-4.2195935,4.6278563,11.609081,9.212364,-15.687641,31.471598,64.90692,3.595198,1.7471342,-8.595643
56,37.65715408325195,37.537960052490234,80.95306396484375,6.501498986089267,-6.791970497465253,47.07527242112713,-3.6260583,-6.475555,-0.13964042,33.1938,-15.24347,1.9541206,-28.748148,-22.323467,-14.3108015,78.994,-10.363417,-1.9129047,-1.7935045,-2.860091,8.139385,-3.358167,13.907208,-25.063824,62.42662,-4.2127676,4.554481,12.073807,10.160965,-15.39563,30.654598,65.04496,3.327848,2.0104563,-8.62144
57,40.045047760009766,39.73593521118164,80.97884368896484,7.0136311418823745,-6.759177490204137,46.54820248798736,-0.31435776,-6.798988,-0.05809982,32.11127,-15.945357,1.450422,-31.869696,-22.584646,-15.66528,71.89382,-9.778117,-1.5733515,-2.7060626,-2.630916,8.305264,-5.2545943,14.675419,-24.177233,59.79227,-4.43298,3.8616407,11.557847,11.594582,-15.110553,29.245052,64.626976,3.8016455,1.4520469,-8.333373
58,42.654754638671875,42.009910583496094,80.98069763183594,6.8380025118287024,-5.996280629368574,46.21079554691282,2.4245307,-6.014928,0.4241309,31.150465,-16.857185,0.75928205,-33.739914,-22.186,-16.57684,62.946453,-8.376592,-1.1333864,-3.5702226,-2.2127643,8.507965,-6.4112096,15.441755,-23.617065,57.050056,-5.216161,2.9024334,11.692047,12.4849,-14.763721,28.535244,64.86954,3.726988,1.8429328,-7.9028444
59,45.43814468383789,44.32957458496094,80.73373413085938,6.681563329786494,-5.2440893425694055,46.36582276690949,5.0110736,-5.2531514,0.5378329,30.577824,-17.617878,-0.16269082,-34.24336,-21.111206,-17.60449,51.971245,-7.5621424,0.37287584,-4.103765,-1.5430293,8.611195,-7.323402,16.115873,-23.260727,54.381298,-5.6175733,2.6077096,11.408359,13.304516,-14.537025,28.267376,65.09794,3.2173111,2.1657119,-7.9998384
60,48.335662841796875,46.6839599609375,80.27819061279297,6.477341448369386,-3.8365905105082674,47.59650993044133,7.0473323,-4.400341,0.15102209,30.151472,-17.931166,-1.1546581,-33.504555,-19.616873,-18.274256,41.204338,-8.68811,2.8571687,-4.6420317,-1.0115266,8.439571,-7.9104095,16.736166,-22.875704,52.600662,-4.4822993,2.6266856,10.950125,14.179929,-14.356974,28.00185,65.37365,3.8203034,2.9295459,-8.453088
61,51.257347106933594,49.02545166015625,79.58868408203125,6.211974145229679,-2.948404840852357,48.063365702454405,9.165229,-3.3627827,-0.25976968,30.891731,-18.309328,-2.2739124,-32.395123,-17.965593,-18.6485,33.775005,-10.224374,4.543821,-4.965949,-0.22369146,8.012153,-7.761621,17.10518,-22.798223,51.670048,-4.6041346,2.3067605,11.665277,15.323737,-14.129462,27.88767,65.69719,5.380553,2.988831,-8.323202
62,54.14213562011719,51.34080505371094,79.0040512084961,5.4251269643771,-2.3710999336307457,48.68658466002616,10.709643,-1.6612036,-0.40055504,32.380318,-17.881807,-3.4327884,-31.340017,-16.446926,-19.14385,31.56341,-10.440895,4.518191,-5.375445,0.66681594,7.508552,-6.916838,17.208618,-22.307718,51.170387,-5.8102374,2.469398,12.07525,16.340162,-13.7504015,28.163118,66.31206,6.8804126,3.149426,-8.317097
63,56.93910598754883,53.60234832763672,78.83187103271484,4.312029852949139,-2.275456863368713,49.11529164419664,11.128407,0.45820513,-0.37604442,35.092525,-14.625672,-5.063099,-29.716328,-15.565797,-20.168055,33.05348,-9.345401,3.071559,-5.6811113,1.3337164,6.943376,-5.2720847,17.096184,-22.966143,51.923588,-5.382065,2.6282759,12.103998,16.933447,-13.33847,28.1734,67.59216,8.332923,2.5718377,-8.695747
64,59.61106872558594,55.783226013183594,78.67494201660156,3.111520610007376,-3.1349429672005673,49.20208053778147,10.638091,2.3564465,-0.7077239,40.27347,-10.443682,-6.654149,-29.03192,-15.133994,-21.001095,36.892944,-7.119101,-0.025552737,-6.0090423,2.2018187,6.296279,-3.37857,16.762327,-24.02999,54.020573,-6.102493,2.4039073,11.909348,17.412704,-12.828336,27.840368,68.24526,9.514682,2.716121,-9.020413
65,62.16884231567383,57.896453857421875,78.697021484375,1.561084685246254,-3.9154376347464486,49.39501070533028,8.795719,4.4071193,-0.66409826,48.473343,-5.7053766,-7.597358,-27.752073,-14.1441765,-21.599638,40.169674,-7.013255,-2.1781194,-6.1072807,2.9591486,5.9196353,-1.3412635,16.228735,-24.94174,56.840893,-6.983304,2.299248,12.234338,17.459248,-12.255227,27.29151,69.16155,10.195184,2.6992307,-9.16899
66,64.63219451904297,59.93300247192383,79.007080078125,0.7782655161421466,-4.8381051311794,48.553743148755544,3.5660677,5.764268,-2.109009,60.396667,-1.0205531,-8.9658575,-25.091965,-13.478818,-22.542448,42.7371,-9.70928,-3.7717552,-5.818142,3.4365532,5.7469926,0.1681141,15.714191,-26.551985,59.905476,-6.946334,2.235174,11.147302,17.008078,-11.82727,26.629332,69.02899,10.548834,2.9902062,-9.869408
67,67.03424072265625,61.9122200012207,79.30278778076172,-0.012012406999314315,-5.788731147488978,47.79576970803159,-2.3534591,8.235156,-1.7823157,70.83714,2.4003804,-8.196017,-21.519018,-12.2121525,-23.20896,43.55426,-12.126816,-4.60766,-5.1616254,3.939095,5.89276,2.1393685,15.160617,-27.96494,62.526608,-6.798895,2.8100097,10.311008,15.715532,-11.656479,25.695948,69.32135,11.668389,2.6428742,-10.583034
68,69.42176818847656,63.85551071166992,79.69389343261719,-0.7421241206907497,-6.309112335774608,46.86877003492793,-8.767307,10.629037,-1.189592,79.84765,2.7309437,-6.164501,-18.143797,-10.275236,-22.904945,43.23253,-14.65835,-4.570247,-4.0918684,4.402923,5.9934306,3.9018764,14.732847,-28.667095,64.14401,-6.7439866,3.238225,9.758194,14.348137,-11.856991,24.86772,68.851,11.371924,2.847622,-11.513536
69,71.83806610107422,65.76488494873047,80.32722473144531,-0.8446456545068451,-6.587422191698678,46.186637812272785,-14.729932,12.290214,-0.56495404,85.39631,1.2121673,-4.0712547,-14.693365,-8.71081,-21.914396,41.850178,-16.033077,-4.1765327,-2.7559187,4.8468194,6.0872817,5.4100375,14.394709,-28.718126,65.2023,-7.1686153,4.029497,8.723659,12.473239,-12.454889,24.619753,67.97614,10.707177,3.298213,-11.995744
70,74.30789184570312,67.66362762451172,80.96675109863281,-0.8573208745466805,-6.447012004971408,45.56202630832033,-20.415833,13.139921,0.42527974,87.8545,-0.57582295,-2.589845,-11.077475,-7.3249354,-21.374668,39.38665,-17.401146,-3.1923735,-1.3850704,5.012485,5.99155,6.9221263,14.200109,-28.409658,65.65655,-6.0764747,4.688381,8.235488,11.088573,-13.370214,23.939272,65.43967,11.641547,3.2569842,-13.170986
71,76.84796142578125,69.55766296386719,81.6169204711914,-0.6776204298890312,-6.186434955640012,45.10688169221665,-25.529839,13.219821,1.5837497,87.32835,-2.4258075,-2.1397967,-7.658474,-6.4137535,-20.971502,37.166187,-17.280653,-1.9998323,0.0036045762,5.2673626,6.0719843,7.9319563,14.230862,-28.211739,65.76959,-5.575123,5.044897,7.9835935,9.518727,-14.695318,23.345062,62.775078,11.374437,2.8533897,-13.674172
72,79.47298431396484,71.45533752441406,82.11326599121094,-0.22752772173513586,-5.988563964867725,45.085397331539625,-30.064991,12.136977,2.4928327,84.35215,-2.9692283,-1.8993728,-4.326829,-5.9941072,-20.6343,35.493114,-17.198315,-0.96565914,1.2414011,5.382134,6.320336,9.34328,14.260456,-27.205954,65.06115,-5.4934716,5.4599295,7.4141307,8.012779,-16.258757,22.365084,59.845703,11.905691,2.4630308,-13.833563
73,82.18238830566406,73.3729019165039,82.41519927978516,0.32082175069437974,-5.8858518430143985,45.4215404774088,-33.253906,11.24036,3.7515354,77.161446,-2.144115,-1.354992,-1.0682807,-6.0514646,-20.90696,34.66046,-17.200579,0.07825838,2.2292256,5.2591043,6.842978,10.617203,14.215015,-26.341328,64.76353,-4.81676,5.9126773,7.0774612,6.356949,-17.971903,21.446426,56.67285,12.40832,2.2677147,-14.781502
74,84.96199035644531,75.33890533447266,82.6046371459961,0.8343194468511873,-5.173697893057386,45.47960054800812,-35.603035,9.262319,4.812117,68.59215,-0.3987073,-2.0296357,1.542436,-5.5965776,-20.37392,33.40083,-17.246101,0.97823083,3.1099598,5.3242908,7.150434,11.840712,14.050375,-25.513466,64.35474,-4.400396,6.0242352,6.70652,4.4642177,-19.821428,20.402958,54.891293,12.349438,2.2887146,-14.395638
75,87.78047180175781,77.35653686523438,82.28130340576172,0.9166390674796713,-4.282798105037292,45.556898296747995,-37.309776,7.37073,5.1577625,59.279255,1.132671,-2.865024,4.0898614,-4.2839675,-19.256727,31.775469,-18.788511,1.5899795,3.7787478,5.4962945,7.460727,13.10023,13.849144,-25.032722,63.64279,-3.6522717,6.094377,6.4946766,3.5620914,-21.529905,19.42424,52.378506,11.672211,2.41492,-14.469806
76,90.5915756225586,79.40866088867188,81.84739685058594,0.5070158485127103,-3.83983873624103,45.691972377382285,-36.83599,6.2849894,7.1292405,47.596775,3.0207398,-3.7029996,7.19636,-2.7826993,-18.88307,30.277414,-19.380436,2.2365668,4.3496075,5.511657,7.5864787,14.148168,13.457378,-25.245586,63.395134,-4.0889173,6.2123566,6.423547,2.1718292,-23.042007,18.7594,51.25734,12.296159,2.5734842,-14.190548
77,93.37200927734375,81.48731231689453,81.10880279541016,0.21585434681526322,-2.730013555389269,45.46488224776144,-36.230366,4.4658084,7.815243,37.031033,3.918416,-5.556981,9.205414,-1.2533587,-17.4071,29.34761,-20.496664,1.9183484,4.9269238,5.4814982,7.439684,15.042833,12.968957,-25.265747,63.580616,-4.6258864,6.3962564,6.935007,1.4349322,-24.178885,18.016891,49.865902,12.126233,2.416918,-14.267311
78,96.09123229980469,83.55768585205078,80.20057678222656,0.367507228504157,-1.5033334240847742,45.95280136779887,-35.589455,2.7565987,8.228993,29.145472,3.6826556,-6.9547143,10.920253,-0.45193592,-16.051647,29.289635,-21.53843,1.4743062,5.2475696,5.0956397,7.107252,15.404931,12.442302,-25.915667,63.76732,-5.5833654,6.4891477,7.687637,1.2794203,-24.76709,18.098497,48.658848,12.154445,2.1935334,-14.216298
79,98.71977233886719,85.60317993164062,79.27252960205078,0.5489343468563259,-0.9595246987007203,46.144477689812334,-34.793476,1.4810401,8.6195755,25.209846,3.5234177,-7.145763,13.154886,-0.34457672,-14.353888,30.127697,-22.06207,1.3766446,5.435847,4.363255,6.697423,15.615847,11.986366,-26.546963,64.25754,-6.2696085,6.5395255,8.475577,1.4868609,-24.7721,18.619602,47.9581,12.321916,1.9745876,-14.325285
80,101.27217864990234,87.6084976196289,78.59493255615234,1.0210599000166645,-1.3520524405115453,46.51739061175213,-33.956,0.29521313,8.786378,24.886536,4.3163457,-6.3850017,15.230507,-0.3634488,-13.062053,31.26078,-21.580822,2.019591,5.607261,3.4257576,6.1762958,15.395727,11.700796,-26.251171,64.71846,-7.6451483,6.3786435,8.385885,2.1825452,-24.282066,19.332163,48.123493,12.711634,2.072721,-13.379952
81,103.75567626953125,89.57809448242188,78.22265625,1.442762398097083,-2.6633496471482605,46.631536959516325,-33.015785,-0.7754173,8.261196,26.572592,5.692157,-4.960574,17.035418,-0.62863046,-12.617948,33.484535,-19.144962,3.3281178,6.0098405,2.1523108,5.542099,15.218409,11.549771,-24.868639,65.179276,-8.324678,6.2100153,7.921764,3.8171957,-23.379004,20.19895,48.89036,12.11812,1.7968643,-12.597419
82,106.19866943359375,91.51671600341797,78.20643615722656,2.2461718982651337,-4.262751381313382,46.4619557736934,-32.110123,-2.0163157,6.938391,29.183723,7.8961105,-3.3484066,17.290413,-1.4420556,-12.691441,38.461334,-15.851924,5.428248,6.419717,0.9743972,4.9159846,14.896884,11.632621,-23.281052,64.93756,-8.390476,6.5463953,7.797387,4.9797173,-22.292795,21.965668,50.74301,11.755611,1.5992066,-11.65481
83,108.62471008300781,93.43537902832031,78.51354217529297,2.754295406837092,-5.307159785555698,46.48875387917288,-30.901438,-3.0591714,5.9969883,31.298128,7.9687085,-1.966683,14.571096,-2.3153338,-11.594344,46.762413,-10.17047,8.310458,6.673037,-0.4132375,4.9029417,13.897315,11.794833,-22.533077,64.26372,-8.764582,6.253947,8.656393,6.0068326,-21.164804,24.351007,53.30847,10.786051,1.6070635,-11.148416
84,111.04682922363281,95.31526947021484,78.94786071777344,2.697897727774563,-5.783094271503538,46.91282018838352,-29.620886,-3.8228242,4.582992,33.218807,6.117841,-0.7372854,10.120839,-1.9426094,-9.8249855,56.191322,-5.0932875,11.273069,6.564148,-1.3606938,5.052922,12.65167,12.074892,-21.617977,63.26239,-9.398268,5.5175443,9.986073,7.0841446,-20.03706,26.305592,56.32069,9.509444,1.1802949,-10.267595
85,113.46617126464844,97.12623596191406,79.78008270263672,2.3914431313394924,-5.655120169003425,47.90433805663096,-28.010586,-4.4038854,3.0493953,34.69012,3.5695438,0.425167,5.4420485,-4.183854,-10.957843,64.59311,-3.2302368,11.750746,6.446317,-2.0588827,5.417831,11.014331,12.454999,-21.038124,62.143333,-9.667229,4.9326315,10.73382,8.112401,-18.977058,28.392904,58.77723,7.6984015,0.9996119,-10.089957
86,115.87525939941406,98.8089828491211,80.58441925048828,2.359777775034475,-5.664624121184254,48.6514082377336,-25.613016,-4.37235,2.5760384,35.177967,1.3940238,1.1973611,-0.47028098,-7.812777,-13.064029,72.00247,-5.0324683,11.373332,5.822866,-2.737305,5.9546103,8.647125,13.07451,-21.584042,60.00553,-8.520168,4.5900807,11.300309,8.526029,-18.070469,30.319006,60.96721,6.076418,1.5964919,-9.425527
87,118.3004150390625,100.34014129638672,81.69123840332031,2.680780323789904,-4.941094099883855,49.41162823944653,-23.54857,-4.3993425,2.2406871,34.797836,-0.26695356,1.8992715,-5.977734,-12.247762,-14.870926,77.4838,-7.885689,10.835637,4.8593454,-3.260191,6.629316,6.2982163,13.599057,-22.118856,57.527164,-9.421247,4.8510914,12.650745,8.94559,-17.238968,31.015017,62.718777,4.6697955,2.5542908,-9.598684
88,120.75176239013672,101.68058776855469,81.85379028320312,3.800566940258543,-4.859532235364428,51.134331989439914,-21.416155,-5.6654096,1.2974522,34.71156,-3.6281972,2.1444597,-11.077377,-16.484522,-15.894275,79.558,-11.423722,8.216322,3.9733214,-3.3553157,7.417269,4.5008993,14.366998,-20.97171,53.512974,-6.2114143,3.0948415,11.703347,9.393135,-16.75145,31.15731,62.960133,3.5399072,1.9397736,-8.783926
89,123.20039367675781,102.8520736694336,82.36589050292969,2.724471469948592,-5.372534710997227,50.87860056513247,-18.74161,-4.1436286,-0.73684406,35.288406,-4.4174037,0.43059584,-14.722202,-17.91964,-14.604531,75.99926,-13.9589,7.68017,3.6272912,-3.3365898,7.945913,4.2598376,15.185757,-21.175516,49.19523,-8.138623,4.3669252,13.626868,9.535722,-16.174969,31.052076,63.501747,2.4066818,3.6442246,-9.123733
90,125.73611450195312,103.84597778320312,82.8409423828125,2.9078936984476824,-5.052165119877195,51.88550302209675,-16.937382,-3.129259,-0.70963323,35.261578,-6.145845,1.174308,-18.682632,-20.893393,-13.916376,73.16296,-14.381055,6.9433227,2.904153,-3.4307065,8.497236,4.233614,15.990324,-20.564547,44.00208,-8.980351,4.8219786,14.1603775,9.970487,-15.704573,30.650267,64.23873,3.355981,4.4083447,-8.9683075
91,128.3478546142578,104.6863784790039,82.85921478271484,2.9452935587044147,-5.22248640403674,53.13540144208183,-15.342347,-2.9641356,-3.0429716,36.10624,-7.4119954,0.14343838,-21.67527,-22.0864,-12.227442,68.359825,-14.004191,7.296561,2.6378365,-3.0162766,9.328318,4.266657,16.963755,-20.284365,39.065533,-9.494294,4.3482785,12.785416,10.292686,-15.508241,30.44782,64.55439,3.3235695,4.395854,-9.826984
92,131.05470275878906,105.41498565673828,83.05719757080078,2.8758961439308233,-4.119741658945555,55.447263890557345,-15.0685835,-2.2449517,-4.9067535,36.288113,-8.419463,-1.7738088,-23.9868,-22.625954,-9.142404,60.361355,-11.880216,8.061832,2.2388399,-2.8990033,10.165027,5.2081027,17.777288,-20.171463,34.23165,-9.202685,3.947386,12.369877,10.737436,-15.370441,29.49349,63.837875,2.858007,4.517501,-10.724472
93,133.82373046875,106.0093994140625,82.6756591796875,3.2475870983759005,-3.7526221741641157,57.47329421023185,-14.513552,-1.7961388,-6.7793097,37.31989,-10.826147,-3.1904037,-25.115845,-22.787785,-5.234727,52.68515,-9.500769,9.386247,2.251387,-2.4254487,10.626537,6.2042966,18.517359,-20.553537,31.312843,-9.264691,2.561244,11.222299,11.387416,-15.367544,28.94205,63.634125,2.470504,4.5210247,-10.404667
94,136.6132049560547,106.49168395996094,82.25011444091797,3.115574251415172,-3.0320767399017914,59.783495179213496,-14.896141,-0.9798162,-9.449654,39.01911,-13.102244,-4.8474083,-25.941843,-23.209852,-1.6920645,46.005344,-6.63355,11.098624,2.6284013,-1.9006227,11.164401,7.6163597,19.216562,-20.611694,28.367937,-7.9810643,2.1506286,10.932715,12.215076,-15.4148855,27.554745,63.436348,3.4108922,4.47969,-10.137591
95,139.3822021484375,106.84394836425781,81.72059631347656,2.7349123676588047,-1.721628486899686,62.517553756408276,-16.266779,0.102884896,-12.493721,40.760475,-15.502481,-6.541672,-26.600231,-24.441387,0.791534,40.454407,-4.872147,11.874959,3.2133553,-1.2642447,11.804848,9.461742,19.819622,-21.032782,27.210665,-6.582984,1.6237905,10.971961,12.309658,-15.543299,26.96549,63.962616,3.9358048,4.1797557,-10.3156595
96,142.09400939941406,107.02747344970703,80.9521255493164,2.4896164304168,-0.697419669412087,64.62068889564085,-17.883226,1.6099659,-14.618207,43.30816,-17.587296,-7.8880553,-26.736631,-25.275078,1.8771734,38.072,-4.4364023,12.762603,3.721199,-0.7397844,12.441091,11.284079,20.353058,-21.369799,26.565823,-4.922457,2.2235184,11.576896,12.51282,-15.668097,26.507807,63.695145,4.3694906,4.2603807,-10.792167
97,144.71414184570312,107.01713562011719,80.17892456054688,2.2241165469418642,-0.2008840043489857,66.6246523895127,-19.219856,2.9982133,-16.968035,45.863735,-18.844261,-9.362253,-26.859327,-25.715427,2.038564,37.792973,-4.5914598,13.2895775,4.2722526,-0.3409178,13.14065,13.06765,20.898,-21.141932,26.3026,-3.2495606,2.8130946,11.909538,12.08451,-15.831143,26.434772,63.453922,4.8062334,4.095159,-11.19911
98,147.22088623046875,106.80438232421875,79.34996795654297,1.8096554920179984,-0.4352826577128759,68.403438282436,-20.16253,4.446183,-19.31182,48.62857,-19.534084,-10.888979,-27.503403,-25.029636,3.0653718,39.568886,-3.3339043,14.034339,5.0157886,0.07976618,14.158945,14.892212,21.36062,-19.888388,25.775127,-2.3433,4.225083,13.38508,11.592917,-16.108421,26.450905,63.217484,5.661637,3.5524647,-11.796439
99,149.60203552246094,106.43205261230469,78.43792724609375,1.081969955210112,-0.14409240687240787,70.28419555192227,-22.343538,6.023987,-21.33578,51.91736,-19.653309,-12.50765,-28.078861,-24.759317,1.8701311,42.853996,-5.3050313,13.749599,5.5646925,0.45625192,15.421776,16.797628,21.801785,-18.966946,24.55933,-0.19620328,4.902158,14.605343,10.511281,-16.490429,26.42756,62.84218,5.992081,2.7220418,-12.787103
100,151.85923767089844,105.91645050048828,77.16150665283203,0.9522030375096431,-0.21909310245940672,72.50472497340007,-25.08239,7.267262,-22.829405,55.55905,-18.46251,-14.286246,-29.418798,-24.397688,0.4322058,47.565258,-7.018781,13.278054,6.0381913,0.7044793,16.994589,18.721832,22.197632,-17.89356,22.484425,1.2264712,5.3907394,16.487328,9.28396,-17.024837,26.058542,61.843575,6.0055556,2.1148398,-13.76504
101,153.96067810058594,105.32614135742188,76.82588195800781,-0.03223142302043573,-0.6856914909107198,74.58904737236284,-29.036177,8.679604,-24.164215,60.398445,-16.170385,-15.000033,-30.381588,-24.214994,-2.44681,53.23004,-11.236996,11.588743,6.304166,1.3754817,18.771872,20.28062,22.596504,-17.341246,19.752867,3.607895,6.056849,16.856594,7.3779845,-17.732721,25.80058,61.470394,6.257683,1.5746162,-14.617686
102,155.9551544189453,104.7336196899414,76.25292205810547,-0.5925866640194746,-0.7067612472945877,76.82090361034754,-33.93793,9.853012,-23.341515,66.97496,-13.219608,-14.646832,-30.789429,-23.733677,-4.679795,56.80742,-14.27547,10.716409,6.617487,2.0956578,20.401117,21.078995,22.807768,-16.670979,16.701757,3.9550946,5.9034095,16.642765,4.808839,-18.74316,25.579247,61.66198,5.315563,0.9214168,-13.926392
103,157.8417510986328,104.21571350097656,75.98676300048828,-1.131143302014445,-0.6636822770065949,79.12449928437985,-39.972404,10.624484,-20.339983,75.1109,-10.413057,-12.482815,-30.307337,-23.252577,-7.284154,58.944202,-16.66507,9.667426,6.6800056,2.881273,22.058157,21.053158,22.749939,-17.082312,14.0673065,5.827251,6.211838,16.455355,1.8106984,-20.078722,24.559319,62.660164,7.3869987,0.80299646,-13.713692
104,159.65634155273438,103.86138153076172,76.04109191894531,-1.666166003504739,0.2475799488424656,81.78195718576859,-46.18292,11.899499,-15.826401,82.52892,-9.5186615,-9.319702,-29.63732,-22.70187,-10.310686,59.358665,-18.701805,9.024521,6.823023,3.7021456,23.705385,20.711258,22.46465,-17.485077,11.0601635,8.47767,6.6740355,16.604712,-0.60717064,-21.726896,22.57043,62.348907,8.892735,0.9355878,-13.853071
105,161.4158935546875,103.71121215820312,76.3321304321289,-1.4577940711236879,0.5119186203233322,84.55751938163478,-50.820034,11.710869,-10.8068495,85.896866,-9.4906645,-7.25966,-28.728573,-22.598143,-12.2400055,60.13183,-19.771866,7.8119936,6.7432737,4.414742,25.711992,19.735607,22.07558,-18.136118,8.35704,11.134705,7.194832,15.887719,-3.2153804,-23.70496,20.693056,61.500904,10.053152,1.3822562,-13.588436
106,163.1265106201172,103.8304672241211,76.80248260498047,-0.8526066543521524,1.1382424691211421,87.08550752409832,-53.69704,11.323296,-4.90838,84.53271,-9.576798,-6.746682,-28.21166,-21.93169,-12.907631,60.135105,-20.116173,8.036053,6.0278387,4.8772244,28.075502,18.358894,21.668705,-19.150097,7.0709624,13.274179,6.9842734,14.951172,-6.305966,-26.010536,19.436935,60.15062,10.282447,1.4847156,-12.935
107,164.76292419433594,104.23729705810547,77.30223846435547,0.0036458505674416457,2.263641072909694,89.38501098867506,-55.406097,10.142261,0.43185377,80.26403,-9.093304,-6.7156157,-28.673391,-20.837524,-12.370691,60.323906,-19.693335,8.998002,5.4723206,5.3781137,29.793802,16.54285,21.251162,-20.33925,7.1692486,14.233256,7.137913,14.375065,-8.367119,-28.257782,18.7378,57.540844,9.703588,2.2766485,-12.956868
108,166.28677368164062,104.91645050048828,77.68379211425781,0.8660274440147265,4.322620684216154,91.86636680034215,-57.010033,9.996931,6.620612,73.80564,-6.3251653,-6.543406,-30.111496,-19.823452,-11.748849,60.778133,-19.76838,9.258269,4.978469,6.005331,29.793802,14.325759,20.615395,-22.421318,9.483199,16.253773,7.919838,14.959814,-9.570495,-30.089054,18.917553,54.465992,8.233008,3.4213583,-12.964558
109,167.634033203125,105.7923812866211,77.49592590332031,0.7090971075764847,6.150505779655742,93.53232940699962,-56.95991,10.55819,12.26641,67.53812,-4.604337,-6.2519493,-31.176138,-19.11165,-12.986547,62.163128,-20.561018,8.593549,4.6145573,6.642127,29.793802,11.906117,19.961676,-24.109076,11.700479,17.756445,9.141903,15.108809,-9.6039095,-31.393099,18.599869,50.14467,6.8289585,3.854352,-13.581624
110,168.79188537597656,106.79200744628906,76.99979400634766,0.6599247494764539,7.7250450024357225,95.01160545825121,-56.73055,9.8882,15.271612,60.9864,-2.310043,-7.225451,-32.699028,-18.583994,-13.488099,64.85456,-21.512,7.9062715,4.569045,6.9111047,29.793802,9.925585,19.39037,-25.748493,13.51148,18.705053,9.701467,15.703922,-9.006936,-32.182434,18.707386,45.816635,5.535177,4.057873,-14.006108
111,169.7584228515625,107.8395004272461,75.97218322753906,0.27434900135586193,9.12385877241818,96.07748071159989,-56.311832,10.332235,17.247343,55.85653,-1.2715021,-6.542184,-34.136257,-18.5399,-14.38503,68.68284,-23.123568,7.342172,4.660494,6.7777286,29.793802,8.030563,19.060335,-27.255907,15.163465,19.530329,10.187735,16.426632,-7.724205,-32.446297,18.94738,41.37117,3.1437924,4.11764,-14.898214
112,170.56004333496094,108.86686706542969,74.54866027832031,-0.39397594476831066,10.074218812732681,96.77197635135036,-57.01518,11.246856,17.36373,55.027355,-1.550629,-5.244921,-35.70277,-18.2711,-14.142741,73.55483,-24.616749,8.107184,4.9024887,6.085813,29.793802,6.5785093,19.037668,-27.958626,16.33271,20.139559,10.549343,16.669989,-5.8683686,-32.213303,19.50931,37.621037,-0.20402482,4.549756,-15.9674225
113,171.24977111816406,109.83765411376953,72.93941497802734,-1.2428332612701873,10.565957765479206,97.50485312581976,-58.48492,12.925127,17.184631,57.275017,-3.586093,-3.843855,-37.024094,-18.992584,-13.7058325,78.92072,-25.756916,9.070108,5.363751,5.0402956,29.793802,5.27357,19.31452,-28.51835,16.602215,21.312986,10.923469,17.61866,-3.8423629,-31.702864,20.375134,34.98459,-3.1063073,4.575959,-16.956991
114,171.8816375732422,110.75203704833984,71.76033020019531,-2.084294457698515,10.994407214158336,99.01669664234755,-60.821163,14.137118,15.873803,61.107746,-5.7692337,-2.528733,-37.699547,-20.405382,-13.45792,83.55294,-26.655113,10.029344,5.8408837,3.9900315,29.793802,4.8143725,19.890743,-28.900291,15.448704,22.796055,11.040334,17.757082,-1.7375337,-31.02643,21.135616,33.36111,-6.1352525,4.6852303,-18.119413
115,172.505615234375,111.62372589111328,70.431884765625,-2.863359797629229,11.125910013791106,100.71041788776972,-63.606583,14.91994,14.266386,65.45354,-7.915559,-2.0694733,-38.519337,-20.427849,-11.745462,87.984116,-27.831392,11.774466,6.3870296,2.8328712,29.793802,4.7212195,20.72525,-28.982216,13.8061285,25.696772,11.517079,19.059267,0.47293448,-30.289576,22.028656,32.37807,-8.382035,5.2631965,-19.0341
116,173.14259338378906,112.48817443847656,69.0006103515625,-3.109923955270284,11.063288447320408,102.85627831462428,-66.18969,15.598136,13.289387,70.40964,-11.4707,-0.6641233,-37.85817,-20.946053,-9.818579,92.473335,-28.734406,12.941763,7.160475,2.158895,29.793802,5.3084455,21.655336,-29.065502,11.03946,28.329615,11.740601,19.927027,3.545029,-29.356207,22.44022,31.778027,-10.513572,5.5361466,-20.52523
117,173.77601623535156,113.37774658203125,66.84481811523438,-2.973925723311057,10.930781571989074,105.39900167982476,-69.52404,15.582451,12.2642,76.27084,-13.783879,-0.37175378,-36.39412,-21.732897,-8.940653,95.05535,-31.73644,13.434725,7.768809,1.177694,29.793802,6.336635,22.7505,-29.212975,8.200377,31.359903,11.703154,21.33578,5.5951567,-28.527548,23.684698,31.863876,-12.336064,5.664562,-21.15895
118,174.3776092529297,114.30545043945312,64.74324798583984,-3.347054422759742,10.450072587741916,107.63796036428595,-72.770706,15.713001,10.463906,82.46688,-17.106466,0.6212271,-34.06383,-21.099705,-7.1810703,97.93124,-32.783905,14.476655,8.462677,0.40107968,29.793802,7.830103,24.026056,-29.000982,4.271296,33.73295,10.999658,21.737167,7.707514,-27.752668,24.373907,32.055164,-13.6503935,4.9929276,-21.406975
119,174.93087768554688,115.28778076171875,62.72290802001953,-3.3767420587627948,10.116559305538868,109.64791833739041,-75.6535,15.655807,9.119946,88.02752,-20.016499,1.2648336,-31.048204,-20.526318,-6.170714,100.15106,-33.79419,14.69624,9.130788,-0.30790433,29.793802,9.775825,25.233555,-28.881205,0.25890893,35.36671,10.512221,22.976242,9.3922825,-26.974072,25.237179,32.340305,-14.067852,4.711227,-22.004513
120,175.42030334472656,116.30738830566406,60.556007385253906,-3.2603591968355365,9.943702562546907,111.48248117025777,-78.901375,15.07875,7.558483,93.738686,-22.66089,1.2741063,-27.773365,-19.17699,-5.082349,102.696526,-35.2693,14.806751,9.732067,-1.0629306,29.793802,11.952261,26.440401,-28.834728,-4.1965938,37.141003,10.1894245,23.759985,11.357287,-26.203266,25.793043,31.944605,-15.09734,4.78782,-22.302351
121,175.86514282226562,117.32472229003906,58.21063995361328,-3.596776035340465,9.405152214831675,112.95322367742577,-81.89094,14.96656,5.7429414,99.58983,-25.92971,1.2091298,-24.463644,-15.969881,-4.0260167,105.7067,-35.657536,15.000033,10.354518,-1.5833586,29.793802,14.439207,27.694859,-29.133034,-8.889351,39.215,9.612164,25.370493,12.965663,-25.671608,26.373161,31.507559,-15.311758,4.1997447,-21.759697
122,176.28846740722656,118.31697082519531,56.07831954956055,-4.346264054106484,8.943925070198903,113.90746199774584,-85.09661,15.486143,3.465617,105.379326,-28.442406,2.07438,-21.089493,-11.890358,-3.39333,108.22597,-35.716675,15.000033,11.059879,-1.9048144,29.793802,15.739417,28.993958,-29.49254,-12.645432,40.360203,9.067713,26.47546,14.200352,-25.218767,26.794014,31.045927,-15.109179,3.8145974,-21.491512
123,176.64431762695312,119.20365905761719,53.5942497253418,-4.853230098567745,7.604448239944763,115.02759610044087,-87.75486,14.938111,1.1518836,111.38827,-30.08301,2.2310078,-17.534044,-10.388934,-3.3861184,110.69598,-37.965828,15.000033,11.7790165,-2.2709484,29.793802,17.61803,30.158361,-29.229841,-16.828005,41.69541,9.54848,28.308609,15.421516,-24.914824,27.095312,29.956133,-15.58276,3.7318573,-22.21178
124,177.05055236816406,120.02073669433594,51.35508346557617,-5.597670906958226,6.591807979425649,115.85799494680474,-90.58703,15.025198,-1.2897851,116.78033,-32.132023,3.1086397,-14.28042,-5.4661937,-2.8428872,113.06768,-37.076904,15.000033,12.625009,-2.0265121,29.793802,19.237543,31.225649,-29.12566,-20.586765,42.691277,9.803826,29.738054,16.55422,-24.7239,27.17095,28.661327,-15.160673,3.0059168,-22.496922
125,177.37010192871094,120.65564727783203,48.7224235534668,-4.54784795327412,4.883332790755188,117.5461181934369,-92.140434,14.3929615,-1.1365598,121.770355,-33.71474,3.2014346,-10.67128,-5.1074886,-3.505164,116.08764,-38.61029,15.000033,13.09817,-2.4619365,29.793802,20.773983,32.221195,-29.161224,-23.833918,42.397648,8.292188,30.986746,18.037846,-24.491205,27.11133,26.81501,-15.139793,2.7816818,-23.519712
126,177.70281982421875,121.15807342529297,46.68730926513672,-5.085316563888496,3.579780841070792,118.01694686170633,-94.34895,13.677809,-3.3226626,126.0179,-34.698174,3.1693058,-8.092317,-2.562663,-4.3809037,118.780045,-39.171803,15.000033,13.6457205,-2.5008752,29.793802,21.966602,33.066776,-29.291975,-26.721859,42.154934,6.8792644,32.19018,18.966698,-24.422482,27.032877,25.01934,-14.958654,2.0441968,-23.21552
127,178.06924438476562,121.5322036743164,44.830081939697266,-5.472213097513944,2.3181327198367496,118.25952869962669,-96.465034,13.121518,-5.364608,129.73656,-35.402756,3.5481591,-5.9089613,0.59075195,-5.003739,121.43414,-39.69464,15.000033,14.198435,-2.3062658,29.793802,22.812628,33.607643,-28.875443,-29.458477,41.14307,6.4994764,32.587925,19.898972,-24.482302,26.288322,22.718962,-14.955716,1.7497296,-22.794138
128,178.40333557128906,121.7254409790039,42.88905334472656,-5.993591418092612,0.6673573674207594,118.29043823835664,-98.25725,11.978066,-7.446925,133.18198,-35.728046,2.4994042,-4.011629,1.8779173,-6.790691,124.564026,-41.95318,15.000033,14.791385,-2.0208852,29.793802,24.011627,33.879143,-28.688354,-32.301838,41.17386,6.695658,33.711823,20.726831,-24.675745,25.615664,20.229433,-15.238848,2.0566885,-22.768291
129,178.7633056640625,121.81392669677734,41.48566818237305,-6.149831199723082,-0.2555482350578259,118.34189032781563,-100.150604,11.417145,-8.820557,135.50172,-35.584946,2.252525,-3.047618,3.4562085,-8.1551,127.88272,-43.09183,15.000033,15.210535,-1.8156509,29.793802,24.267664,33.890957,-28.617006,-34.06871,40.268143,7.1694026,32.80709,21.232155,-24.928724,24.846851,17.81128,-14.730322,1.9607754,-22.714909
130,179.1456298828125,121.76589965820312,40.156341552734375,-6.3150182538328075,-1.5400836087556122,118.1363858116321,-101.651566,11.097523,-10.249184,137.52928,-35.21589,2.0267603,-1.8990333,4.3060813,-10.026493,131.06406,-45.292683,15.000033,15.540992,-1.5019258,29.793802,24.37814,33.732246,-28.681715,-34.86992,39.38747,6.5355763,33.464355,21.200354,-25.331652,24.062025,15.729243,-14.533178,1.7832494,-22.163298
131,179.54823303222656,121.60839080810547,39.19042205810547,-6.343116486511434,-2.3010258945682587,117.72992478804744,-102.942825,10.180386,-11.48799,138.62715,-34.843296,0.7910763,-0.63902515,4.936991,-12.651342,134.19788,-48.367115,15.000033,15.837155,-1.0175546,29.793802,24.352493,33.404583,-28.356731,-35.65781,38.504745,6.5768924,32.725624,20.831766,-25.76644,23.203955,14.048602,-14.256786,1.9467291,-21.197792
132,179.9800567626953,121.33294677734375,38.277706146240234,-6.951118882972341,-3.3209834650345904,117.34869357767268,-104.36847,9.186598,-13.334025,139.5909,-33.77933,-0.23530065,-0.39022857,5.311205,-15.376308,137.43752,-50.000305,15.000033,16.095629,-0.077047564,29.793802,24.097906,32.8991,-27.99899,-36.243515,37.73387,7.200083,31.724226,19.297867,-26.31677,22.566628,13.016219,-13.9183035,2.3537457,-20.232357
133,180.4488525390625,120.98545837402344,37.99507522583008,-7.665318010193568,-3.5183260006922863,117.1692557558198,-105.89729,8.628463,-14.872606,139.46922,-32.305042,-0.62593704,-0.90825576,5.543992,-18.108076,139.78737,-50.000305,15.000033,16.311611,1.4494153,29.793802,23.296041,32.309677,-27.866282,-36.14037,36.281155,7.9350915,30.333183,16.583984,-27.037235,22.155247,12.875143,-13.507,3.1037662,-19.78928
134,180.96377563476562,120.55714416503906,37.803871154785156,-7.954905173620241,-3.6852096674653905,117.02838753343309,-106.73415,7.5256615,-15.8296385,138.73943,-31.184214,-1.7469369,-1.8890644,5.4478006,-20.311998,141.46803,-50.000305,15.000033,16.56443,3.0894504,29.793802,23.250553,31.419643,-27.43055,-36.101273,35.02195,8.067902,31.117855,14.038026,-27.751942,21.783503,13.3137665,-12.883601,3.1755314,-19.49914
135,181.52297973632812,120.05780792236328,37.70176315307617,-7.914588200363893,-3.7086068475624123,116.46407303474899,-107.23423,6.4211187,-16.67708,137.6977,-30.245298,-3.0903075,-3.8387873,5.2586064,-21.771193,142.82036,-50.000305,15.000033,16.68971,4.489787,29.793802,23.074043,30.432787,-27.423796,-35.66688,34.220554,7.469934,33.0405,10.521692,-28.488525,21.871279,15.150949,-11.480435,2.920442,-19.92531
136,182.1300811767578,119.5169448852539,37.63307571411133,-7.417908944074715,-3.393775040138647,115.72788717333488,-107.606026,4.969536,-17.173834,136.27988,-29.258598,-4.972065,-6.587375,4.7155023,-22.808508,143.76744,-50.000305,15.000033,17.166779,5.8268228,29.793802,23.12405,29.347187,-27.622322,-35.352726,33.746582,7.2898417,35.177444,7.0035353,-29.32991,22.08081,17.269781,-10.341165,2.771169,-20.76665
137,182.80418395996094,118.96734619140625,37.532936096191406,-6.261385006901878,-2.928447025765152,114.6361683040674,-108.01877,4.4867516,-17.246151,134.81757,-28.353653,-6.140722,-9.444843,4.3586397,-23.852184,144.72365,-50.000305,15.000033,17.512524,7.2362266,29.793802,22.89253,28.316015,-27.629532,-34.9776,32.97462,6.8416133,36.126335,3.5471334,-30.267456,22.054197,19.112183,-9.02301,2.609069,-20.747612
138,183.5270538330078,118.42082977294922,37.38050842285156,-5.444380757803287,-2.4766479832277533,113.76598488753994,-108.957695,4.8055916,-17.465023,133.46814,-27.027018,-6.3586555,-12.271415,4.429901,-25.034538,146.11053,-50.000305,15.000033,17.73111,8.515188,29.793802,22.660782,27.429562,-27.888922,-34.57594,32.97509,7.5087986,36.270473,0.95120484,-31.184439,22.435934,20.064018,-8.610775,3.3249328,-21.43887
139,184.28424072265625,117.89735412597656,37.16710662841797,-3.9402113581810827,-2.0951526277883405,113.09225121780797,-109.18943,4.2859087,-17.121792,131.91064,-25.788797,-7.825816,-14.3628845,4.33282,-25.866085,147.2624,-50.000305,15.000033,17.79147,9.733106,29.793802,22.720484,26.61151,-27.757982,-34.771114,32.813316,7.8681207,36.335686,-0.8554078,-32.062977,22.188297,20.338179,-7.388247,3.8878973,-21.758636
140,185.31106567382812,117.51789855957031,36.6531982421875,-0.5947422959509109,-1.2421823666114455,112.36107014587793,-110.186,5.9136543,-15.230838,130.69557,-26.153473,-7.7127595,-16.087078,8.811801,-27.22613,148.6706,-50.000305,15.000033,18.603523,8.88317,29.793802,23.051003,26.367613,-27.548323,-34.534073,31.847012,7.930345,36.595737,-1.4584057,-32.910408,22.629276,20.123812,-4.4167585,4.0085034,-22.26404
141,185.84706115722656,116.86626434326172,36.4232063293457,-1.591738859761497,-2.316008034741071,112.3384166276011,-109.60349,4.030376,-16.849607,129.47087,-24.183395,-10.12552,-17.805273,4.198921,-27.300709,149.1102,-50.000305,15.000033,17.60704,12.237554,29.793802,23.30562,25.54787,-27.069323,-35.671745,31.965008,8.749038,37.11011,-1.5419483,-33.544403,22.244007,20.50096,-5.6272645,4.114469,-22.618168
142,186.6343994140625,116.34574890136719,36.0517692565918,-0.31690692106768015,-2.8145212256153225,112.09077597554416,-109.48747,4.0094185,-16.589136,128.40005,-23.220419,-10.9360485,-18.677773,3.8663433,-28.309515,149.90149,-50.000305,15.000033,17.178371,13.609141,29.793802,23.376923,24.881874,-26.81629,-35.8966,32.23372,9.246378,36.48445,-1.1472957,-34.110397,22.316835,21.182201,-4.432909,3.7131054,-22.86916
143,187.45028686523438,115.80831909179688,35.604454040527344,1.053657749143816,-3.4294774973029383,111.87105238069965,-109.58271,4.8206553,-16.073317,127.484474,-22.471434,-11.201014,-19.479557,3.7897985,-29.325449,150.73015,-50.000305,15.000033,16.758192,14.904522,29.793802,23.714005,24.341688,-26.44993,-36.516872,33.291016,10.082416,36.128937,0.2904611,-34.505035,22.242926,20.331959,-4.195138,4.6150365,-23.331575
144,188.24411010742188,115.2467041015625,35.554779052734375,2.795692128810402,-3.2219150318337446,111.81634812547685,-109.592316,6.054216,-14.629356,125.86835,-21.903688,-11.812974,-21.146645,3.024799,-30.072144,151.28928,-50.000305,15.000033,16.40033,15.286608,29.793802,23.800419,23.818647,-26.087597,-36.92276,33.56839,10.565347,35.708717,1.6889164,-34.812115,22.420937,19.687344,-4.7324595,5.063595,-23.244143
145,189.04798889160156,114.54131317138672,35.11909484863281,3.231293525631158,-4.756142299186365,111.48308937545724,-109.40663,6.349521,-15.119052,125.46676,-20.391476,-12.917966,-22.24202,2.451872,-31.652164,151.59764,-50.000305,14.154105,15.747943,16.662842,29.793802,24.123224,23.136877,-25.037432,-37.721928,34.23067,11.945788,34.68707,3.436831,-35.044525,21.616264,18.138832,-4.6961827,5.6003313,-23.668781
146,189.828369140625,113.80152893066406,34.78341293334961,4.332231768338804,-5.327253037224336,110.87357529386685,-109.78301,8.251533,-14.60656,124.83644,-19.545694,-12.811488,-24.037374,1.6485046,-32.97927,152.33972,-50.000305,13.929651,14.92825,16.997849,29.793802,23.531425,22.625164,-24.524939,-38.048965,34.591534,12.370025,34.61262,4.8170676,-35.18477,21.087456,16.524048,-4.779168,6.428729,-24.088806
147,190.60023498535156,113.00627136230469,34.39823532104492,5.67444028599756,-5.471695942732336,110.4307541354679,-110.62042,10.920948,-13.4321575,124.21302,-19.129898,-12.147711,-25.811697,0.14056781,-34.53021,153.22359,-50.000305,13.307268,14.212141,17.338911,29.793802,21.890135,22.327293,-23.929094,-38.202896,34.626682,12.393357,33.309353,5.897782,-35.361553,20.774567,15.073798,-4.7908425,6.786091,-24.252094
148,191.3356475830078,112.11410522460938,34.06632614135742,6.344783690157079,-5.997644025887468,109.44599295081709,-111.224174,13.56283,-13.171621,123.97677,-18.909851,-12.067707,-27.741852,-2.0011141,-36.27257,153.90063,-50.000305,11.824767,13.448964,17.697746,29.793802,20.368923,22.080313,-23.422775,-38.38267,35.007904,12.75101,33.610104,6.6140018,-35.495823,20.296455,14.026635,-3.5063322,6.6647725,-25.150928
149,192.05271911621094,111.20108032226562,33.93025207519531,7.278129646932047,-6.285825749171089,108.76384084506273,-111.717926,16.532768,-12.08572,123.66449,-18.588577,-11.851404,-30.414042,-4.492352,-37.54221,154.32216,-50.000305,10.759277,12.696931,17.399498,29.793802,17.294422,21.955437,-23.00146,-37.85113,35.334877,13.412873,31.608665,7.140241,-35.615555,19.887426,12.58076,-3.4014635,7.09119,-25.317116
150,192.75390625,110.32091522216797,33.95845031738281,8.722929843089931,-6.202662964988649,108.27077242374146,-111.839386,19.95582,-10.088143,123.14613,-18.422169,-11.239089,-33.49535,-7.300061,-37.898598,154.72762,-50.000305,9.801206,11.90543,16.488918,29.793802,12.29523,21.718496,-23.435587,-34.973392,35.071503,13.940922,29.880413,7.3565683,-35.74562,19.512617,11.138363,-3.8808305,7.5744104,-25.194183
151,193.45179748535156,109.52457427978516,33.783790588378906,10.474989556785127,-5.924011633488654,108.06773380543879,-112.17358,23.525507,-7.6809835,122.71686,-17.961504,-9.977018,-36.20509,-9.622004,-38.413414,155.29251,-50.000305,8.779479,10.828316,15.181869,29.793802,4.1323066,21.41236,-24.626177,-28.361755,33.863262,14.701617,26.94911,7.2963586,-35.808506,19.327255,9.815211,-4.266418,8.303065,-24.862602
152,194.13088989257812,108.82256317138672,33.48796844482422,12.014640240394934,-5.304669194756409,107.95101519893227,-112.683235,27.408976,-5.333713,122.14395,-17.82001,-8.126778,-39.570007,-11.506034,-39.126167,155.78711,-50.000305,7.58702,9.808656,13.27303,29.793802,-6.1844454,20.796883,-26.269775,-18.057652,32.194244,15.564637,24.579786,6.9696307,-35.703655,19.62886,8.640192,-4.9780903,9.264688,-24.890863
153,194.7771759033203,108.25,33.121238708496094,13.482183293888877,-4.227994170910526,107.98496726775771,-113.497086,30.936893,-3.1234057,121.58979,-18.33686,-6.8590565,-43.455154,-12.985659,-39.826862,156.3182,-50.000305,6.7605877,8.540096,10.610091,29.793802,-17.098349,19.717876,-27.483812,-4.9987974,29.446548,16.218998,24.310297,5.771447,-35.4639,20.654886,8.235295,-5.8134604,9.473171,-25.360191
154,195.4190673828125,107.78414916992188,32.287960052490234,14.56249208871902,-4.031220249321028,108.72788889121185,-114.518166,33.770645,-1.2961473,121.34539,-19.000925,-5.962107,-46.59951,-13.565841,-41.71409,156.58551,-50.000305,6.4661756,6.685472,7.978819,29.793802,-31.094473,18.240068,-28.550777,13.977187,26.661085,17.3661,22.2259,3.946223,-35.10418,21.757828,8.734002,-5.9768004,10.635272,-26.098618
155,195.98825073242188,107.46330261230469,31.20006561279297,15.453642552468747,-4.013371755817881,109.62581809721699,-115.72689,35.878746,0.08830502,121.29256,-18.950975,-5.5207233,-50.06017,-13.761087,-43.830647,156.9884,-50.000305,6.5047455,4.3722568,4.7229867,29.793802,-44.67919,16.831276,-31.153173,35.88823,23.552763,17.611967,19.69004,1.3152984,-34.707336,23.491913,9.405395,-7.7834244,11.932874,-27.667551
156,196.43934631347656,107.35130310058594,31.145587921142578,17.00776810908935,-2.447464595964052,110.13106643679849,-115.74901,38.22385,2.2605596,120.845695,-20.26689,-4.3544345,-55.01899,-14.963246,-42.487232,156.78947,-50.000305,7.033452,1.9719225,0.47476017,29.793802,-52.72299,15.887298,-34.280926,52.955772,19.729717,16.581312,17.569538,-1.1862683,-34.121056,24.736431,10.164999,-9.275099,12.433679,-28.54177
157,196.80886840820312,107.39750671386719,31.478361129760742,17.657640705237757,-1.0758406863987093,110.36682389217303,-115.8303,39.36558,2.9744182,120.51148,-21.333548,-2.820436,-57.982346,-15.27582,-41.432613,155.75047,-50.000305,8.851093,-0.13582751,-3.2918763,29.793802,-57.600937,15.549915,-37.63543,65.888794,17.934368,16.212414,15.277466,-2.7865677,-33.324,25.607145,10.291703,-11.132618,13.344559,-29.052713
158,197.10694885253906,107.55206298828125,31.858135223388672,17.952590052849313,0.17625562392675537,110.7536920360282,-116.003136,40.438667,3.6144195,120.36413,-21.668629,-2.4960225,-60.539883,-15.113192,-40.391388,154.77275,-50.000305,9.485799,-2.234077,-6.5543766,29.793802,-60.671597,15.791936,-40.39076,74.641975,13.059158,15.154448,14.253843,-3.7697835,-32.42957,26.234873,10.233084,-10.930468,12.880836,-29.992502
159,197.35838317871094,107.75720977783203,31.82291603088379,17.912679856431453,0.8804846352039581,110.90989231962809,-117.05872,41.399498,3.124189,120.78732,-21.118364,-1.7609422,-61.81977,-14.4143095,-41.013687,153.87015,-50.000305,10.070008,-3.9028933,-9.535902,29.793802,-62.95811,16.576866,-42.9621,81.147865,5.8002777,13.674857,13.084635,-4.063893,-31.432812,26.743309,9.539073,-10.368136,12.457016,-31.236807
160,197.5683135986328,108.0013427734375,32.31105422973633,18.202916333769046,2.454506185871927,110.86905359692352,-117.363014,42.829227,3.423258,120.753815,-21.35606,-0.8411847,-63.857506,-14.003037,-40.2171,152.78488,-50.000305,10.434085,-5.495716,-12.436539,29.793802,-64.4811,17.718622,-44.907753,85.44414,0.15512112,12.541963,13.361078,-4.278952,-30.434484,27.163702,9.130967,-10.188267,11.626552,-32.528534
161,197.74488830566406,108.2223892211914,32.65696334838867,18.10220971546768,3.750351656757237,111.25463906807558,-118.235886,43.141052,3.2551553,120.68346,-20.855478,-0.657603,-64.95364,-14.044617,-40.506573,151.62234,-49.376312,10.731087,-6.281751,-14.5430565,29.793802,-65.12152,19.03691,-45.88626,87.20354,-2.2742949,11.516958,13.562888,-4.08782,-29.491404,27.289474,9.24509,-9.940644,10.650831,-33.55799
162,197.89654541015625,108.40962982177734,33.037017822265625,18.133379975674327,5.173574645239923,111.03402783240595,-118.63378,42.90231,2.7915947,120.350464,-21.334743,-1.8549194,-66.479,-13.462408,-40.76678,150.1525,-47.0866,12.109067,-6.972688,-16.30125,29.793802,-64.96145,20.422953,-46.499832,87.42362,-4.413445,10.2617655,13.742146,-3.8947005,-28.653643,27.480106,8.86622,-10.003119,9.629831,-33.86579
163,198.02590942382812,108.5328369140625,33.17561340332031,17.780145328379017,5.411125919112356,111.00340900083553,-119.15058,44.53598,2.5202742,120.837296,-20.853178,0.45259303,-65.6102,-14.02331,-41.786335,149.48235,-47.94281,11.455013,-7.567239,-17.75039,29.793802,-64.66343,21.773289,-46.879196,87.51564,-3.9270515,9.725569,13.792465,-4.0875387,-27.900152,27.796923,8.875388,-10.604008,9.423443,-34.149807
164,198.121826171875,108.595703125,33.511314392089844,17.80943407852723,6.047691607527009,111.16692661022388,-119.11569,44.487362,2.642444,120.74996,-21.229712,0.7316003,-66.59687,-13.85838,-41.475616,148.58478,-46.4114,11.919536,-8.282502,-19.097075,29.793802,-64.051765,22.987946,-47.35387,87.23993,-5.1151743,9.267613,13.721241,-4.6030965,-27.305403,28.51019,8.790547,-11.655391,9.511007,-34.821865
165,198.17965698242188,108.55792999267578,33.60409164428711,17.3949534720938,5.975950219028276,111.03257095521703,-119.1942,44.147385,2.1008441,120.79349,-21.263157,0.32783443,-66.50899,-13.324646,-42.16044,147.72957,-45.532627,12.637375,-8.768305,-19.942358,29.793802,-63.30593,24.031189,-47.91653,86.58962,-3.955697,9.108775,13.319622,-5.345475,-26.806213,28.886679,8.858318,-11.744043,8.716257,-34.67982
166,198.21533203125,108.42828369140625,33.45888137817383,17.483457712144716,5.683260565606798,111.30133528126375,-118.65087,44.233974,2.8596196,120.7555,-21.38043,-0.19435643,-67.01074,-12.892784,-42.49366,147.56496,-43.84765,13.4376545,-8.982491,-20.22574,29.793802,-62.229248,24.814754,-48.055126,85.639465,-6.1385703,8.5660715,13.2734785,-6.2387724,-26.583582,29.406607,8.632637,-11.24642,8.027056,-34.423313
167,198.21218872070312,108.20624542236328,33.3996696472168,16.99522241417342,4.740248154281315,111.0267843773913,-118.67045,45.163387,2.4749115,121.38849,-21.107275,1.7422956,-66.424614,-12.536806,-42.930305,147.2818,-43.9781,13.762327,-9.131522,-20.323698,29.793802,-61.180817,25.333914,-48.46971,84.79542,-3.88808,8.86397,12.782726,-7.4830184,-26.396666,30.13246,8.434651,-11.828421,8.299612,-35.22726
168,198.1691131591797,107.88262939453125,33.30352020263672,16.515872012862292,3.694963731877507,111.11559224860147,-118.41511,43.915287,2.1500874,121.54389,-20.561619,0.90229833,-65.79215,-12.734893,-43.417614,147.19852,-43.84944,13.379257,-9.254678,-19.991516,29.793802,-60.201626,25.57894,-48.964542,83.66385,-2.493686,9.117975,11.644935,-9.121432,-26.273048,30.851233,8.357179,-12.110374,8.175142,-34.65311
169,198.14678955078125,107.4952621459961,33.5382194519043,15.670784019755724,3.1044636626013298,111.15659152788643,-118.12111,44.97249,2.5482366,121.54968,-20.230654,2.8549325,-66.330894,-12.171651,-44.33545,146.26064,-40.775757,15.000033,-8.645568,-19.152449,29.793802,-59.390137,25.505981,-49.221485,81.88885,-1.0999125,10.51473,10.593873,-10.903506,-26.198856,31.34741,8.5030985,-11.368048,8.490672,-35.077457
170,198.068115234375,106.98890686035156,32.79924392700195,15.583487969750252,0.49017507061821175,111.0933862159199,-117.29329,42.44807,1.9169971,122.25301,-18.30709,0.5638243,-64.72997,-11.979421,-44.59614,147.16281,-42.27462,15.000033,-8.375003,-17.879522,29.793802,-57.82686,25.122414,-49.631794,79.82738,0.56876993,9.941504,9.660015,-12.928689,-26.27567,32.257893,8.04823,-11.996929,8.347355,-32.762756
171,198.0218963623047,106.45804595947266,32.38421630859375,14.994920973732627,-1.193351040597499,111.58620084361114,-116.481834,44.442467,3.3815928,122.59674,-18.013216,3.5673008,-63.4809,-12.724065,-45.848743,147.73859,-42.345516,15.000033,-7.3304744,-16.363894,29.793802,-57.05135,24.502785,-49.55035,77.52963,1.6725198,11.119995,9.089125,-14.770451,-26.325249,32.65402,7.7636952,-12.09773,9.145675,-32.6509
172,197.98989868164062,105.8420181274414,30.992996215820312,15.8490616126885,-4.059682170345576,111.7486400537614,-115.476715,41.565464,3.6548917,123.18683,-17.038643,0.2704439,-61.935707,-12.741278,-47.007812,149.42516,-44.531414,13.111334,-6.301768,-14.477039,29.793802,-55.88884,23.68756,-50.165154,74.67849,0.21542275,10.249868,8.655077,-16.507153,-26.489319,33.556446,8.051995,-12.06191,7.726974,-31.465364
173,197.95606994628906,105.22244262695312,30.246051788330078,14.73249164356336,-7.046634133944307,111.84811000089002,-114.63991,40.501987,3.2031102,123.54721,-16.766088,-0.4839335,-59.452656,-12.413128,-49.013924,149.69412,-46.349174,12.643287,-5.1249247,-12.428525,29.793802,-55.146687,22.72508,-50.665695,71.56941,4.8038454,10.557278,7.4786572,-18.180578,-26.663784,33.90173,8.609477,-12.161794,7.347781,-29.0275
174,197.91954040527344,104.62423706054688,30.06879425048828,13.255410153754879,-9.279093992369086,112.11417696551392,-113.78218,38.704315,2.604209,123.46445,-16.39558,-1.4315709,-56.046707,-12.991248,-50.934574,149.37175,-48.19707,11.977432,-3.797943,-10.243833,29.793802,-54.569138,21.642124,-50.88598,67.64932,8.798476,10.547719,5.992483,-19.578417,-26.907719,34.047405,8.951699,-11.867076,5.9263515,-26.718018
175,197.93185424804688,104.05784606933594,29.70507049560547,12.52875628224091,-12.269781628152831,112.86957946557911,-111.8366,37.799038,3.3818886,123.52825,-14.195662,-1.7759761,-53.449783,-12.79479,-51.687946,149.22098,-48.043423,12.407952,-2.2496412,-8.129207,29.793802,-52.995323,20.460459,-50.652233,63.486084,12.538358,10.380938,5.1771145,-20.967773,-27.281412,34.923256,8.902461,-13.201135,5.891652,-22.22298
176,197.9490966796875,103.54317474365234,29.211170196533203,11.737790767703526,-14.81576949259162,113.29599139413627,-110.98614,37.39172,3.3891761,123.96414,-12.990163,-1.3550581,-51.67807,-12.577616,-52.594646,149.33502,-48.004734,12.515289,-0.66902614,-6.096541,29.793802,-52.202625,19.385626,-50.925217,59.328312,13.646708,10.167337,4.9015136,-21.822077,-27.6384,35.29717,8.644287,-12.836418,5.180069,-20.588587
177,197.95718383789062,103.08299255371094,28.93657684326172,10.551636912664936,-16.90370162141972,113.8921512176176,-109.909004,35.849613,3.267044,123.84029,-12.047119,-2.735945,-49.614723,-12.601171,-53.6705,149.18645,-47.98656,12.244361,0.81822306,-4.2725306,29.793802,-51.35277,18.395231,-51.01091,54.417957,14.990133,10.103399,4.6942387,-22.367746,-27.991539,35.522934,8.697389,-12.665913,5.313307,-18.346252
178,197.97744750976562,102.69131469726562,28.749170303344727,10.223332654671383,-18.087859878735507,113.94412662717464,-108.88124,34.965675,3.462567,123.65424,-12.738364,-3.8851223,-49.439735,-12.530187,-53.648823,149.16354,-48.127274,12.0539255,2.243253,-2.8104074,29.793802,-50.358173,17.601057,-51.30676,49.05725,15.382881,9.802464,5.644878,-22.461143,-28.270987,35.784893,8.298487,-12.046768,5.19214,-17.096352
179,198.012939453125,102.34307861328125,28.676218032836914,9.635781757764992,-19.833480193325457,113.62166316593569,-107.588745,34.23285,2.854674,123.70168,-12.753672,-4.1281457,-48.668804,-11.634878,-53.635242,148.50665,-46.404118,13.600769,3.6736605,-1.4892124,29.793802,-48.792076,16.970457,-51.221478,43.042023,15.765758,9.277621,5.8335314,-22.482536,-28.526445,36.11823,7.96076,-11.769945,4.90265,-15.325219
180,198.06005859375,102.0501937866211,29.009267807006836,9.722876325966688,-20.343092892305474,113.267756798152,-106.20861,34.02708,3.1679509,123.50398,-13.901197,-4.6464357,-48.392338,-11.712032,-52.791794,147.89609,-45.815037,14.185047,5.0565653,-0.47118843,29.793802,-46.550095,16.555407,-50.65365,36.11758,16.860563,9.09836,6.3916144,-21.559898,-28.699118,36.516884,6.883736,-12.020414,5.002771,-13.896236
181,198.11962890625,101.77330017089844,29.175748825073242,8.936535216531672,-21.3306875849851,113.048872038014,-105.506584,33.55441,2.3980443,123.674225,-15.233838,-4.8875656,-47.493305,-11.36944,-52.937782,147.16428,-44.576176,14.969301,6.210681,0.31535643,29.793802,-44.06213,16.34945,-50.258976,29.415482,16.834623,8.454674,7.31128,-20.282452,-28.776262,36.773212,5.3695393,-11.956685,5.021653,-12.49382
182,198.22052001953125,101.5149917602539,29.13333511352539,8.674710575922214,-22.393595031180197,112.75109444311165,-104.49994,33.268867,2.1778731,123.67066,-15.179871,-5.1041083,-46.78295,-11.229042,-53.428738,146.64282,-43.9536,15.000033,6.9382505,0.71402866,29.793802,-41.96326,16.223959,-49.156174,23.579985,16.842175,8.330763,7.261486,-19.655249,-28.907473,37.071617,4.411735,-11.115837,4.899582,-11.279382
183,198.34030151367188,101.30150604248047,29.621522903442383,8.786801747370731,-21.97925587681725,111.90966790572737,-103.712,33.852383,2.2083771,123.22184,-15.427549,-4.8626094,-46.666885,-11.797531,-53.270004,145.73631,-42.87724,15.000033,7.528102,0.81428623,29.793802,-39.187195,16.133387,-48.230175,18.272005,17.26302,8.150241,7.8557286,-19.080437,-29.054209,37.686993,3.0806615,-10.587747,4.6295357,-10.64038
184,198.51025390625,101.10958862304688,29.945913314819336,9.579040139123865,-21.26993033720704,111.1880375594484,-103.18395,33.587585,2.5661824,122.62127,-14.61686,-5.1684585,-46.50462,-12.668326,-53.725883,144.96172,-41.247044,15.000033,8.280292,0.42178604,29.793802,-37.440845,16.050468,-47.49227,14.682854,17.488413,7.6972575,8.042526,-17.957987,-29.16995,37.67649,1.2340765,-12.023223,5.2640696,-10.036018
185,198.6780548095703,100.93319702148438,29.944488525390625,9.89663624401402,-21.018935484338062,111.34756761931847,-102.82882,33.511814,3.5094013,122.117386,-13.406023,-5.5857205,-46.854218,-13.355327,-53.835724,144.69627,-41.203945,15.000033,8.32132,0.13516264,29.793802,-35.665615,15.898433,-45.97413,11.543965,16.72942,7.5733843,8.48125,-16.911602,-29.27516,37.32517,-0.7188787,-11.626397,5.009507,-10.466698
186,198.84771728515625,100.76107788085938,29.555612564086914,10.394542176509288,-21.314085444061977,111.60712774981312,-102.407265,33.176994,4.530466,121.80067,-12.910159,-6.361652,-46.903492,-14.156736,-53.883224,145.13042,-42.99245,15.000033,7.793376,-0.29719257,29.793802,-33.61992,15.661753,-44.74333,9.171527,14.367317,6.943874,10.515006,-15.681768,-29.328442,36.69827,-2.9350617,-9.945555,4.562894,-12.093538
187,199.04771423339844,100.61200714111328,29.567306518554688,10.78469654180556,-21.114872675910757,111.7621436252711,-101.95436,33.631638,5.5444794,121.312935,-12.2302685,-6.377477,-46.996532,-14.896951,-53.700687,144.9455,-43.43666,14.841401,7.623971,-0.72111154,29.793802,-31.662392,15.294365,-43.525578,7.648424,12.330887,6.7990603,11.894338,-13.797273,-29.320484,35.980873,-5.019308,-9.150966,4.11564,-13.536666
188,199.2578125,100.46812438964844,29.860082626342773,10.988867728297839,-20.96821390828843,112.48715856210936,-101.33911,33.720257,6.7914467,120.76024,-11.491766,-6.5754633,-46.864487,-16.20968,-53.197155,144.69191,-44.43861,13.379447,7.277059,-1.2999543,29.793802,-29.98821,14.718627,-42.239136,7.610103,10.053616,6.612162,14.15538,-12.210123,-29.322493,35.301838,-6.557057,-8.678324,3.1741455,-14.618457
189,199.45726013183594,100.31072235107422,29.425012588500977,11.33302753327845,-21.22678610628815,112.50259991900133,-101.54993,33.725025,7.0564137,120.555275,-10.34432,-6.753297,-46.26807,-17.005861,-54.36805,144.96614,-45.418545,11.965183,6.798539,-1.8809749,29.793802,-29.152922,13.961173,-41.140972,9.37591,5.402153,5.792712,16.071177,-11.356353,-29.276037,34.54641,-8.371735,-7.8540664,2.3748286,-15.706143
190,199.6297149658203,100.17984771728516,29.568878173828125,11.271642991145953,-20.737813813569794,112.55372060005676,-101.71669,34.190777,7.303011,120.04877,-9.763508,-6.033099,-46.316376,-17.30832,-55.155415,144.19385,-43.19704,13.282051,6.7107115,-2.3683987,29.793802,-28.5611,13.114519,-40.730637,11.419315,4.994478,5.653707,16.836796,-9.76199,-29.155436,33.511337,-9.632525,-9.435901,2.5016987,-15.714079
191,199.77369689941406,100.04669189453125,29.45615577697754,11.358982638240311,-20.614664093162503,112.73924651777003,-101.782524,34.834114,7.8875275,119.717896,-9.146435,-5.3956795,-46.11083,-18.216621,-55.762604,144.28743,-44.057705,12.128704,6.260494,-2.9664638,29.793802,-28.673485,12.156977,-40.65765,14.363761,1.6846646,5.6345434,18.029001,-9.13842,-29.086172,32.662586,-10.584259,-8.979797,2.6107771,-17.39525
192,199.8796844482422,99.92587280273438,29.271333694458008,11.74057435817837,-20.329123348671235,112.6021994631481,-101.88517,34.849606,8.253817,119.300255,-8.796233,-5.693202,-46.291992,-18.83937,-56.27264,144.43004,-44.446598,11.116478,5.873287,-3.484051,29.793802,-28.754316,11.119405,-41.0727,16.940779,-0.07122433,5.2054367,19.768808,-8.880197,-29.053051,32.335075,-10.900211,-8.662119,2.5737379,-18.786928
193,199.94573974609375,99.82087707519531,29.340055465698242,12.00408998999536,-19.85316605169933,112.56103656496946,-101.953026,34.58504,8.578455,118.854355,-8.548668,-6.438282,-46.817295,-19.519907,-56.18453,144.42532,-44.309605,10.519623,5.6753435,-3.8705199,29.793802,-28.819736,10.057937,-41.30862,18.590187,-0.523305,4.77203,21.017885,-8.634313,-28.993444,32.09502,-10.646522,-9.713605,2.516829,-20.281696
194,199.9943084716797,99.72802734375,29.283676147460938,12.263296452338817,-19.642581091865946,112.4821468168874,-101.942825,35.058163,9.055725,118.69737,-8.386394,-6.468664,-48.089867,-19.687195,-55.659878,144.50938,-43.55127,10.696765,5.479243,-4.157061,29.793802,-29.128843,9.033868,-41.240692,19.923977,-1.4973427,4.6822133,22.649582,-8.69179,-28.899363,31.431389,-10.029879,-9.282088,2.8106587,-21.132877
195,200.02734375,99.63819122314453,28.808012008666992,12.37555493518305,-19.740799310490313,112.40864563628952,-102.176765,35.28404,9.335561,118.549034,-8.386007,-6.808251,-49.10459,-19.446249,-56.12205,144.72119,-42.846966,10.992603,5.392075,-4.220515,29.793802,-30.050997,8.073417,-41.061035,21.32077,-1.4932779,4.5816016,24.149971,-9.215515,-28.82704,31.035746,-8.849511,-8.668326,2.292438,-22.434435
196,200.05145263671875,99.56143188476562,28.672990798950195,12.316261758965569,-19.302943779106858,112.32756770713745,-102.495155,35.784588,9.65501,118.26084,-8.345123,-7.079309,-49.925026,-19.523054,-56.480953,144.63622,-42.946102,10.9963665,5.311469,-4.258823,29.793802,-30.789791,7.1874104,-40.736645,22.187288,-1.0479971,5.078892,25.755188,-9.842146,-28.7821,30.774225,-7.7464085,-8.124327,2.2265573,-23.379734
197,200.08303833007812,99.4786376953125,28.697052001953125,12.208269731086272,-18.830903903126703,113.177162037826,-103.218956,34.686504,9.968734,117.95518,-7.9760666,-8.017052,-51.46142,-20.473886,-55.65243,144.99927,-44.609966,9.2518215,4.9015965,-4.733337,29.793802,-32.07159,6.377977,-40.656845,23.171417,-3.0307777,5.2963843,27.409098,-11.012366,-28.775637,30.593266,-6.375794,-5.7204556,1.0900282,-25.194983
198,200.14381408691406,99.38800048828125,28.582229614257812,12.404442461572863,-18.215617498683173,113.31645778292169,-103.65607,34.824596,10.462707,117.53221,-7.56611,-8.02414,-52.554764,-20.806253,-55.86788,144.90256,-44.341385,9.602354,4.8176227,-4.7835503,29.793802,-34.13301,5.713409,-40.525326,24.823105,-3.7678447,5.466534,27.590542,-12.553403,-28.719763,30.272818,-5.101404,-5.068706,1.1682912,-25.574757
199,200.23291015625,99.26777648925781,28.433820724487305,12.458152594702273,-18.09933665003711,113.8102958571733,-104.06823,34.422447,10.806308,117.24475,-7.295621,-8.0962105,-54.164318,-20.84116,-55.45929,144.72824,-43.541603,10.62797,4.9478946,-4.8222394,29.793802,-36.299976,5.2453685,-39.903023,25.793419,-3.329933,5.9692016,27.486023,-14.28199,-28.650978,29.567463,-3.5893736,-4.366266,0.70784074,-25.67574
200,200.3448944091797,99.12397003173828,28.27182388305664,12.159813553554702,-17.97977170436775,114.03178586756758,-104.31003,35.93821,11.47857,117.09171,-6.3602343,-6.7035704,-55.395084,-20.41361,-55.79348,144.20253,-41.102615,12.758749,5.22569,-4.719211,29.793802,-38.434235,4.9533796,-39.23446,26.75095,-1.2982846,6.4962797,27.275543,-16.433544,-28.480059,28.821129,-2.0163279,-5.234139,1.5752156,-24.024914
201,200.45289611816406,98.94037628173828,27.92230224609375,12.054588875210973,-17.84570919767818,114.16524331291808,-105.068405,35.811203,11.388076,116.754524,-6.348772,-6.413216,-56.4441,-20.573156,-56.376682,144.09624,-40.864704,13.103562,5.26309,-4.8975997,29.793802,-40.714344,4.823642,-38.759914,27.22415,-0.68776697,6.762067,26.40988,-18.667652,-28.297937,28.3508,-0.5078265,-5.4701304,1.918848,-24.433165
202,200.56263732910156,98.7256851196289,27.30498695373535,12.376342971960076,-17.84972390431678,114.32299069869134,-105.799934,36.10115,11.858503,116.57482,-5.822763,-6.199172,-58.341663,-20.479593,-56.798927,144.05643,-40.17201,14.395492,5.2627544,-5.3213787,29.793802,-43.440098,4.894673,-37.863644,27.943867,-1.3426712,6.6216197,25.846375,-21.402163,-28.122145,27.66927,1.2307433,-4.6176467,1.8820401,-25.077238
203,200.6431121826172,98.47579956054688,26.29798698425293,12.686767011170886,-18.156414408207258,114.76296834462268,-107.017914,35.64505,12.169944,116.47475,-5.1214933,-6.5908737,-61.116154,-20.624489,-57.04709,144.52084,-40.66143,14.247699,4.86924,-5.9461255,29.793802,-46.913868,5.136153,-36.96446,28.970669,-3.623458,6.0319166,25.936707,-24.77867,-28.03511,27.457188,3.5412211,-1.4013572,0.49109387,-26.733898
204,200.68487548828125,98.21270751953125,25.633174896240234,12.981618723757506,-18.012560973012267,114.3447902063597,-107.97159,36.147633,12.168546,116.28234,-4.7230287,-6.380117,-63.13466,-20.499384,-57.714577,144.38544,-39.978825,15.000033,4.7017055,-6.1522837,29.793802,-49.701607,5.4908056,-36.126007,29.685114,-3.2826798,5.642317,25.685871,-28.168331,-27.898497,27.622087,6.0405555,-0.4901179,0.47335455,-27.395685
205,200.706298828125,97.93968963623047,24.839820861816406,13.281260985674159,-18.112476015703862,113.74591159736863,-108.66153,37.74429,12.510014,116.21792,-3.2748878,-5.1039915,-64.60219,-20.478897,-59.374367,144.24597,-37.768562,15.000033,4.7937145,-6.3737087,29.793802,-52.512985,5.941044,-35.26135,30.870596,-1.5843284,5.612655,24.516699,-31.639927,-27.672169,27.942904,8.859724,-0.1345569,0.270869,-27.085203
206,200.63467407226562,97.65559387207031,24.090927124023438,13.41347369144735,-18.005394981889243,113.48851416460731,-109.950424,36.91949,12.025594,115.93282,-3.6852343,-5.808669,-67.18096,-20.77364,-59.075367,144.53957,-39.02953,15.000033,3.938748,-6.7845926,29.793802,-54.800697,6.4019275,-35.14484,32.30883,-4.8215656,4.3569813,24.967379,-34.45616,-27.297674,28.476152,10.962149,2.9454257,-0.74498206,-29.234003
207,200.55152893066406,97.39540100097656,23.51834487915039,13.564225318870706,-17.633456981580583,112.75462746541497,-111.101105,37.81554,11.754396,115.858635,-3.4080029,-5.0731907,-69.346855,-20.719622,-59.65193,144.36508,-38.06856,15.000033,3.5174584,-7.1818275,29.793802,-56.91405,6.831228,-35.245953,33.79441,-5.39675,3.7449286,24.059603,-37.646317,-26.739023,29.215477,14.062218,4.194146,-1.1374131,-29.491598
208,200.44869995117188,97.15177154541016,23.01797103881836,14.050334922324415,-17.368208372440066,112.32132528443536,-111.7674,38.844555,12.198935,115.92721,-3.418678,-4.209457,-70.82532,-21.12336,-60.09108,144.38927,-37.987347,15.000033,3.0979574,-7.7791657,29.793802,-58.908314,7.279354,-35.560143,36.172516,-5.393479,3.889921,24.15578,-39.948128,-25.999947,29.156113,16.695873,5.066949,-0.90500736,-30.867538
209,200.31109619140625,96.93020629882812,22.63811492919922,13.668233780591729,-17.139633889822207,111.34423089559975,-113.23635,40.077713,11.160463,116.26701,-3.7394416,-2.8430316,-71.51791,-21.034037,-60.980152,144.14899,-37.72739,15.000033,2.5783553,-8.372307,29.793802,-60.654808,7.650439,-36.912033,38.667046,-4.7435527,3.8741105,22.760729,-42.214737,-25.029163,29.56531,19.555357,5.317492,-0.30376294,-31.32754
210,200.24256896972656,96.81086730957031,22.72235679626465,15.7196123318096,-15.59472038656418,109.51635609878126,-114.17385,43.421394,11.281661,117.282646,-7.069808,0.48932704,-75.36318,-20.425598,-60.648716,143.51271,-31.797926,15.000033,2.238956,-10.612318,29.793802,-62.807636,7.9289203,-38.88992,42.505302,-5.52814,4.186776,21.454554,-45.514885,-23.772528,29.722181,22.539085,8.698342,-0.33781505,-31.899277
211,200.06790161132812,96.61785125732422,21.90715789794922,14.609520492805434,-16.554322842692358,110.30045633180265,-113.97653,43.08117,12.2463045,116.707,-4.795071,-0.12209779,-72.765976,-21.434374,-63.01784,143.87495,-35.724167,15.000033,1.5349228,-10.180901,29.793802,-63.97493,8.198028,-40.192036,45.58449,-2.1484907,4.1583834,19.056889,-47.18691,-22.599714,30.152866,25.902702,4.8991594,1.04273,-30.150028
212,199.89292907714844,96.5112075805664,22.377214431762695,13.940254469914178,-15.596467692125247,109.7525498512863,-115.35563,42.18447,10.651144,116.686874,-5.1811247,-0.72498524,-74.48381,-21.15094,-61.04481,143.65314,-36.21252,15.000033,0.5918797,-10.72572,29.793802,-65.22188,8.380091,-43.037834,49.3821,-3.6890721,3.365506,18.21058,-48.961998,-21.351809,31.003857,28.81949,6.4538145,0.7012943,-32.38507
213,199.74383544921875,96.43924713134766,22.454906463623047,14.064540155757962,-15.02091809694375,110.04574201350995,-115.43601,42.256668,11.415175,116.614204,-5.889044,0.013040635,-74.90185,-21.404358,-60.802517,143.55489,-36.323723,15.000033,-0.1501764,-11.528212,29.793802,-66.38021,8.533616,-44.699642,52.48515,-3.015605,3.5199215,15.838952,-50.753613,-20.153429,31.317694,31.542639,6.1554637,1.1167909,-31.015734
214,199.55909729003906,96.37528228759766,22.980083465576172,13.490965972479103,-14.271781946627991,109.57259984163983,-116.17916,41.64914,10.273165,116.663574,-7.017742,-0.008831221,-74.8805,-21.191132,-59.973183,143.2936,-36.603195,15.000033,-0.85502464,-11.893467,29.793802,-67.00922,8.6170845,-46.7106,54.76068,-2.7181482,3.8358238,13.899432,-52.0666,-19.005743,31.717682,33.826332,5.7679043,1.7440765,-30.634924
215,199.39828491210938,96.31973266601562,22.78666114807129,13.87694338225034,-14.253500481299614,109.65052335036846,-115.846146,42.906197,11.514491,116.96691,-6.6414027,1.0176886,-75.684494,-21.419172,-60.06688,143.58395,-35.50147,15.000033,-1.2121012,-12.812701,29.793802,-67.600525,8.709921,-47.47892,56.818054,0.096379116,5.1423774,13.44667,-53.759342,-18.017696,32.60974,35.43354,2.8316689,3.2046165,-30.079536
216,199.1890411376953,96.23727416992188,22.523740768432617,13.681690912224587,-14.545392938221225,109.17106971671609,-116.402725,43.397926,11.053134,117.50972,-6.673827,1.4348359,-76.03395,-21.18902,-60.23407,143.76074,-35.216724,15.000033,-1.5106286,-13.121263,29.793802,-67.64617,8.815493,-48.498928,57.881172,0.841961,4.9721365,12.9000845,-54.798756,-17.140709,33.227505,36.649864,2.6331785,2.9556258,-29.801702
217,198.95298767089844,96.12887573242188,22.266441345214844,13.381620362407318,-15.0649912739945,108.62827218531183,-117.1704,43.02317,9.968154,118.07159,-6.947613,1.2925705,-76.37205,-20.653889,-60.26529,143.80211,-35.289715,15.000033,-1.6413074,-13.453612,29.793802,-67.33377,8.908887,-49.109367,57.592083,2.935332,5.116625,12.45446,-55.559933,-16.438519,34.084457,37.82991,2.085279,2.7170775,-28.778608
218,198.697998046875,96.00056457519531,21.86110496520996,13.646653281113199,-15.219993541043042,108.76425354528851,-117.001816,43.823086,11.19956,118.432976,-7.710904,1.7556316,-78.0519,-21.179054,-59.429348,144.47421,-35.882412,15.000033,-2.2468598,-13.897426,29.793802,-67.69126,9.121666,-49.369606,57.573383,0.9057524,4.173942,12.7268505,-56.4011,-16.020142,34.75545,38.150253,2.1927834,1.8071768,-29.393772
219,198.4263153076172,95.84117889404297,21.45299530029297,13.607585032728956,-15.7308402668119,108.16564778856669,-116.96618,44.17793,11.190405,118.62156,-7.875778,2.0057886,-78.466774,-21.092737,-59.69821,144.64554,-35.498653,15.000033,-2.3809674,-13.839541,29.793802,-67.54486,9.312505,-49.665646,57.46003,0.30112445,3.4446416,11.598109,-57.017452,-15.691456,35.802288,38.86407,2.059959,1.3416637,-27.285633
220,198.13858032226562,95.662353515625,21.277559280395508,13.12878305245105,-15.935500508227264,107.64924606890388,-117.67862,44.30727,10.567085,118.96715,-7.508201,2.2087278,-78.5449,-21.407616,-59.925735,144.91266,-35.221783,15.000033,-2.4237325,-13.860091,29.793802,-67.283646,9.452353,-50.21394,56.9094,0.22393444,3.4915395,11.075614,-57.46345,-15.384557,36.524227,39.621624,1.7165349,1.8754432,-27.099262
221,197.89820861816406,95.49357604980469,20.469022750854492,13.67237310468586,-16.721767898207247,107.5873156902747,-117.55836,46.00201,11.875793,119.62392,-6.86522,3.769127,-79.03107,-22.036749,-61.33453,145.39644,-34.162907,15.000033,-2.4489188,-14.587801,29.793802,-67.24503,9.533855,-50.16938,56.730476,1.6876298,4.4359913,10.717127,-58.52017,-15.11093,37.64827,40.273205,-0.8062238,3.2645667,-24.833412
222,197.62351989746094,95.32891082763672,20.254623413085938,13.617961692024327,-16.501612652181315,106.36601016000215,-119.02212,44.49616,9.772001,119.51213,-6.5308504,3.095669,-80.70888,-21.409393,-60.853077,145.10011,-35.245373,15.000033,-2.5140808,-14.512179,29.793802,-67.54111,9.567724,-51.42478,57.34985,1.7072511,4.270689,9.656671,-59.45898,-14.659154,38.908993,40.837097,0.08743202,2.1855137,-25.424725
223,197.39842224121094,95.18616485595703,20.0487117767334,13.963888888836324,-16.164496574751716,105.36743182662595,-119.344505,45.047863,9.537711,119.47033,-6.1868415,2.9491003,-81.039955,-21.457014,-61.595333,144.98764,-34.97447,15.000033,-2.693687,-14.897029,29.793802,-67.91807,9.559714,-52.102047,57.99348,2.2354085,4.387538,8.767621,-60.362503,-14.043187,39.550358,41.762447,0.46290296,2.9461606,-25.212769
224,197.26547241210938,95.13672637939453,21.15781593322754,15.072408003540794,-14.175229323173182,103.68973864730958,-120.449,45.4545,7.843959,120.11216,-8.670651,3.5939336,-82.49426,-20.844978,-61.28834,144.28223,-28.137062,15.000033,-2.469464,-16.871048,29.793802,-68.19068,9.488741,-53.639492,59.85095,1.273504,5.140053,9.052679,-61.010258,-13.115102,40.03905,43.4121,3.5200293,3.0058575,-26.05106
225,197.1496124267578,95.0438232421875,20.701875686645508,15.993188768684123,-14.410741891023118,103.93187624456598,-119.68384,47.67213,10.054563,120.5195,-6.5511503,4.7686405,-82.16387,-21.733025,-62.23515,144.73373,-25.838524,15.000033,-2.9554768,-17.877516,29.793802,-68.67436,9.390992,-53.270897,60.186817,1.5831295,4.8601413,7.409936,-62.613686,-12.248827,40.25395,45.40835,3.2669892,3.7112386,-24.589172
226,197.06170654296875,94.976318359375,20.479089736938477,15.824841917392229,-14.620692836878128,103.26505316091324,-120.50851,47.03754,8.7174225,120.62177,-6.4452477,4.5203156,-81.624146,-21.587517,-63.432945,144.58267,-25.455782,15.000033,-2.90627,-18.154806,29.793802,-68.83938,9.284788,-53.98525,61.494205,1.5338916,4.7427106,7.1272125,-63.474747,-11.341232,40.14885,47.11987,3.7424202,3.8261552,-24.553604
227,197.00152587890625,94.89356231689453,19.256921768188477,13.879286476798686,-16.955589503748122,104.32049705604713,-120.511444,46.61942,8.99662,120.3718,-5.902474,5.506384,-81.93412,-21.453194,-63.219707,145.00307,-31.818205,15.000033,-3.731657,-17.079247,29.793802,-68.61905,9.061572,-53.12445,61.82319,1.2332616,5.1728044,7.781882,-64.19291,-10.732513,40.23632,48.65285,1.7314471,4.6616235,-23.500156
228,197.04063415527344,94.90524291992188,19.275859832763672,13.928312254681966,-16.789260019134115,104.49402849705334,-120.61093,46.47821,9.044286,120.36115,-6.247366,6.128516,-81.64681,-21.5497,-63.65496,144.91484,-31.481123,15.000033,-3.7192278,-17.319366,29.793802,-68.5242,8.823142,-53.30716,62.263115,0.9066556,5.403086,7.8827157,-64.66776,-10.171862,40.061447,49.872173,2.192013,5.2216244,-22.933313
229,197.1344451904297,94.95954132080078,19.14731788635254,14.092240438289561,-16.84040997401857,104.59921267650743,-120.55399,47.189415,9.398475,120.46859,-6.337395,6.7938275,-82.6093,-21.348982,-63.52727,144.84116,-30.976883,15.000033,-3.8750567,-17.913218,29.793802,-68.6533,8.643708,-53.3658,63.013294,0.32489565,5.9220257,7.8663907,-65.02589,-9.666635,40.496532,50.268932,2.918894,5.3610325,-23.624062
230,197.28514099121094,95.0460205078125,18.658584594726562,15.098849669155893,-17.02913063693263,105.39889742037865,-119.596344,48.50105,11.559403,120.558815,-6.413291,8.548956,-83.09751,-21.838789,-64.24596,145.00594,-30.388367,15.000033,-4.220245,-18.67548,29.793802,-68.973175,8.517876,-53.035175,62.950676,0.7367301,6.104521,8.582979,-65.877106,-9.329225,40.217922,50.612503,2.430443,5.853787,-23.470934
231,197.4439697265625,95.14741516113281,18.526735305786133,15.498684491774608,-16.884704816692317,105.21181174135184,-119.947784,48.537354,11.111615,120.51655,-6.2837577,8.982023,-82.286064,-21.63816,-65.73321,144.66704,-29.29989,15.000033,-3.9533381,-19.115467,29.793802,-68.977325,8.464453,-53.27658,63.244175,1.1290221,6.491049,8.637153,-65.995255,-8.967954,40.304356,50.584743,2.6820142,6.0042896,-23.588472
232,197.60244750976562,95.24766540527344,18.843355178833008,14.857741506220203,-16.51474002455825,105.01930876877438,-120.12007,47.02342,9.916405,119.71847,-4.978588,6.9320865,-82.12955,-20.852768,-65.51184,144.27585,-28.334745,15.000033,-3.707202,-18.559687,29.793802,-68.53834,8.4392,-53.38074,63.27191,1.4752498,5.824332,7.4324713,-65.60466,-8.551984,40.71034,50.924572,3.7292962,5.735565,-22.135668
233,197.76268005371094,95.38888549804688,23.189130783081055,11.332013156030948,-11.828174930599825,109.12501561931823,-118.83041,44.53387,12.468888,118.075005,-3.8014603,5.944669,-82.715515,-21.268011,-57.141792,143.0971,-27.85994,15.000033,-5.30808,-18.400532,29.793802,-66.67131,8.014478,-51.782513,61.530098,-3.1831095,5.066645,9.688082,-64.4459,-8.366184,38.86504,54.934498,6.5820394,5.7939634,-26.273245
234,197.9690704345703,95.47508239746094,21.00130844116211,12.954605436447443,-14.08087071787224,106.97216214300424,-119.71444,46.02973,10.5607,118.75907,-3.5368516,7.262515,-82.89983,-20.29876,-61.42835,143.49683,-26.928131,15.000033,-4.030345,-18.312235,29.793802,-67.53341,7.958803,-52.772114,62.389767,0.2499602,5.4960055,7.7070007,-65.23895,-8.075926,40.009125,52.904045,5.468432,5.6955276,-23.929956
235,198.11082458496094,95.54126739501953,22.790164947509766,11.218229786518817,-12.20645206403942,108.84248362583051,-119.12352,44.24131,11.417884,117.633446,-2.6551456,5.8647137,-81.69503,-20.672033,-58.73228,142.68521,-28.067402,15.000033,-4.630915,-18.060883,29.793802,-66.62063,7.7625046,-51.114998,61.471268,-3.369733,6.2295303,10.118956,-64.49629,-8.030485,38.68974,53.95579,6.5504155,6.684542,-25.770697
236,198.271240234375,95.59355163574219,23.3924503326416,10.692600730221232,-11.339373844022813,109.33405681119255,-119.612656,43.835297,11.088307,117.33946,-1.8913815,6.629857,-80.01237,-20.8203,-59.137108,142.01003,-29.018394,15.000033,-4.3374887,-17.872019,29.793802,-66.40945,7.585705,-51.420555,61.011864,-5.2625537,5.2560763,8.882616,-64.347946,-7.986679,38.44872,54.83494,6.4523573,6.402962,-25.105982
237,198.426025390625,95.60601043701172,23.3261661529541,10.165173724635455,-11.600880179858901,108.9630487839955,-120.780975,42.64489,9.029161,117.269875,-0.11597739,6.3040314,-78.913895,-20.471634,-60.10182,141.6147,-29.352156,15.000033,-3.9386654,-17.703072,29.793802,-66.321556,7.499118,-51.68515,61.572006,-4.541457,5.005984,8.201024,-64.032715,-7.8765616,38.321217,54.503727,7.2026424,5.951771,-24.230167
238,198.60597229003906,95.622802734375,23.164104461669922,10.32325690682748,-11.440965479605318,108.61926770923607,-121.20487,43.601997,8.728175,117.25275,-0.3727549,7.7923617,-78.61537,-20.256771,-61.189087,141.2148,-28.541523,15.000033,-3.5078871,-17.7104,29.793802,-66.546295,7.496958,-52.106537,61.487328,-4.6444654,5.055336,8.287844,-64.251816,-7.772771,38.299618,54.17219,7.14869,6.422697,-24.788189
239,198.77667236328125,95.61708068847656,22.95400047302246,10.145214939777352,-11.64580787889228,108.84300288701664,-121.30203,42.278976,8.29228,116.70569,1.1374055,5.985052,-78.525955,-20.004519,-62.005814,140.8527,-27.246923,15.000033,-3.5309265,-17.896713,29.793802,-66.52548,7.509724,-51.8827,61.571148,-4.0188975,5.2537637,8.816003,-64.20238,-7.715502,38.302288,54.051758,7.862542,6.1747966,-24.921461
240,198.95785522460938,95.61719512939453,22.909786224365234,10.213571577592113,-11.583975494407948,108.56441037067846,-121.66047,42.301975,7.6072474,116.5509,1.4693295,6.755484,-77.64429,-19.897783,-62.994408,140.45312,-26.784246,15.000033,-3.139251,-17.901402,29.793802,-66.41877,7.5647583,-52.58534,61.46601,-5.2042623,4.8484674,8.3601675,-64.26693,-7.5984125,38.291294,54.129253,7.8655567,6.34387,-24.814663
241,199.16668701171875,95.64900207519531,22.568256378173828,11.247829232204234,-11.216655214396173,108.6009751170854,-121.795746,43.67122,8.464697,116.75454,-0.81815785,8.595333,-79.24519,-19.71616,-63.089,140.2769,-25.13325,15.000033,-3.1376543,-18.509935,29.793802,-66.97014,7.6816144,-53.04123,61.22899,-4.3255453,5.008576,9.159826,-65.04799,-7.5082455,38.47981,53.845783,8.084662,6.4695945,-26.281124
242,199.35092163085938,95.6575698852539,22.609066009521484,10.990724765285218,-11.136503771034528,109.04908848425697,-121.72316,43.62671,8.713411,116.32141,1.7998422,8.571052,-78.29038,-20.049025,-64.18072,139.96489,-24.167383,15.000033,-3.229688,-18.71612,29.793802,-66.699265,7.8364053,-53.25878,60.564404,-3.91404,4.3475246,8.290386,-64.907974,-7.4354186,38.098503,53.935013,7.326099,6.121144,-26.290436
243,199.54379272460938,95.67530822753906,22.39844512939453,12.197832580463334,-10.949283659618539,108.52821945504765,-122.064766,41.706825,7.651325,116.06092,2.38242,6.0474534,-77.94856,-19.886492,-65.86665,139.47974,-19.231365,15.000033,-2.908778,-19.877317,29.793802,-66.90877,8.016274,-53.48223,61.16441,-6.022325,4.2329884,8.704003,-65.01345,-7.2166963,37.889206,53.73439,8.382906,6.463041,-27.675596
244,199.71153259277344,95.6985855102539,22.383895874023438,12.054350741485678,-10.999422449467534,108.6456861236397,-122.201355,41.58304,7.376426,115.9069,3.1723576,6.137689,-77.7761,-19.860329,-66.15019,139.26309,-18.472158,15.000033,-2.998374,-20.124199,29.793802,-66.83448,8.222854,-53.69512,61.110935,-6.200807,4.1122556,8.636163,-64.92507,-7.000392,38.25561,53.690845,8.911481,6.191266,-28.077663
245,199.86756896972656,95.73085021972656,22.241092681884766,12.154591213444867,-10.952889441663087,108.79206116894383,-122.44208,41.74468,7.3917036,115.858406,3.621003,6.3825994,-77.89038,-19.772709,-66.526596,139.0574,-17.83306,15.000033,-3.241433,-20.470356,29.793802,-67.07549,8.446703,-53.97304,61.225826,-6.7122607,3.8687334,8.33657,-65.05132,-6.788486,38.394905,53.30937,9.151524,5.6491737,-28.26727
246,200.01046752929688,95.76124572753906,22.12664031982422,12.377409198487346,-10.980371156658915,109.03346178495202,-122.3722,41.98483,7.719967,115.82253,4.0841637,6.5429215,-77.88552,-19.79549,-66.73759,138.93916,-17.176796,15.000033,-3.4560916,-20.727238,29.793802,-67.1049,8.6717615,-54.013283,60.994576,-6.9558306,4.1493893,8.808191,-65.18283,-6.622738,38.377735,53.10961,8.923806,5.9580245,-29.030327
247,200.13194274902344,95.78649139404297,22.04213523864746,12.51896463224004,-10.992147745343175,109.31812534082187,-122.31551,42.123344,8.03502,115.76614,4.3735194,6.938533,-77.8781,-19.826912,-66.78929,138.83505,-17.029692,15.000033,-3.6610072,-20.858719,29.793802,-67.05326,8.871322,-54.10875,60.67816,-6.9184923,4.186427,8.796546,-65.35018,-6.479053,38.403145,53.15012,9.176825,5.8111753,-29.053202
248,200.2307891845703,95.80164337158203,22.08024787902832,12.454938011004984,-11.038798506918376,109.48575687030569,-122.255424,42.012684,8.022449,115.706375,4.782883,7.031292,-77.870895,-19.729208,-66.62032,138.67535,-16.968285,15.000033,-3.8048906,-20.904821,29.793802,-66.90219,9.034426,-54.153618,60.70856,-7.4080305,4.0610046,8.545336,-65.28286,-6.308461,38.373108,53.290783,9.29649,5.701515,-28.868671
249,200.30999755859375,95.80879211425781,22.037660598754883,12.5778495098704,-11.087761646799724,109.57965045037727,-121.9432,42.98841,8.619085,115.77878,4.3824787,8.1285715,-77.673004,-19.718868,-66.71801,138.56258,-17.022905,15.000033,-3.885341,-20.830956,29.793802,-66.813156,9.150232,-54.087734,60.668518,-7.7850485,4.119095,8.668133,-65.43991,-6.1412024,38.561543,53.527275,9.262405,5.5981836,-28.412466
250,200.36257934570312,95.80369567871094,21.83884620666504,12.99036063810123,-11.268058550127062,109.5108027768776,-121.91417,43.061108,8.672439,115.906555,4.265001,8.363111,-77.61679,-19.89267,-67.24376,138.58958,-15.798611,15.000033,-3.914519,-21.135748,29.793802,-66.834404,9.250919,-54.006622,60.81203,-8.273866,4.592681,9.030889,-65.69323,-5.964687,38.625313,53.76062,8.880932,6.266937,-28.794382
251,200.38368225097656,95.79597473144531,21.88444709777832,12.88611838074043,-11.316230105779345,109.47821262746146,-121.923965,43.177063,8.581125,115.982956,4.243385,8.643109,-77.538506,-19.868103,-67.16144,138.51262,-15.807908,15.000033,-3.9996343,-21.107883,29.793802,-66.734634,9.314027,-54.12268,61.097794,-8.302359,4.8304787,8.915042,-65.754425,-5.762335,38.823395,54.130276,8.897455,6.359421,-28.586061
252,200.3804168701172,95.79591369628906,22.084991455078125,12.682239978596492,-11.048764822317297,109.38352309404078,-121.878296,43.94146,8.771182,116.06078,3.6186008,9.47078,-77.40226,-19.691212,-66.992294,138.26059,-15.910027,15.000033,-4.0598826,-21.052914,29.793802,-66.731186,9.354645,-54.35076,61.338707,-8.6092415,5.123089,8.829451,-65.80385,-5.550134,38.887287,54.387848,8.867064,6.6469955,-28.626842
253,200.35772705078125,95.80598449707031,22.394001007080078,12.5983252114802,-10.670848398999787,109.28853496820021,-121.898964,43.846855,8.632671,116.09354,3.2812538,9.439245,-77.69791,-19.630049,-66.414474,138.12613,-15.789141,15.000033,-4.168165,-21.069283,29.793802,-66.690865,9.365681,-54.658295,61.758717,-8.280484,5.1311903,8.5210285,-65.83911,-5.3290386,38.9971,54.774036,9.508574,6.444813,-28.894287
254,200.31675720214844,95.822998046875,22.498577117919922,12.455049221154264,-10.650269944063837,109.22603082490048,-121.82258,44.118443,8.669691,116.24336,2.9808943,9.7050495,-77.765854,-19.469728,-66.137375,138.07553,-15.891791,15.000033,-4.272143,-20.998714,29.793802,-66.57369,9.338957,-54.833427,62.084846,-8.240582,5.0576134,8.447895,-65.914986,-5.099718,39.35859,55.376354,10.033199,5.94849,-28.714104
255,200.23654174804688,95.84085083007812,22.771930694580078,11.164846732882742,-10.847705293591783,110.2114205092918,-121.10567,44.976154,9.940804,116.20061,2.8629396,11.06314,-77.5616,-19.482578,-64.48427,138.28484,-20.892818,15.000033,-4.8614964,-19.91077,29.793802,-66.003586,9.190062,-54.62348,61.527603,-6.545513,5.2109556,7.7611623,-65.87081,-5.0353966,39.452873,56.317192,9.502114,5.313991,-26.964857
256,200.16726684570312,95.86483001708984,22.742494583129883,11.391090807186066,-10.700311947945982,110.00012858755794,-121.1599,45.151188,9.971587,116.37537,2.2909837,11.3385105,-77.20415,-19.592768,-64.63359,138.42131,-21.663162,15.000033,-4.890887,-19.729664,29.793802,-66.07295,9.051915,-54.78883,61.585293,-6.4460998,5.442063,7.4685664,-66.21352,-5.003437,39.66771,56.330055,9.469429,5.6194744,-27.375185
257,200.1074981689453,95.90049743652344,22.94610595703125,11.613283375203084,-10.140314733590904,109.8654871135915,-120.936554,46.305107,10.672496,116.57041,1.4653962,12.326144,-77.36372,-19.853352,-64.75972,138.48364,-21.10945,15.000033,-4.85132,-19.969212,29.793802,-66.12731,8.941204,-54.930866,61.51973,-6.1056724,5.5441937,7.393272,-66.53067,-4.9399366,39.857143,56.83978,9.005449,6.260711,-27.296612
258,200.0220947265625,95.9143295288086,23.222858428955078,11.343695638884341,-10.091313665911548,109.97270661502073,-120.95548,45.151764,10.199344,116.53912,1.9885381,11.485517,-76.991196,-20.01773,-63.956474,138.64755,-22.585485,15.000033,-5.0655446,-19.609673,29.793802,-65.75343,8.793473,-54.86273,61.676556,-6.5293493,5.412664,7.2289777,-66.3849,-4.904024,39.96606,57.123028,8.838373,5.936548,-28.04572
259,199.9407501220703,95.92583465576172,23.282363891601562,11.421480373860241,-9.88848783576955,110.07023930299898,-120.7595,44.666733,10.473189,116.42147,1.9022902,10.840972,-76.49025,-20.454617,-63.875374,138.89076,-24.027893,15.000033,-5.2654924,-19.408411,29.793802,-65.79064,8.63003,-54.919476,61.7071,-6.116872,5.022727,6.7326403,-66.840385,-4.8783736,40.134323,57.642853,8.709856,5.7606316,-27.711096
260,199.86492919921875,95.93327331542969,23.46162223815918,11.171726313688348,-9.830646090959089,110.10905921847223,-120.759155,43.851124,10.1565695,116.36453,2.066567,10.204634,-75.736115,-20.773726,-63.80149,139.05898,-25.036232,15.000033,-5.4358335,-19.066704,29.793802,-65.664566,8.455044,-55.196144,62.07423,-5.8824773,4.6749673,6.1676807,-66.911804,-4.8541217,40.391262,58.078373,8.514921,5.40057,-27.590714
261,199.7899932861328,95.94166564941406,23.767240524291992,11.062165927696967,-9.70423408013328,110.08900846928171,-120.41231,42.890697,9.96273,116.199295,1.7531266,9.488631,-74.25978,-21.084406,-63.633194,139.14531,-26.623398,15.000033,-5.5904446,-18.469194,29.793802,-65.5281,8.25912,-55.677753,62.442883,-5.872452,4.254665,5.560948,-66.909424,-4.867474,40.866787,58.348904,8.582918,4.665882,-27.718328
262,199.76319885253906,95.96815490722656,23.914579391479492,11.515951487428907,-9.2257513305879,110.23385551574502,-119.76561,44.328613,11.377762,116.35757,1.3891394,10.505626,-74.69177,-21.548182,-63.60765,139.27937,-25.60349,15.000033,-5.69581,-18.540289,29.793802,-65.83572,8.079278,-55.705498,62.457966,-4.9385967,3.9265325,5.160848,-67.603455,-4.9158134,41.34841,59.24656,8.106178,4.5957665,-26.906881
263,199.72523498535156,95.98223876953125,24.09010124206543,11.612510844669892,-9.129209461229237,110.42514309065933,-118.88826,45.055965,12.445107,116.41188,0.719687,11.083543,-74.77433,-21.763672,-63.07809,139.38557,-25.701153,15.000033,-5.837952,-18.205057,29.793802,-66.00782,7.9064994,-55.75428,62.70248,-4.083511,3.832535,4.8175607,-68.04761,-5.0020156,41.699554,60.221725,7.791175,4.4073124,-27.122856
264,199.6816864013672,95.96763610839844,23.944372177124023,11.577895637801415,-9.834664084599554,110.71890862285616,-118.04084,44.39017,12.866482,116.37777,1.0012295,10.250919,-73.590256,-22.016663,-63.217747,139.69334,-27.308548,15.000033,-5.939699,-17.432543,29.793802,-66.14755,7.7033787,-55.7161,62.979103,-4.0026445,3.9155085,4.3017697,-68.40155,-5.219417,42.094112,61.256207,7.796563,4.1175027,-26.471893
265,199.6754150390625,95.97193908691406,24.310087203979492,12.1461052418127,-9.030961079810073,110.95717734716676,-117.155785,45.380272,14.482928,116.39434,0.11237687,10.773332,-74.55921,-22.659191,-62.58416,139.72592,-26.219522,15.000033,-5.732711,-17.108799,29.793802,-66.869,7.5792956,-55.56421,62.78073,-2.5373142,3.972142,3.909675,-69.434715,-5.557088,41.82251,62.608837,6.443532,5.094115,-26.232857
266,199.68743896484375,95.96918487548828,24.296247482299805,12.71400547219836,-8.988523383138764,111.69158721169707,-115.473465,46.287033,16.992466,116.51779,-1.7795585,10.745065,-75.24455,-23.218374,-61.952847,140.056,-25.760338,15.000033,-5.654969,-16.457926,29.793802,-67.4194,7.5237603,-55.352917,62.423943,-1.6188031,3.6801472,4.4744234,-70.398186,-6.113661,42.207676,64.12418,6.055435,4.766438,-26.628378
267,199.7818145751953,95.93488311767578,21.576480865478516,14.767918646659389,-13.005919456898143,109.62888840950843,-113.11416,49.5033,18.05759,118.06122,-5.1425734,10.877711,-75.505775,-22.258057,-65.08176,141.59451,-24.419086,15.000033,-4.1476994,-14.945149,29.793802,-67.78349,7.5851507,-54.77601,61.2339,3.3816214,4.1422534,2.4666896,-71.08882,-6.8702526,43.773384,64.3397,2.3101025,4.9610734,-20.85364
268,199.8835906982422,95.99803161621094,21.60291862487793,15.188709852640294,-13.858501470467742,109.51381975748112,-111.791916,49.3553,18.405893,118.44292,-7.14582,10.859888,-74.563835,-22.092527,-64.49536,141.7178,-25.348562,15.000033,-3.293656,-13.310943,29.793802,-67.285614,7.6267734,-53.99997,58.52835,5.0878673,4.995404,1.5925192,-71.219536,-7.970929,44.019806,66.06326,1.1837221,4.9779882,-20.332533
269,200.05316162109375,96.1547622680664,20.40679168701172,16.804154099553916,-15.860187045235039,109.56831951182579,-111.13222,49.355434,18.749441,119.48164,-7.729256,11.589845,-73.510025,-22.10841,-65.680336,142.14919,-27.193924,15.000033,-2.0392334,-11.53778,29.793802,-66.414185,7.6825466,-53.581512,55.58242,6.835864,5.063634,2.5252209,-71.169075,-9.364916,44.549282,67.33882,0.88081044,4.136779,-18.606031
270,200.2511749267578,96.43592071533203,20.684659957885742,17.214635607170838,-16.37253505975094,109.81459288382683,-110.47654,48.90254,18.436052,120.15824,-8.331667,11.299756,-72.10844,-22.019007,-64.907036,142.10983,-27.280922,15.000033,-0.34089366,-8.958752,29.793802,-63.94795,7.6350985,-53.738075,50.662918,10.470906,5.575075,2.633893,-69.788216,-10.889619,44.79205,69.00303,1.2888151,3.6382725,-17.97098
271,200.469970703125,96.831787109375,20.790603637695312,17.659401369658656,-17.039657395727783,110.54111011691366,-108.54183,48.61368,19.669691,120.26812,-7.7473507,10.032798,-70.561134,-22.15943,-64.91172,142.1664,-24.44406,15.000033,1.6042029,-6.594213,29.793802,-61.244164,7.61557,-54.241837,45.23181,12.619632,4.441158,3.221404,-68.58347,-12.496285,46.238297,70.69881,1.7043898,2.3198404,-16.00318
272,200.71969604492188,97.3182373046875,22.257633209228516,20.571447780783913,-14.346398033052354,109.4012383078265,-109.10605,48.65128,18.573202,121.28526,-9.883521,9.465596,-69.05285,-22.342907,-65.06957,140.70885,-16.075064,15.000033,4.8221183,-5.8051662,29.793802,-59.4546,7.8728213,-55.69677,39.55085,15.170348,4.6642756,3.016203,-68.094154,-14.07593,46.00426,72.47063,6.3769965,1.5331317,-14.279434
273,200.8948516845703,97.88304138183594,23.47087287902832,19.724291372152635,-14.388414042287367,111.18534283886348,-107.41862,46.8572,19.251423,121.343155,-10.620937,8.235462,-68.58813,-21.754944,-61.177647,140.04276,-18.312298,15.000033,6.559583,-2.3904285,29.793802,-56.079777,8.428498,-56.348454,32.205532,20.026375,5.088604,1.4476185,-66.93659,-15.97243,46.37002,74.753914,5.8010406,1.0314122,-11.859938
274,201.04824829101562,98.40811157226562,25.144386291503906,20.690315357210096,-12.225924851192568,110.48934110573195,-106.84898,46.217926,18.401237,121.46784,-12.299407,7.425058,-68.15051,-21.00617,-59.130104,138.26991,-16.50689,15.000033,9.031128,-0.26328072,29.793802,-53.403877,9.301272,-56.558407,25.980642,21.661858,4.96366,0.23091534,-66.18801,-17.905125,46.81154,75.626976,6.1625085,0.3137981,-9.742145
275,201.1484832763672,98.86353302001953,26.16126823425293,21.271553264733928,-10.95583116011842,110.13049948654468,-106.20706,46.77821,18.280754,122.10885,-13.6495075,7.9156365,-67.72148,-20.696907,-57.747868,137.06944,-15.336795,15.000033,11.15365,1.6714861,29.793802,-49.944492,10.392912,-56.213627,20.214172,24.283161,5.431231,0.26409724,-65.5951,-19.887615,47.024902,76.09576,5.420011,0.23712972,-8.585591
276,201.21498107910156,99.23294067382812,27.44780731201172,20.43963923022195,-10.267471632107226,109.41233191399192,-106.72773,45.18001,15.359087,122.49461,-14.96227,7.9256163,-68.25514,-18.741812,-55.64839,135.2001,-15.734468,15.000033,12.730932,3.666316,29.793802,-45.700417,11.622701,-56.28049,14.527145,25.111805,6.139372,-0.05507562,-64.529396,-21.7387,47.421104,76.43228,6.8104677,0.3279479,-8.664908
277,201.22760009765625,99.38929748535156,27.267784118652344,22.1829200318027,-9.34675592048537,108.47672408258079,-106.16531,47.617805,16.60845,123.70946,-15.220427,9.095719,-65.06468,-20.607927,-58.074833,134.52576,-11.262031,15.000033,14.404228,3.468934,29.793802,-42.84761,12.977796,-54.35579,12.492338,24.892664,5.7424126,-0.041617278,-63.835518,-23.46291,46.20468,74.59931,6.8358135,0.19489846,-8.590887
278,201.21463012695312,99.5023193359375,27.610544204711914,21.732994041541648,-9.014246202556992,108.32669657791531,-106.32913,47.198257,15.974411,123.95994,-15.485602,8.722185,-64.50554,-20.558428,-58.070824,133.54292,-10.779039,15.000033,14.948691,3.68528,29.793802,-39.614475,14.219249,-52.742573,10.37017,24.678041,5.6883125,0.3905188,-62.467247,-24.932241,45.16882,73.08503,6.878782,0.30996692,-8.530915
279,201.1384735107422,99.5824203491211,27.91474723815918,19.743162541386344,-9.718021455959171,109.7345939570411,-105.73129,44.493736,16.000187,123.19314,-15.103419,6.3618054,-64.95992,-20.202415,-56.539482,133.45897,-14.745056,15.000033,14.091972,4.114072,29.793802,-36.86806,15.211348,-50.892868,9.189972,25.080946,5.939018,0.98311114,-60.834553,-26.180561,43.750645,71.38632,5.4691567,0.5261843,-8.255897
280,201.1644287109375,99.47196197509766,27.47277069091797,20.388594326327606,-8.745077187233251,109.3800229876293,-107.45078,44.767895,15.717769,123.21651,-12.653024,5.3699903,-64.20284,-21.355917,-59.917908,133.09286,-8.683719,15.000033,15.036159,2.157875,29.793802,-35.98436,16.079367,-48.961647,9.627212,23.965406,6.204372,2.3494456,-59.691658,-27.151283,42.127552,68.076935,6.190703,0.7951806,-8.802648
281,201.1614532470703,99.4282455444336,28.1010684967041,18.90813452903701,-8.179562131542117,109.52396205962796,-108.07025,44.13795,14.680843,122.64167,-13.160241,6.2366624,-64.77785,-20.251312,-59.414803,131.68738,-11.001064,15.000033,14.8780155,1.6130632,29.793802,-35.60541,16.564026,-47.642036,10.022426,22.882915,6.697064,2.8179088,-58.108475,-27.724714,41.292053,65.65963,6.157568,1.1948569,-8.36953
282,201.0902862548828,99.3839111328125,27.74829864501953,16.978069751700854,-9.262950620017948,111.7146205050832,-108.48922,40.818863,14.764718,121.729485,-10.392452,3.7677648,-65.01024,-20.68161,-58.90913,132.5286,-15.209669,15.000033,13.492955,1.4995294,29.793802,-35.268467,16.760601,-46.093674,10.015911,23.62499,7.7915654,3.0659432,-56.68429,-28.143375,39.674416,63.923832,4.484938,1.562511,-8.896039
283,201.16024780273438,99.2324447631836,27.50185775756836,17.97769686684109,-8.423974684765025,110.74591877628112,-109.822685,41.070877,14.091055,121.821785,-10.3587885,2.835341,-64.958786,-21.091043,-61.326557,131.94891,-9.084495,15.000033,14.327333,-0.25015914,29.793802,-35.64882,16.94594,-45.16096,9.905632,23.73852,9.272021,3.263432,-56.100513,-28.408285,38.959915,61.841156,6.281252,1.8836008,-9.581316
284,201.19264221191406,99.16236877441406,27.616622924804688,17.910273056796747,-8.06710180402829,110.32639226814103,-110.48106,41.302376,13.293359,121.9326,-11.37093,4.689503,-65.27125,-20.474144,-61.44823,131.23138,-9.650095,15.000033,14.544868,-0.84778273,29.793802,-35.73571,17.036644,-44.78101,8.933181,24.542467,9.988245,2.7144933,-55.55462,-28.523392,38.53547,61.53563,7.299416,1.6717298,-9.9151945
285,201.2063751220703,99.09227752685547,27.594316482543945,17.61555962859525,-7.936825112223701,110.2061258729267,-110.98386,40.991512,12.7978115,121.79761,-11.265977,4.3975835,-65.02306,-20.543453,-62.069485,130.9881,-8.2998705,15.000033,14.391759,-1.5474977,29.793802,-35.503113,17.051294,-44.583424,8.482506,24.45544,9.843595,3.432769,-54.80959,-28.541075,37.88244,60.493835,8.313781,1.4233476,-10.771554
