Frame,root_translateX,root_translateY,root_translateZ,root_rotateX,root_rotateY,root_rotateZ,left_hip_pitch_joint_dof,left_hip_roll_joint_dof,left_hip_yaw_joint_dof,left_knee_joint_dof,left_ankle_pitch_joint_dof,left_ankle_roll_joint_dof,right_hip_pitch_joint_dof,right_hip_roll_joint_dof,right_hip_yaw_joint_dof,right_knee_joint_dof,right_ankle_pitch_joint_dof,right_ankle_roll_joint_dof,waist_yaw_joint_dof,waist_roll_joint_dof,waist_pitch_joint_dof,left_shoulder_pitch_joint_dof,left_shoulder_roll_joint_dof,left_shoulder_yaw_joint_dof,left_elbow_joint_dof,left_wrist_roll_joint_dof,left_wrist_pitch_joint_dof,left_wrist_yaw_joint_dof,right_shoulder_pitch_joint_dof,right_shoulder_roll_joint_dof,right_shoulder_yaw_joint_dof,right_elbow_joint_dof,right_wrist_roll_joint_dof,right_wrist_pitch_joint_dof,right_wrist_yaw_joint_dof
0,-0.18694044649600983,-0.11091596633195877,93.00360107421875,0.3229936652394948,-4.264199473289935,72.25536188752682,3.7244434,7.8428087,11.493036,4.8080125,8.706979,-8.8581,17.649155,-8.109887,-47.268986,2.2432747,-3.0053165,3.2978861,3.6152291,1.9700215,3.5094016,4.7548776,10.791761,-38.360397,65.69126,-0.97127825,3.7238925,7.406024,8.922236,-12.719365,33.47047,66.315094,8.832167,2.2456746,-10.819364
1,-0.24177540838718414,-0.10560213029384613,92.9780044555664,0.13338066579192795,-4.353671333088076,72.90766375768786,3.7065415,7.958357,11.332118,4.7320375,8.665442,-8.910382,17.928095,-7.889895,-47.766758,2.1695185,-2.972826,3.3097074,3.642935,1.9291215,3.457195,4.58891,10.808263,-38.24597,65.45088,-0.88493925,3.5672028,7.2659845,9.26903,-12.726935,33.334267,66.352745,8.571651,2.1869977,-10.857008
2,-0.2967909276485443,-0.09519004076719284,92.96549224853516,0.08569477394965956,-4.360555563516674,73.0427619603552,3.6965623,7.965927,11.369234,4.721826,8.528659,-8.892308,17.875198,-7.858865,-47.449535,2.2133076,-2.9632645,3.4411097,3.6586251,1.9109024,3.3498147,4.671842,10.811686,-38.184227,65.257904,-0.76446587,3.5389283,7.2365875,9.33407,-12.749675,33.398052,66.366066,8.295522,2.1801305,-10.810301
3,-0.34969818592071533,-0.0782885029911995,92.95696258544922,0.04233301282208037,-4.364082702530617,73.3123353230046,3.6270714,7.909988,11.138244,4.7240973,8.441461,-8.913248,17.97372,-7.8137856,-47.64126,2.1227393,-2.9314272,3.486839,3.6377108,1.883623,3.3097951,4.6488547,10.809709,-38.194847,65.1201,-0.67661804,3.4368467,7.154561,9.427813,-12.7588,33.39516,66.439064,8.135964,2.145501,-10.86114
4,-0.39672014117240906,-0.05347777530550957,92.95896911621094,0.05514067291410448,-4.4082897465649555,73.48754926229813,3.6391609,7.839086,11.107878,4.741967,8.3848095,-8.894431,18.077303,-7.842421,-47.711037,2.0712702,-2.96093,3.4967632,3.6466186,1.889415,3.2624378,4.65287,10.785481,-38.330383,65.097046,-0.46556434,3.487476,7.1997423,9.505036,-12.803589,33.540462,66.51094,7.8411627,2.172731,-10.91574
5,-0.43865904211997986,-0.01711360365152359,92.94709777832031,0.018200895133311794,-4.3307518166942724,73.69681168335366,3.6238048,7.80853,11.097419,4.5455365,8.304562,-8.785363,18.131346,-7.7500224,-47.831867,1.835553,-2.9352708,3.4245968,3.6261199,1.8688964,3.2797148,4.6585536,10.767682,-38.29912,64.89164,-0.23913911,3.6026266,7.0991516,9.563623,-12.827978,33.477062,66.641556,8.036708,2.258083,-10.91191
6,-0.47554779052734375,0.02941802889108658,92.93133544921875,0.04303351779096187,-4.201591815385661,73.7812334885068,3.4208302,7.71226,10.937862,4.6777186,8.194922,-8.798054,18.039173,-7.780693,-47.77641,1.765219,-3.008586,3.5844653,3.6221933,1.8182385,3.2474418,4.707703,10.745125,-38.367077,64.790436,-0.08315366,3.5334685,7.096167,9.608107,-12.859973,33.532627,66.67337,7.9330826,2.2975428,-11.016068
7,-0.5112253427505493,0.08573253452777863,92.91532897949219,0.007534260149844724,-4.108268944820352,73.9152585969885,3.3424435,7.659268,10.751479,4.618608,8.012824,-8.81172,17.987036,-7.763699,-47.751785,1.7553357,-3.0417671,3.6650085,3.6441367,1.7996548,3.2124195,4.746275,10.722892,-38.358124,64.71118,0.007794486,3.4641266,7.1462293,9.713196,-12.88399,33.54259,66.74893,7.770244,2.2812908,-11.035555
8,-0.5473071932792664,0.1515871286392212,92.91802978515625,0.02004876302442299,-4.0426949527248945,74.03061796466608,3.308517,7.608623,10.827842,4.604814,8.006991,-8.726924,17.992199,-7.756598,-47.631523,1.6254574,-2.952518,3.6615493,3.603895,1.7782427,3.2188618,4.8260493,10.690197,-38.364773,64.660065,0.053455204,3.419805,7.1348596,9.762975,-12.910846,33.551014,66.87655,7.7749796,2.3142202,-11.03176
9,-0.5897120833396912,0.22644442319869995,92.90922546386719,-0.0176365667933065,-4.006451461605903,74.06374235301327,3.37425,7.616001,10.965449,4.5217695,7.840669,-8.774835,18.019032,-7.759144,-47.675533,1.606442,-2.9887884,3.6782427,3.5635445,1.7655953,3.1926944,4.9113107,10.63431,-38.440437,64.739815,0.16625705,3.359378,7.276046,9.791438,-12.949157,33.537758,67.01674,7.5477495,2.4106247,-11.122246
10,-0.6373745799064636,0.3134438395500183,92.91948699951172,0.004954654308246819,-3.9340121357882443,74.15153650672961,3.3607957,7.5267725,11.002797,4.4865675,7.7350388,-8.661236,18.011843,-7.7917624,-47.528053,1.5093149,-2.854295,3.666038,3.5518062,1.7534616,3.1653252,5.028377,10.571742,-38.453167,64.66919,0.19524504,3.3039908,7.247604,9.895886,-12.995696,33.528572,67.07648,7.529816,2.3355298,-11.038134
11,-0.6947770118713379,0.4152732789516449,92.91011810302734,-0.03639675351779439,-3.8127009871761413,74.10810370166868,3.3841343,7.518652,11.161632,4.3718123,7.634364,-8.666235,17.940413,-7.787794,-47.391193,1.4327533,-2.754701,3.6948674,3.5238888,1.7311883,3.1211345,5.213565,10.503863,-38.443134,64.6155,0.15973501,3.1390471,7.296649,9.939442,-13.048249,33.473938,67.15065,7.4753985,2.3428812,-11.014876
12,-0.7609946131706238,0.5350658893585205,92.90283966064453,-0.13572055591323234,-3.7848903693265226,74.11291844719574,3.5164638,7.590487,11.420568,4.271212,7.33212,-8.570333,17.93701,-7.764286,-47.195007,1.4789376,-2.6718585,3.6785305,3.5034163,1.7325344,3.0925772,5.4034996,10.415475,-38.3734,64.55602,0.35114273,3.124869,7.456909,10.055011,-13.114379,33.34342,67.231544,7.3652096,2.267601,-10.845583
13,-0.8310667276382446,0.6793004870414734,92.90625762939453,-0.10734330056896527,-3.665914143476312,74.0584552877099,3.5755904,7.482052,11.605117,4.161417,7.1922092,-8.562773,17.867245,-7.871265,-46.97616,1.4500638,-2.599251,3.749788,3.4543538,1.7182093,3.043032,5.6910214,10.338841,-38.47775,64.44545,0.35569033,2.9617333,7.375103,10.088867,-13.176866,33.38626,67.403824,7.2213793,2.1892066,-10.758311
14,-0.9067959785461426,0.8536461591720581,92.90309143066406,-0.15045280612411854,-3.5299368957120056,73.89644942660046,3.694419,7.5043592,12.064307,4.0423203,6.871473,-8.446152,17.740425,-7.9508624,-46.674236,1.5145565,-2.4719682,3.8250756,3.457027,1.7339406,2.977257,5.980901,10.188072,-38.485622,64.436905,0.5349225,2.9939406,7.5297437,10.207594,-13.29937,33.31203,67.44157,6.9808164,2.2006423,-10.725992
15,-0.9827461838722229,1.0614131689071655,92.90208435058594,-0.12486702980899246,-3.361728976308238,73.7787745192468,3.7947764,7.3983455,12.367859,3.8933997,6.5267878,-8.420825,17.673716,-8.073393,-46.48407,1.4503614,-2.3971746,3.8923526,3.414477,1.7212497,2.921171,6.332631,10.057071,-38.563847,64.42202,0.78086543,3.0269024,7.4829483,10.340767,-13.404732,33.1972,67.46025,6.584455,2.311448,-10.657813
16,-1.0588093996047974,1.3062409162521362,92.8936767578125,-0.19419533215663362,-3.2364912969919724,73.52668799656131,3.9967532,7.4658294,12.979747,3.824647,6.1959567,-8.269679,17.57706,-8.167488,-46.127716,1.5631967,-2.2611485,3.9660828,3.3953178,1.7113693,2.877886,6.7296753,9.931644,-38.53301,64.44995,1.0150768,3.1198862,7.5625334,10.460194,-13.495304,32.979572,67.48878,6.3227077,2.3066094,-10.545716
17,-1.128556251525879,1.588091254234314,92.87660217285156,-0.24075930148545532,-3.0323854212875765,73.1092449855016,4.2210875,7.4857163,13.589887,3.6638396,5.84938,-8.15235,17.421623,-8.293394,-45.775814,1.6200961,-2.1642723,4.0689273,3.3847768,1.6796371,2.7654643,7.129252,9.816574,-38.628353,64.51555,1.1532652,3.2226243,7.524439,10.559874,-13.584361,32.77232,67.36451,6.140198,2.3301933,-10.572424
18,-1.1880093812942505,1.9038045406341553,92.84745788574219,-0.2887019597063055,-2.7573495295946255,72.6187843166156,4.516787,7.540396,14.520654,3.3442018,5.5092773,-7.8913064,17.164633,-8.439188,-45.30012,1.7278532,-2.1137214,4.2336307,3.3684173,1.6419228,2.657892,7.427116,9.733281,-38.541035,64.60056,1.3965576,3.4031513,7.385757,10.625956,-13.661731,32.496056,67.09314,6.0607967,2.4132295,-10.548586
19,-1.233828067779541,2.2429850101470947,92.84930419921875,-0.2521007111026773,-2.6293826985703395,71.94563604799572,4.873654,7.4334226,15.005918,3.2689683,5.0475326,-7.762619,17.027607,-8.707813,-44.71962,1.8804587,-2.0036068,4.465455,3.320506,1.6107583,2.5173469,7.445178,9.717547,-38.336796,64.827385,1.5672908,3.5135531,7.4532375,10.61279,-13.720214,32.229088,66.63527,5.6685038,2.519372,-10.679603
20,-1.2662900686264038,2.6030988693237305,92.81668090820312,-0.17852516953064695,-2.1901467481876233,71.23108166980809,5.0550365,7.3079495,15.836116,2.977568,4.665019,-7.542423,16.548363,-9.045244,-44.1616,2.0819685,-2.0162654,4.8361597,3.1704667,1.5122021,2.4276733,6.998995,9.788516,-37.93166,65.03169,2.1667736,3.5940151,7.5054197,10.470966,-13.781569,31.78076,66.05048,5.491288,2.6558483,-10.801252
21,-1.2902555465698242,2.9687352180480957,92.818359375,-0.05740985595514337,-1.8747724184995729,70.42553621112471,5.466573,7.068215,16.557516,2.50047,4.2710514,-7.3316107,16.146132,-9.458805,-43.49406,2.3451693,-1.9722546,5.159985,2.9681447,1.406409,2.4101994,6.2563424,10.038841,-37.442684,65.12207,2.5898583,3.695078,7.6588163,10.306837,-13.866229,31.07318,65.304924,5.6822996,2.743174,-11.052216
22,-1.3127102851867676,3.3335983753204346,92.88278198242188,0.14201659985418258,-1.5974230965669358,69.45991919868665,5.986204,6.7508264,17.493883,1.9729743,4.136994,-7.1062818,15.690052,-10.001732,-42.676403,2.7115016,-1.8073057,5.2499332,2.6505249,1.2909027,2.3603487,5.8142643,10.326053,-37.173313,65.03925,2.9617634,3.8638155,7.6389103,10.069987,-13.952909,30.45367,64.67131,5.956824,2.5797234,-11.174256
23,-1.3503594398498535,3.6866836547851562,92.89509582519531,0.15978518927749852,-1.4389856234289007,68.46885682576331,6.7155805,6.5602107,18.334324,1.2285802,3.8947926,-6.8506274,15.117871,-10.487174,-41.600838,3.5669332,-1.9432375,5.382958,2.2526147,1.1055857,2.3191314,5.8069973,10.624323,-36.90161,64.666725,3.6022453,4.047792,7.5805926,10.012181,-14.082022,29.649815,63.73369,5.9474936,2.5797446,-11.376328
24,-1.404584527015686,4.023118019104004,92.90516662597656,0.27784241158471573,-1.228734508259998,67.27745361969481,7.509923,6.1964545,19.30642,0.2625812,3.9389427,-6.5803323,14.307053,-11.160655,-40.303665,4.642736,-2.0851872,5.480512,1.6564003,0.8766051,2.3291354,6.1537395,10.881984,-36.47379,64.32532,3.9076006,4.211529,7.60297,10.018066,-14.262448,28.506472,62.695404,6.1879954,2.6029506,-11.584221
25,-1.479759693145752,4.3375244140625,92.88733673095703,0.2537612585130632,-1.2056290607603828,66.07682771784647,8.566811,5.953847,20.417725,-0.8659335,3.9897532,-6.277691,13.554679,-11.720541,-38.960667,5.933751,-2.1243973,5.2902403,0.91507626,0.7849146,2.471573,6.545173,11.091419,-36.187473,64.05926,4.1597824,4.3040886,7.5456834,10.208701,-14.449634,27.303366,61.37303,6.287244,2.786509,-11.886012
26,-1.564170002937317,4.6311259269714355,92.8824691772461,0.024836560851015436,-1.2614902325755921,64.74966513446712,10.001905,5.8065815,21.656902,-2.6419172,4.427768,-5.86495,12.781213,-11.896521,-37.38313,6.9309044,-1.3453422,4.816228,0.014444308,0.79848564,2.9544756,6.978608,11.248711,-35.51838,63.799892,3.9085128,4.294113,7.648931,10.466472,-14.651899,25.94962,60.025707,6.36098,2.8304396,-11.875452
27,-1.6384342908859253,4.90055513381958,92.85905456542969,-0.2625940172777327,-1.298286932921965,62.794597289811755,11.268616,5.80143,23.274412,-3.8424613,4.2402196,-5.3074837,8.212721,-14.060229,-35.41817,15.51261,-3.3031378,3.7686498,-1.0162191,0.7931545,3.5786195,7.2363324,11.402245,-35.17976,63.913963,3.5915494,4.1096897,7.697908,10.490124,-14.891369,24.629808,58.7403,6.6121583,2.761241,-12.020518
28,-1.6610875129699707,5.1482720375061035,92.7392578125,-0.13026353130897647,-1.532385417442939,60.760999541807365,12.296004,5.529352,25.063402,-3.9701865,3.318602,-4.608822,3.0145836,-16.070578,-33.858425,23.616266,-4.780188,3.0118778,-1.755574,0.4766394,4.329351,7.201283,11.604262,-35.215084,64.07264,3.3577852,4.0994477,7.757661,10.617154,-15.089873,23.99046,57.798096,7.081876,2.5434823,-12.336949
29,-1.5799893140792847,5.415221214294434,92.539306640625,0.16617771422034033,-1.4451907438261582,58.995191608784815,12.914904,5.07883,26.334047,-4.0832186,2.2079184,-3.987415,-1.5030757,-17.98744,-32.564896,31.026646,-5.8085313,2.1975527,-2.4090264,0.18581755,5.071013,7.1893363,11.813676,-35.01924,64.233795,3.2388024,4.2914143,8.121147,10.913983,-15.246278,23.17273,57.204315,7.4665995,2.385477,-12.447722
30,-1.364203691482544,5.726623058319092,92.44451904296875,0.17500921089380503,-1.5953166046123946,57.41265558793409,13.900765,5.075599,28.019987,-4.192422,1.5881195,-3.6365936,-4.905039,-19.125381,-32.100605,35.22099,-5.901516,1.4423382,-3.0479615,0.13788599,5.8515315,6.923723,12.033619,-34.976498,64.42918,3.2007792,4.5280137,8.218933,11.303954,-15.275823,22.731445,56.96228,8.195917,1.996302,-12.469712
31,-0.9758561849594116,6.10814905166626,92.37709045410156,0.03129714636786318,-1.5532007345161145,55.49809174002844,14.910845,5.302476,30.057512,-4.3192472,1.1441299,-3.5876603,-7.2990785,-19.778652,-32.84262,36.604115,-5.806514,0.82074535,-3.72482,0.3093329,6.68382,6.594197,12.2390785,-35.0003,64.61987,2.739285,4.675665,8.27024,11.449014,-15.217655,22.591219,57.191242,9.036509,1.8753281,-12.407956
32,-0.3924262225627899,6.570900917053223,92.17536926269531,0.01215345949815829,-1.036223611917666,54.05445806257487,15.521184,5.490273,32.148922,-4.4763885,0.24854177,-3.7577815,-9.280339,-19.667953,-33.52341,35.14411,-5.04359,0.19102536,-4.4631124,0.5915828,7.4321504,6.2644534,12.401616,-34.703342,64.17608,2.1886942,5.028025,8.074908,11.445211,-15.055282,22.802752,58.054474,9.481917,2.0782464,-11.461596
33,0.3741101920604706,7.107670783996582,91.97683715820312,0.05476096501641052,-0.7201073502490393,52.720500169736205,16.355038,5.5901127,33.29667,-4.5738745,-0.41334057,-3.9612637,-10.635426,-19.229097,-34.309017,32.08237,-3.9561708,-0.15391551,-5.278542,0.89864486,8.292018,5.969804,12.489979,-35.10924,63.859173,1.197521,5.03137,8.178844,11.574591,-14.78334,23.242762,59.07622,10.141619,2.034977,-10.71059
34,1.311254858970642,7.716594696044922,91.69834899902344,0.11454936923887538,0.1998277300780231,51.402376090391776,16.678465,5.708119,34.454975,-4.6721516,-1.0764467,-4.3988957,-10.776478,-18.080805,-35.70207,26.39373,-2.647505,-0.23452112,-5.905771,1.3215886,8.813022,5.5429873,12.526604,-35.547432,63.58568,1.1209027,4.986834,7.959922,11.709957,-14.488471,23.939566,59.99323,10.936421,2.0459049,-9.883623
35,2.382946252822876,8.37125015258789,91.3974609375,0.44688442766164904,0.9996896052277434,50.195198948857794,17.16095,5.5277996,35.245167,-4.727081,-1.2857594,-4.748293,-10.304077,-16.979748,-36.684013,20.678522,-0.89203346,0.21129397,-6.2783027,1.6970162,9.154517,4.938612,12.529305,-35.696575,63.15316,1.2555906,4.8771324,7.945257,12.249963,-14.1376295,24.15163,60.38998,12.005289,1.9522259,-9.881307
36,3.54805326461792,9.064026832580566,91.16669464111328,0.5785743326744867,1.5720832250819607,49.25631757783353,17.808714,5.580334,35.217876,-4.714953,-1.2025105,-5.2642236,-9.501237,-15.616036,-37.481647,15.711552,0.637253,0.35473707,-6.691671,2.0434299,9.52264,4.551479,12.50179,-35.82477,62.776833,1.0340279,4.7567134,7.9164243,12.327662,-13.84506,24.571945,61.218517,12.413554,1.996986,-9.12195
37,4.782223701477051,9.79157543182373,90.94336700439453,0.4624616414677234,2.11705413661247,48.39616720204144,18.48055,6.0000224,35.28846,-4.463167,-1.1429306,-5.9650803,-8.38379,-14.5169735,-38.916046,12.640933,1.0958438,0.098769896,-6.875361,2.61725,9.780064,4.1290426,12.414134,-35.963398,62.44746,0.6141726,4.899911,8.183988,12.28053,-13.660142,25.227621,61.802963,12.961024,1.7072306,-9.268543
38,6.072721004486084,10.563831329345703,90.87195587158203,-0.051249624962636534,2.7428203889028584,47.52835788464915,18.881567,7.085915,35.790615,-3.2806587,-1.0844197,-6.4915624,-8.018681,-13.585244,-39.22414,12.480443,1.0136548,-0.49904495,-7.1251726,3.1895797,9.797029,3.8089979,12.380127,-36.16937,62.292004,-0.1772158,5.0191507,8.469448,12.172274,-13.611534,25.44889,62.31749,13.136261,1.8576112,-9.191723
39,7.419971466064453,11.37110710144043,90.88408660888672,-0.46578241770582784,2.8648313364246403,46.47934503220209,19.513327,8.104124,35.90752,-0.5841903,-1.0787218,-6.8162627,-7.950297,-13.1890545,-38.578243,14.5574,0.11823889,-0.98181915,-7.199205,3.8235133,9.715428,3.5838218,12.379635,-36.187065,62.29982,-2.018385,4.8558187,8.2924795,11.873425,-13.608545,25.802853,63.26405,12.38928,1.6164678,-8.751784
40,8.842292785644531,12.232736587524414,90.99034881591797,-0.8223157422949723,3.012372687178094,45.02679064168697,19.350603,9.219444,35.936207,3.7254658,-0.77485746,-6.681102,-7.4172444,-12.687801,-38.411514,15.841161,-0.8019919,-1.2627416,-6.9936776,4.162992,9.793055,3.1628482,12.41951,-36.08222,61.860683,-3.1839547,4.6696086,8.443527,11.523836,-13.73132,25.788841,63.62842,12.614196,1.3641222,-8.859458
41,10.354230880737305,13.135615348815918,91.04076385498047,-0.397438622601922,2.605070287813635,43.348227193294065,19.142578,9.498102,34.580357,6.680536,1.7218128,-6.021215,-6.314404,-12.94637,-37.591854,17.043167,-2.390456,-1.0052778,-6.20611,4.017824,10.115616,2.8605127,12.468575,-35.70881,61.326115,-4.3761196,4.0157905,8.794769,10.931553,-13.999993,25.826292,63.99013,11.941826,1.1668967,-9.192252
42,11.953737258911133,14.056208610534668,91.30240631103516,0.234432596879056,2.535579014508858,41.108937069686824,13.268366,13.363984,32.559338,22.411427,1.0210414,-3.8491225,-4.6506677,-12.590494,-36.712616,15.626294,-2.7782078,-0.55083764,-5.454492,4.0774765,10.759043,2.3388228,12.566891,-34.99667,60.326065,-4.3521953,3.7854884,8.905893,9.960728,-14.461059,25.487505,63.77144,11.163738,1.0650284,-9.847994
43,13.62785816192627,14.996692657470703,91.56269836425781,0.7990293598250987,2.3737282376955617,39.16865713889561,7.0227027,16.40329,29.062067,35.800163,1.1175529,-2.0342548,-2.2776144,-12.077103,-36.41766,13.265073,-2.6575968,0.019281114,-4.456987,4.4691877,11.233594,1.8473332,12.660748,-34.35013,59.192383,-4.9948397,3.2461274,9.635163,8.772372,-15.113053,25.487679,63.159225,10.536413,1.1950469,-10.467745
44,15.380002975463867,15.984429359436035,91.71748352050781,1.2020712221901633,1.7511284877091557,37.376920757582205,-0.39574382,17.144033,23.242985,48.126736,1.3127356,-1.9533316,0.39685392,-11.622886,-35.683456,11.569881,-2.6767068,0.33945626,-3.0840037,4.9993386,11.93436,1.6552114,12.736485,-33.35816,57.372288,-5.390139,3.0742307,10.178031,7.6796875,-15.875804,25.509253,62.356277,9.88967,1.0454084,-11.017531
45,17.239757537841797,17.042505264282227,91.77811431884766,1.54313840943421,1.582513822642699,36.025091063666856,-7.035151,17.237625,19.87731,55.73047,0.5440254,-2.106882,2.7641265,-11.212173,-35.010006,9.875245,-2.4488065,1.3432027,-1.7138244,5.112487,12.678214,1.5763403,12.828563,-32.423943,55.911945,-5.3313427,3.4211688,10.552338,5.9781027,-16.748842,25.628218,61.536613,9.934871,1.1636721,-11.780679
46,19.227500915527344,18.17861557006836,91.87751007080078,2.3435415309733134,2.020326950925094,35.23081123992585,-13.200379,16.3627,18.062952,58.276905,-0.51571184,-2.7657595,4.855308,-11.3410425,-34.640945,7.823832,-2.1363332,2.614071,-0.34140208,4.9783616,13.55803,1.2900746,12.949626,-31.558308,54.848263,-5.302197,3.8641071,10.494556,4.0037937,-17.78613,25.752733,60.28535,10.273836,1.3301685,-12.067119
47,21.34543800354004,19.406328201293945,91.82176208496094,3.291893431349256,2.4007247773405442,34.90269409767593,-18.343712,14.804379,17.212132,55.76829,-1.8902026,-3.0110204,6.8139815,-11.995213,-34.37152,6.925207,-3.187128,3.9243042,0.94599974,4.750696,14.507287,1.3586189,13.098062,-30.336899,53.758915,-5.1224804,4.763706,9.964761,1.8933342,-18.993822,25.662416,58.728813,11.358516,1.635297,-12.500224
48,23.599231719970703,20.753080368041992,91.64874267578125,3.8169433074894044,2.7614604009349,34.50529503910216,-21.123741,13.005661,17.536852,47.05238,-1.7168971,-4.2825794,8.658719,-12.526567,-34.54172,6.9274783,-4.146958,5.2303805,1.8509238,4.62971,15.559692,1.4890803,13.249404,-29.006578,52.660454,-5.389612,4.8171406,9.999735,-0.22258887,-20.284658,25.63297,57.40709,11.242864,1.8858796,-12.338874
49,25.98564338684082,22.222980499267578,91.40399932861328,4.095977058055248,3.1154706583651355,33.35413399342561,-23.541939,10.868332,16.655113,36.46624,2.001527,-5.719418,10.23367,-12.526164,-32.28841,6.7261434,-4.792765,6.192231,2.6371868,4.709155,16.673828,1.8553647,13.449067,-28.121138,51.559315,-5.3946013,4.8601956,9.603807,-2.013662,-21.555248,25.722326,56.013393,10.864032,2.2344692,-12.213787
50,28.489498138427734,23.817276000976562,90.83625793457031,3.990896230028994,3.5960210628181146,32.14956847385673,-23.29898,9.487217,16.766874,23.498135,7.008318,-6.894957,11.86097,-12.301398,-30.404753,6.678814,-6.273298,7.0846167,3.5596433,4.978765,17.688093,2.203282,13.681584,-27.291624,50.340755,-5.438403,5.1803207,10.151519,-3.208579,-22.713507,25.774977,53.84452,11.057877,2.7519522,-12.709118
51,31.070127487182617,25.53028106689453,89.87728881835938,3.097446965337986,4.08021105367468,30.460286119651514,-20.66682,9.079777,17.38309,8.149662,12.775683,-8.080496,13.494017,-11.2768955,-27.714916,6.6427913,-8.574461,7.3450775,5.003792,6.1328516,18.243513,3.1336446,13.877834,-26.741043,48.842503,-5.6604676,5.692367,11.080882,-3.8205566,-23.72643,26.317728,51.25177,10.385036,3.1351132,-13.359958
52,33.6584587097168,27.330795288085938,88.55365753173828,1.453992977285923,4.536492942832072,28.296862556908444,-22.534384,11.275381,17.12266,5.7134967,11.55845,-9.470342,15.089364,-9.666651,-24.28215,6.7299,-10.64616,7.3202105,6.4959917,7.516728,18.681557,4.373936,14.033718,-25.749361,46.56863,-5.8691044,6.096734,12.091252,-4.572019,-24.21936,26.363737,49.059933,10.171209,3.4227762,-13.652246
53,36.17851257324219,29.133193969726562,87.27020263671875,0.7124676086800247,5.63515975213575,26.384336468885152,-23.864792,12.460641,17.668497,5.555066,9.425398,-9.81522,16.362589,-9.667625,-22.84181,6.8558984,-12.199762,7.427844,7.2704873,8.223866,18.962076,4.5121355,14.294353,-25.532572,44.856148,-5.9710093,6.218225,13.2706,-4.7191377,-24.52332,26.711893,47.012943,10.711872,3.252453,-14.938075
54,38.56180191040039,30.897489547729492,86.23434448242188,0.06311184007734881,6.104699211263671,25.028716341726017,-24.2612,12.583613,18.066689,5.4914217,10.082535,-9.005906,18.627626,-9.993696,-21.396544,7.1746874,-11.989063,7.86027,7.184231,8.50966,19.495176,4.0801163,14.581292,-24.090597,42.744877,-7.837361,6.8242764,14.604531,-5.0740094,-24.672804,26.423464,45.620995,11.775982,3.6033988,-15.0931425
55,40.77959060668945,32.58844757080078,85.53234100341797,-0.33901660164509584,6.142654973768199,24.229539153856372,-23.645237,11.38046,17.177866,5.5720367,13.212279,-7.130311,19.228092,-11.610425,-22.521547,10.948787,-11.849169,8.726251,6.2600017,8.382301,20.310047,2.5075839,14.9352255,-23.248339,41.687813,-8.311023,6.7770047,15.194474,-5.483871,-24.706232,26.235699,44.379,12.017621,3.7992916,-15.50995
56,42.83557891845703,34.165069580078125,85.17879486083984,0.17938168235766266,6.416347581118246,23.3033294283677,-22.951096,9.636977,17.612757,5.5140624,18.076395,-4.545678,13.969088,-15.816287,-22.576015,25.097628,-13.061405,9.497428,5.1131334,7.4462895,21.812946,-0.005626913,15.549827,-21.797115,40.88273,-8.4848795,7.2227054,15.443744,-7.229712,-24.718336,25.54976,44.177326,12.567194,3.777631,-15.177591
57,44.77572250366211,35.60487747192383,84.92830657958984,1.4626018222649835,7.147893143344854,21.73308602754936,-22.655718,8.117606,17.743614,5.6453075,21.664497,-3.0168984,5.0046897,-20.60905,-19.991844,43.788086,-12.902208,9.000239,3.8864372,6.0825224,24.2459,-4.9133205,16.289953,-20.624493,41.545654,-7.926342,7.3698106,16.187943,-11.2282915,-24.778784,25.067568,44.789303,11.299604,3.8541458,-15.237825
58,46.67385482788086,36.90052795410156,85.04509735107422,2.415159355962508,7.959535146308869,19.5447987537358,-23.52596,7.8643246,17.634428,10.233826,19.939112,-2.1660523,-4.4082317,-23.951584,-17.41472,58.288948,-11.615753,8.60434,3.0541902,5.144733,26.886066,-10.2754135,17.170383,-20.04377,42.940094,-8.65019,6.9761477,17.76685,-15.8701315,-24.94352,25.228228,44.871353,11.585092,3.0180645,-16.487553
59,48.625938415527344,38.07417297363281,85.44982147216797,2.304342489961309,9.838001008723976,18.020354973648573,-24.337631,8.358046,18.147495,12.496252,17.46089,-2.0791156,-12.617493,-26.166697,-16.893585,64.49101,-13.532157,8.095411,2.215994,4.750522,29.793802,-17.097902,18.09358,-20.007889,45.284344,-9.66251,6.7764435,18.35768,-21.229824,-24.997288,24.489382,44.53819,10.908055,3.5224984,-16.912264
60,50.681514739990234,39.10216522216797,85.74541473388672,2.087779136593,12.771348589941553,16.735486795949104,-25.83584,8.894604,18.863665,13.768288,15.025503,-2.7044837,-20.46044,-27.514753,-16.94951,64.890976,-14.583336,8.866,1.9270061,4.6042514,29.793802,-24.23472,18.437468,-22.20595,50.516857,-11.160903,6.5615473,18.123903,-26.863523,-24.64584,24.832716,47.107647,11.170646,3.815486,-16.787546
61,52.8404655456543,39.97607421875,85.94635772705078,1.9181894096080179,15.825852310369065,16.026722172407435,-27.104744,9.405264,20.072054,14.221629,12.861063,-2.8100307,-27.53871,-26.982643,-16.595959,60.89484,-14.288463,9.788186,1.4584955,4.5354834,29.793802,-30.812153,18.388517,-24.592937,55.084385,-13.550487,6.1466146,18.331207,-32.60726,-24.04747,25.409641,49.60587,11.581686,4.5171075,-16.878195
62,55.07861328125,40.704673767089844,86.13167572021484,1.2598331184170404,19.491211508988872,16.367649062932266,-28.33274,9.980332,21.077358,12.480982,11.02682,-3.2540712,-32.418434,-24.765562,-16.172329,50.26509,-11.59435,10.542118,1.3410225,4.744275,29.793802,-38.09546,18.023638,-26.901918,59.63078,-16.792137,6.0137787,18.68698,-38.347813,-23.351826,26.529919,52.063595,11.716289,5.2518926,-17.367542
63,57.3079719543457,41.255165100097656,86.2234878540039,0.6628696501292606,23.145262686614064,16.009640934455113,-30.495974,10.896866,21.361372,12.840116,8.774256,-2.8465319,-34.73159,-21.953993,-14.290304,37.898346,-6.932192,11.257195,1.2565405,4.76623,29.793802,-44.642982,17.435953,-29.571575,63.687004,-20.263123,5.817336,18.348026,-43.319702,-22.53599,27.767235,54.384857,13.223716,4.6558347,-17.889477
64,59.43783950805664,41.61847686767578,85.82428741455078,1.2322723995633504,26.710703783375553,17.361285900266424,-33.343197,10.555209,20.72343,13.824749,6.623112,-3.0474222,-34.81746,-20.367517,-14.249896,23.166107,-1.0392752,11.105295,0.8660993,4.566235,29.793802,-50.76629,16.705082,-32.908207,67.5577,-21.070528,5.0649066,16.510487,-48.555958,-21.69104,28.920723,56.990616,14.860558,4.269109,-18.321363
65,61.35317611694336,41.800880432128906,85.19219970703125,1.9511087392690494,29.854246379408362,18.402486531347684,-36.916492,10.416717,19.239738,16.856646,4.5775886,-3.674706,-36.70413,-19.783394,-13.407559,18.016869,2.6439345,11.594516,0.39289176,4.0360613,29.793802,-55.4511,15.950202,-35.656315,70.22269,-22.708675,4.0038786,16.312946,-53.352074,-20.796944,30.168926,60.021862,16.08849,4.1627994,-18.251678
66,62.98375701904297,41.82738494873047,84.28284454345703,2.449784117756637,32.91036751288713,19.070868003190878,-41.82145,11.109216,17.79105,22.585072,1.9634466,-4.5027547,-40.534195,-19.758766,-12.239565,19.610237,2.6023293,11.479829,0.21002518,3.6197114,29.793802,-60.15115,15.370218,-37.771835,72.502426,-24.384823,3.502549,15.962735,-57.737804,-20.06193,31.507166,62.747272,17.86881,3.7101533,-18.023916
67,64.29713439941406,41.72869110107422,82.89082336425781,2.387932207118883,35.809110882297574,19.416459794420643,-48.490654,12.613182,15.368171,31.57615,-1.9267246,-5.1740475,-47.28705,-20.291288,-11.139509,28.346277,-0.64213985,10.579095,0.40580878,3.3989596,29.793802,-64.55409,14.997897,-39.59168,74.2579,-25.239628,3.1668346,16.344759,-61.815067,-19.527256,32.972473,64.59739,18.154316,3.5672402,-19.311028
68,65.30616760253906,41.524478912353516,81.13257598876953,1.7115859761042946,38.207481629047564,18.981071634095656,-55.368122,14.416999,12.444046,41.408325,-6.1367917,-6.563107,-54.03891,-20.884798,-10.782595,38.38491,-4.437337,9.909111,0.6647941,3.2002494,29.793802,-68.57556,14.818371,-41.709034,75.566505,-26.4129,2.5096662,16.160988,-65.353836,-19.138683,34.549366,66.18756,19.288023,3.183884,-18.52921
69,66.05269622802734,41.23504638671875,79.30351257324219,1.2314005956979717,40.50292796509148,19.083491070894738,-61.583073,16.396046,10.841091,49.68788,-9.270855,-6.4384384,-60.240086,-21.366632,-10.029746,47.349216,-7.5863657,9.849505,0.9874874,3.2506428,29.793802,-71.23403,14.64121,-42.27881,75.7729,-27.850754,2.0271077,17.00195,-68.44348,-18.84254,35.96398,67.7155,20.861773,3.0180337,-18.894146
70,66.57735443115234,40.86821365356445,77.44560241699219,1.0270894912368533,42.23531230224405,19.014617671407887,-66.98542,17.380884,8.583854,56.90022,-12.456842,-6.4389806,-65.597694,-21.625189,-8.7695875,55.08155,-10.602091,9.465755,1.2514848,3.0914853,29.793802,-73.53278,14.597244,-42.982037,76.02842,-28.801674,1.8103925,17.91428,-70.70464,-18.642427,37.167114,68.27841,20.860851,3.3516471,-19.647165
71,66.92864227294922,40.4337158203125,75.41698455810547,0.651320158143183,44.181271400289766,19.12869648822565,-72.27905,18.787258,6.9662933,63.23748,-15.668578,-6.3528543,-70.680504,-21.49422,-7.683135,61.876915,-13.828627,9.389771,1.535292,2.9457374,29.793802,-75.24436,14.569196,-43.96519,76.319595,-30.388422,1.4224315,18.569517,-72.43883,-18.38988,38.296215,68.8604,21.356318,3.5040154,-20.074812
72,67.13117218017578,39.914642333984375,73.43323516845703,1.2623162878354948,45.58826716085941,20.017322356612368,-77.270775,19.379225,5.400713,69.5457,-18.382164,-5.6672635,-75.49903,-22.167936,-6.380184,68.77695,-16.780146,8.671817,1.5879742,2.8793228,29.793802,-76.81923,14.646357,-44.523373,76.43107,-31.719423,1.0211601,19.333502,-74.071075,-18.263416,39.42957,69.051735,21.874193,3.4817092,-21.054054
73,67.20684051513672,39.31271743774414,71.34647369384766,1.4008959810827049,46.33919195135912,20.428089691814275,-81.60334,20.019024,3.3674583,75.569916,-20.986277,-5.703511,-79.498024,-22.324104,-5.2497725,75.27134,-19.667515,8.619282,1.644107,2.661093,29.793802,-78.19195,14.838447,-45.056248,76.7651,-33.557083,0.4560704,20.13955,-75.16356,-18.204704,40.33893,69.13643,23.21436,2.6757884,-22.359274
74,67.17789459228516,38.62855529785156,69.15973663330078,1.7850674816052716,46.70256889788117,21.292551813655912,-85.816925,20.955616,1.667741,81.69164,-23.500366,-5.071665,-83.20118,-22.871569,-4.274189,81.97185,-22.34429,8.208095,1.7098073,2.7086573,29.793802,-79.110306,15.046922,-45.177036,77.14918,-35.88547,-0.09337707,20.710518,-75.90432,-18.202269,41.198406,69.25445,24.98081,1.8709091,-22.813942
75,67.06553649902344,37.870792388916016,67.18147277832031,2.264230689695899,46.62340133241584,21.951292496932503,-89.503456,21.468285,-0.26518223,87.22401,-25.661068,-4.91367,-86.24501,-22.658413,-2.9081984,87.64765,-24.672976,8.490724,1.8112403,2.5265384,29.793802,-80.17694,15.384426,-45.971474,77.521965,-36.724354,-0.75406927,21.183104,-76.53272,-18.276785,41.835625,69.16563,25.93564,1.1525565,-24.087315
76,66.89093017578125,37.07002258300781,65.07978820800781,3.0515177522540964,46.54086387919333,23.256548798861413,-93.10692,22.15061,-1.7797604,92.25862,-27.633173,-4.5747795,-89.327415,-22.697214,-1.5657182,93.49063,-27.02453,8.445569,1.6455463,2.447307,29.793802,-80.93157,15.732058,-46.427433,77.97028,-38.640087,-1.3584346,21.28861,-77.13121,-18.368887,42.530342,69.212906,27.158926,0.8689161,-24.070469
77,66.67689514160156,36.2624626159668,62.84547424316406,4.315980784217071,46.28852913775642,24.985541016806714,-96.63349,22.016563,-3.482264,97.25374,-29.430521,-4.7532787,-92.36865,-22.899864,0.096728355,99.39866,-29.623308,8.339846,1.2507325,1.9242462,29.793802,-81.581024,16.15097,-47.324505,79.02264,-41.271114,-2.2386653,20.840014,-77.19781,-18.326056,43.042843,68.67775,29.04454,0.39615095,-25.73144
78,66.43830871582031,35.485477447509766,60.424495697021484,5.51463162321159,45.019542258883256,26.815688337858322,-99.555664,22.927261,-4.7865944,102.7304,-31.964464,-5.2810545,-94.86085,-22.621588,2.2852893,105.970375,-32.132275,8.582963,0.78640664,1.5631558,29.793802,-82.1242,16.727528,-46.956276,79.23111,-43.11887,-2.2375803,21.511787,-77.30627,-18.48535,42.186733,68.160995,28.52618,1.0289658,-26.814356
79,66.20508575439453,34.78818130493164,58.201568603515625,7.407228457056799,43.22240654053866,29.07468333497058,-101.8638,22.411509,-6.0870705,107.862755,-33.492016,-5.6113725,-96.40461,-23.358414,4.500726,111.769684,-35.208904,8.834726,0.4206728,0.8086706,29.793802,-82.55851,17.402573,-46.886494,79.663605,-46.007015,-3.056426,20.314419,-76.79695,-18.52791,42.015835,67.008514,30.678465,0.6247554,-26.37624
80,66.01525115966797,34.21105194091797,56.08151626586914,8.471922890746315,42.456215682987505,29.392013871398163,-104.232765,22.388851,-7.6498933,112.48376,-34.7308,-6.1751866,-98.62401,-23.600237,6.121076,116.51702,-37.20547,9.398435,-0.120449044,-0.07763207,29.793802,-82.492584,18.08205,-46.72362,79.79892,-46.86216,-4.205937,20.457588,-75.92219,-18.311613,41.79354,65.45397,28.522757,0.74809515,-27.390354
81,65.85684967041016,33.77519607543945,54.18898391723633,9.315347647736518,41.13288780924728,29.54284350851689,-105.64822,21.585548,-9.391168,116.71067,-35.966034,-7.29534,-99.950645,-23.796143,7.759605,120.89282,-39.154472,9.722648,-0.6723306,-0.8248377,29.793802,-82.25659,18.741001,-46.85542,79.7878,-47.570263,-5.1849966,19.872824,-75.25531,-18.032219,40.93957,64.6931,29.18152,0.18353191,-27.803778
82,65.73997497558594,33.48054504394531,52.384822845458984,9.392635626806813,40.24546561106976,29.082119544715272,-107.20107,21.586702,-11.309497,120.66533,-37.13678,-8.121202,-101.18472,-24.17161,8.565655,124.712524,-40.85385,10.406419,-1.0717726,-1.4841324,29.793802,-82.05819,19.41272,-46.399086,79.2223,-47.89458,-6.1509705,20.916258,-74.58551,-17.69343,40.51079,63.706947,27.692715,0.3712584,-28.12885
83,65.66264343261719,33.30506896972656,50.9017219543457,10.084303640679302,39.476259596531555,29.565024672830013,-108.3311,20.503412,-12.528225,123.74559,-37.954296,-8.988472,-102.17117,-24.731298,9.875051,127.91585,-42.359253,11.071508,-1.4868801,-2.029754,29.793802,-81.50233,20.024052,-45.79003,78.44639,-49.935528,-6.8049564,20.89043,-73.96149,-17.348486,39.69945,62.74056,27.62916,0.59016174,-28.446665
84,65.61146545410156,33.21294403076172,49.791744232177734,10.311027619059674,38.75845254557682,29.418504771926443,-108.97025,19.892092,-13.659091,126.199486,-38.442455,-9.521896,-102.6238,-24.631834,10.833004,130.2079,-43.514523,12.028771,-1.9323808,-2.5881047,29.793802,-80.91257,20.553328,-45.49721,77.83069,-51.586857,-7.1301837,21.217342,-73.128525,-16.923666,39.402424,61.48205,27.913523,0.7112059,-29.409071
85,65.58103942871094,33.174072265625,48.99073791503906,10.957483395707287,38.62489058926239,29.39737423318009,-109.51757,19.42131,-13.992157,127.840004,-38.784214,-9.745447,-103.5201,-25.238865,11.762165,131.79048,-44.118034,12.368188,-2.4027557,-3.1183314,29.793802,-80.53921,21.064808,-44.995087,77.27513,-53.92178,-7.9499135,21.333838,-72.65607,-16.48966,39.206173,60.53476,28.505835,0.9735432,-30.069603
86,65.53076934814453,33.16881561279297,48.5619010925293,10.46731291520003,37.98757978888445,29.137921724079295,-109.49971,19.075623,-14.885804,128.85423,-38.910393,-10.7994795,-103.18695,-24.872965,11.846297,132.7424,-44.209698,13.260578,-2.582649,-3.2909405,29.793802,-79.73376,21.435429,-44.614563,76.465454,-52.770233,-7.383144,22.100636,-71.67771,-16.03292,38.488155,60.610455,27.337053,1.4686933,-30.286465
87,65.4815673828125,33.16607666015625,48.461551666259766,11.39740713024949,38.08551439773589,29.749377133669185,-109.75661,18.752098,-14.126668,129.07571,-38.556858,-9.859997,-103.56552,-24.986637,12.702455,132.85823,-44.348873,13.716503,-3.1636014,-3.5862594,29.793802,-79.44506,21.743546,-44.105385,76.19059,-55.93371,-7.9574065,21.883512,-71.49416,-15.645921,38.53025,60.276554,30.409073,1.4041272,-31.422106
88,65.3836441040039,33.16739273071289,48.26095962524414,11.757874464634941,37.67753187178081,30.074652494422217,-109.79898,18.559067,-13.910991,129.55698,-38.297874,-9.889576,-103.48515,-24.843275,13.38078,133.327,-44.330303,14.127889,-3.4032302,-3.7487607,29.793802,-78.72395,21.936295,-43.669765,75.46125,-56.61581,-7.7505603,22.137445,-70.880775,-15.28125,38.305096,60.11415,30.933048,1.7427241,-31.450838
89,65.23344421386719,33.18402862548828,48.280982971191406,10.928489193820834,37.05490441571032,29.22997262958579,-109.534874,18.577187,-14.631729,130.017,-37.73329,-10.056689,-103.07832,-24.555164,12.964758,133.39796,-43.543858,14.399526,-3.142264,-3.4394927,29.793802,-77.843445,22.007708,-43.393093,75.12336,-56.103046,-7.376734,23.17993,-70.26943,-14.899444,38.28625,60.39086,32.2968,1.5035996,-31.824333
90,65.05760955810547,33.21392059326172,48.2653694152832,11.672631865270017,36.63132714354339,29.882264510488614,-109.30121,18.173386,-13.7321615,129.98712,-37.246326,-10.241158,-103.40328,-25.484076,13.873248,133.63303,-43.30545,14.187052,-3.6002667,-3.8029604,29.793802,-77.41571,22.026915,-42.896717,74.26648,-56.22703,-7.210936,23.264133,-70.01439,-14.558841,38.080334,60.242348,31.788033,2.354845,-32.784023
91,64.84783935546875,33.26512145996094,48.08900833129883,11.56699369733624,36.21188730417112,29.608220744850716,-109.31584,18.887669,-13.585239,130.48262,-37.678635,-10.43787,-103.38636,-25.126581,14.246258,133.91068,-43.070248,14.697381,-3.4671063,-3.432193,29.793802,-76.78903,21.9781,-42.416813,73.41061,-55.69991,-7.5343256,24.43304,-70.03583,-14.3547735,38.504,60.732803,30.027205,2.3202956,-32.298763
92,64.62030029296875,33.36012649536133,48.27752685546875,10.868984384324342,35.9332511004047,29.037409591578665,-109.31983,19.284462,-13.732487,130.54224,-37.49143,-10.076004,-103.11493,-25.461298,13.636131,133.38055,-42.482044,15.000033,-3.280703,-3.1510148,29.793802,-76.51408,21.955215,-41.674587,72.66368,-55.72311,-6.981294,24.828833,-69.8462,-14.327108,38.134117,60.805477,30.440075,2.0836103,-33.186176
93,64.37705993652344,33.48239517211914,48.31103515625,10.133943321928152,34.942656932725654,28.653544873519515,-108.66038,19.450754,-13.970498,130.84662,-37.871216,-10.189601,-102.289276,-25.350588,13.646339,133.42674,-42.8282,14.938552,-3.364828,-2.9424121,29.793802,-75.826096,21.850395,-41.09798,72.047066,-54.922245,-6.8608127,25.206877,-69.31676,-14.301608,38.065884,60.698708,29.014025,1.9559513,-32.965755
94,64.15982055664062,33.63650131225586,48.28112030029297,9.727660113236512,35.229928087688855,27.95542078324847,-109.11243,20.567934,-13.807457,131.14505,-37.712708,-9.50973,-102.836815,-25.302471,13.567447,133.18127,-42.946495,14.430775,-3.228527,-2.9226122,29.793802,-76.29782,21.8428,-40.385006,71.77002,-51.411674,-6.3510585,25.631514,-69.423,-14.261454,37.33257,60.92208,30.850956,1.8823164,-31.38976
95,63.92884063720703,33.8024787902832,48.602752685546875,9.54252546655344,34.51626776406243,27.715178866521544,-108.01422,20.072573,-13.304839,130.80908,-37.532017,-10.344799,-102.172424,-25.192759,13.636775,132.54465,-42.040997,15.000033,-3.5209603,-2.9058027,29.793802,-75.81263,21.73873,-40.54013,71.02653,-54.55144,-7.132998,25.400824,-69.24738,-14.3082695,36.720276,60.783962,31.533192,1.5560297,-33.685226
96,63.71936798095703,34.008018493652344,48.84653854370117,9.223727552718206,34.496484985258625,27.25206953574958,-107.898415,20.528494,-12.901771,130.7742,-37.173794,-8.922731,-102.04213,-25.171194,13.574504,131.84163,-41.85912,15.000033,-3.6719453,-3.0101886,29.793802,-76.40833,21.782366,-40.3744,70.68752,-55.941673,-7.513151,24.699516,-69.39377,-14.446748,35.680264,59.92833,36.329082,0.5294433,-34.62885
97,63.50614547729492,34.23136901855469,48.876827239990234,8.777783708289418,34.08300251624958,26.383246609186912,-107.35065,20.958574,-12.780124,131.17331,-37.53715,-8.54855,-101.96171,-25.163712,13.679343,131.64348,-41.75455,15.000033,-3.924221,-3.222064,29.793802,-76.84267,21.9585,-40.04107,70.36408,-56.040886,-8.137008,23.881704,-69.52738,-14.657913,35.417862,59.009445,36.761837,-0.010205077,-35.031075
98,63.295196533203125,34.477909088134766,48.7669563293457,8.162122804615452,33.53607486820718,25.233194971180577,-106.711555,21.111809,-13.037334,131.88658,-38.270645,-8.920985,-101.792175,-25.075188,13.784626,131.66397,-41.838802,15.000033,-4.1318455,-3.4853978,29.793802,-77.19554,22.265207,-39.416153,69.83402,-56.553528,-8.8553295,24.26161,-69.71408,-14.979306,35.326557,58.5738,34.80103,-0.066711046,-34.045776
99,63.098602294921875,34.74784851074219,48.74977493286133,8.050724763202888,32.640446745582764,25.213038678113737,-105.77978,20.752111,-12.627199,132.28142,-39.059185,-8.714361,-101.41153,-26.096634,14.469613,131.8202,-42.460438,14.832079,-4.968037,-3.961578,29.793802,-77.483,22.621979,-38.63196,68.9279,-56.899086,-8.981324,23.484854,-70.00583,-15.517553,35.383812,57.68455,33.883488,-0.05237181,-33.692463
100,62.936771392822266,35.0278434753418,49.07817459106445,6.58645282602429,32.51424341536535,23.38613071779297,-104.81718,21.403933,-13.157976,132.1067,-39.712585,-9.100112,-101.14315,-25.90861,13.306576,130.98848,-41.866184,14.489155,-4.8784266,-3.8855186,29.793802,-77.99228,23.063625,-37.96069,68.374084,-56.623753,-8.879136,23.18488,-69.583954,-16.02062,34.468685,56.927658,33.963425,0.22395058,-33.412273
101,62.81283950805664,35.294124603271484,49.3702392578125,6.044470839647486,32.15040179090664,22.742042714814122,-103.86437,21.526716,-12.915335,131.93275,-40.074223,-8.653598,-100.56332,-26.206133,13.005966,130.33215,-41.866676,14.2526455,-5.433865,-4.238278,29.793802,-78.33802,23.449842,-37.36067,67.02037,-56.21302,-8.899678,22.691143,-69.31624,-16.558249,34.01998,56.16179,34.679035,0.10674282,-33.28277
102,62.73626708984375,35.540401458740234,50.002525329589844,5.78473387112643,31.63392136000846,22.40128663043691,-102.50012,21.632801,-12.168111,131.2129,-40.312565,-7.8431654,-99.332726,-26.415802,12.702672,129.01273,-41.727203,13.885828,-5.8099837,-4.299942,29.793802,-78.59425,23.754396,-36.316013,65.39107,-55.43716,-8.678496,22.857502,-69.69509,-17.196188,34.052734,55.122135,33.84888,-0.5874499,-32.267097
103,62.713348388671875,35.77768325805664,50.86234664916992,4.850256560393455,31.54889560675203,21.659608032990047,-101.26528,22.053835,-11.848501,129.94225,-40.26073,-7.3399386,-98.12858,-26.122972,11.49562,127.24855,-40.849735,13.691283,-5.9236927,-4.1081367,29.793802,-79.0671,24.005249,-35.68802,64.1433,-55.25922,-8.355237,23.252562,-69.63248,-17.76035,33.760868,53.973953,33.97203,-0.2946294,-32.424793
104,62.744747161865234,35.98925018310547,52.04261016845703,4.228168707338694,31.324330093863875,21.06523271133342,-99.42175,23.082445,-10.798983,128.02666,-40.15095,-6.7342453,-96.35334,-26.28071,10.074818,124.88018,-39.838737,13.600934,-5.8461113,-4.0792527,29.793802,-79.13706,24.182297,-35.37816,62.932117,-53.680264,-7.9976387,22.760479,-69.17144,-18.165632,33.52521,53.149273,33.30727,-0.014815492,-32.63699
105,62.836021423339844,36.193359375,53.51064682006836,3.738281585468584,31.354880662744588,21.116698061072032,-97.50177,23.249521,-9.512917,125.3329,-39.730934,-6.029625,-94.46971,-26.777075,8.528612,122.09994,-38.61062,12.760797,-5.893236,-3.9002764,29.793802,-79.297806,24.305872,-34.70757,61.699276,-53.764156,-6.853151,22.94286,-69.14193,-18.624537,33.2522,51.459,33.563015,0.25094202,-33.490322
106,62.96934509277344,36.37981414794922,54.9459114074707,3.091919085775941,30.723387525796635,21.187326350288952,-95.0384,23.42848,-8.591419,122.77966,-39.249527,-5.75503,-91.72271,-26.78514,7.006001,119.48678,-37.4538,12.508746,-5.708408,-3.6226182,29.793802,-79.02986,24.348879,-33.88275,60.545265,-54.41508,-6.459247,22.221169,-68.95369,-19.038567,33.10265,50.322376,35.116257,-0.2936568,-32.30243
107,63.167118072509766,36.55588912963867,56.993431091308594,2.345978303951012,30.410729944967933,20.73259281446204,-91.8738,23.717552,-7.2737694,118.895775,-38.162968,-5.3593574,-88.47682,-26.6307,4.7566967,115.353226,-35.89341,12.249092,-5.4400806,-3.4471729,29.793802,-78.97083,24.382656,-33.3025,59.412758,-52.98317,-5.6439342,21.69675,-68.81378,-19.403524,32.90513,48.93553,34.448853,-0.5628638,-31.167173
108,63.419498443603516,36.72308349609375,59.21879959106445,1.964716418187149,30.472920817351824,20.777202130084376,-88.7496,23.3604,-5.6776752,114.23975,-37.01014,-5.0381575,-85.42214,-26.462973,2.7561898,110.81341,-34.027077,11.669954,-5.15316,-3.0223334,29.793802,-78.78134,24.406427,-33.20546,58.653767,-52.0414,-5.175007,21.315702,-68.89275,-19.784721,32.61234,48.023052,33.303055,-0.6815614,-30.148573
109,63.69965744018555,36.86965560913086,61.36061096191406,1.7392574245934025,29.98654735768116,21.282599148604998,-85.34459,22.823734,-4.2581778,109.72885,-35.60379,-5.0112457,-81.646675,-26.255617,0.96197575,106.34243,-32.609882,11.797063,-4.7180405,-2.6752734,29.793802,-78.3629,24.237644,-32.634235,57.36834,-51.43517,-4.119413,20.676388,-68.50629,-20.012896,32.181038,47.00682,34.55701,-1.2722661,-28.75737
110,64.00313568115234,36.993595123291016,63.649600982666016,2.086636833967008,29.356979723195,22.144876100074494,-81.41862,22.138432,-2.2490706,104.625046,-33.72133,-5.03195,-77.83061,-26.141794,-0.2725518,101.63341,-30.731089,11.8728285,-4.449877,-2.2324152,29.793802,-77.68623,23.905022,-31.960932,56.268063,-50.700237,-3.2679682,19.74512,-68.22889,-20.142609,31.587185,46.13271,34.201015,-1.1376576,-27.694899
111,64.31401062011719,37.1017951965332,66.39712524414062,2.545827077862144,28.559452804983987,23.164043476571685,-76.73382,20.971172,-0.1591187,98.22039,-31.428413,-4.9637976,-73.12117,-25.684784,-1.580503,95.56647,-28.774158,11.389094,-4.1229243,-1.8268789,29.793802,-77.09406,23.574448,-31.29808,55.431587,-49.625507,-2.8119607,18.593836,-67.56047,-20.236734,30.57462,45.71622,31.805212,-1.2166575,-25.973991
112,64.6048583984375,37.20380401611328,69.0571517944336,2.10318869266493,27.451235644477595,23.94027514936284,-71.393875,20.546297,1.4576613,91.02757,-29.093725,-5.9007277,-68.03181,-24.45118,-3.342022,89.540146,-26.235533,11.905595,-3.8755414,-1.0664749,29.793802,-75.975296,23.007277,-31.456884,54.380165,-48.13962,-1.5834577,18.280624,-67.146385,-20.261124,30.538977,45.14275,31.097502,-1.1751792,-26.210161
113,64.87499237060547,37.272274017333984,71.61672973632812,2.6504320705536424,25.913155756584263,24.706594054321172,-65.84535,19.816458,3.7853189,84.37817,-26.198555,-6.094484,-63.009468,-23.659336,-3.9459379,83.5444,-23.941313,12.2080965,-3.8080022,-0.50929034,29.793802,-74.6426,22.300823,-30.882698,53.061535,-45.520374,-1.0624526,18.432934,-66.24268,-20.187765,29.815857,44.564484,28.698538,-0.93521655,-25.335356
114,65.11466217041016,37.335933685302734,74.30691528320312,3.2360636510046286,24.294349326882486,26.267657184412833,-59.96029,18.226566,5.7268124,76.33206,-22.208834,-6.2813826,-57.38213,-23.855642,-5.465971,77.10962,-21.917164,11.501304,-3.7046213,0.18364702,29.793802,-73.411125,21.436974,-30.07195,51.87308,-43.70369,-0.111290865,18.191278,-65.018,-20.03373,29.068928,43.13014,29.220114,-1.3058915,-25.712183
115,65.33123016357422,37.379520416259766,76.6102066040039,3.84967125974895,22.788106901530654,27.208941744196725,-54.365948,16.545183,7.283382,68.743774,-18.88194,-6.4720163,-52.200935,-22.924564,-5.710616,70.62949,-19.821627,11.881666,-3.784529,0.73473877,29.793802,-71.937294,20.439531,-29.381245,50.920334,-41.682194,0.7091473,18.191788,-63.91138,-19.931797,28.431278,42.32523,29.177032,-1.9868519,-24.526588
116,65.51834869384766,37.40839385986328,78.98180389404297,4.136825719350064,20.823137130774384,28.22647430359187,-47.881775,15.1261835,8.810313,60.04277,-15.247045,-6.5976195,-46.094875,-21.933226,-6.35504,63.548973,-17.520456,12.092137,-3.8518538,1.3976878,29.793802,-70.43292,19.340998,-28.75823,49.710705,-40.66085,1.1006304,18.544048,-62.058918,-19.835238,27.588867,40.899467,28.43411,-1.4460946,-24.651648
117,65.69225311279297,37.407623291015625,81.17619323730469,4.540505290192793,18.310534694679546,29.51051034775935,-41.050907,13.258228,9.786014,51.144764,-10.980255,-6.6511073,-39.766586,-20.731392,-6.0764575,56.88857,-15.351358,11.93405,-4.155481,1.8031293,29.793802,-69.00349,18.23612,-28.002417,48.67249,-40.220512,1.7919444,18.700258,-59.77625,-19.813635,27.017971,38.88824,28.178898,-1.0471267,-24.417576
118,65.88934326171875,37.37601089477539,83.18824768066406,4.781635789857067,16.23079713865425,30.6116230616435,-34.378357,11.274264,10.133301,41.318832,-6.492479,-6.525251,-33.668217,-19.469872,-5.6436844,49.7253,-12.715013,11.880915,-4.558557,2.25584,29.793802,-67.9855,17.104267,-27.724842,48.076317,-40.72246,2.2603896,18.752718,-57.465416,-19.855932,26.094662,36.867817,28.675373,-0.97643566,-24.36451
119,66.116943359375,37.293975830078125,85.12425231933594,4.846005003972263,13.58671248677062,32.09675252866,-26.150593,9.537948,10.7626915,29.238388,-0.9631375,-6.73826,-26.366539,-17.649517,-4.1238117,41.422108,-9.446507,11.788356,-5.0824385,2.5401366,29.793802,-66.47471,15.979553,-27.357574,47.05054,-40.750187,2.9553363,19.4166,-54.48407,-20.068615,25.36117,33.90095,29.560442,-0.6653214,-24.51912
120,66.40564727783203,37.15668869018555,86.3803482055664,4.781896249088806,11.482095781166494,33.789939559906294,-18.843506,8.080717,10.883058,17.769154,4.057405,-7.2376847,-19.908987,-16.567745,-3.4369636,34.106224,-6.6833797,11.374949,-5.3434215,2.9686472,29.793802,-65.24521,14.876862,-27.20952,46.115574,-41.362896,3.2642734,19.966728,-51.306423,-20.353992,24.267487,30.826906,30.239937,-0.36206305,-24.162367
121,66.7495346069336,36.94534683227539,87.08051300048828,4.464860033975864,9.45873372793323,35.47036918821526,-13.007833,7.4323606,10.669576,9.548547,8.188605,-8.238037,-14.041881,-15.47443,-3.5360425,28.068329,-4.5362916,10.857668,-5.5914297,3.6008854,29.793802,-64.172325,13.857967,-27.174276,45.07978,-39.622643,3.908813,19.894194,-48.002487,-20.768045,23.319624,27.208237,29.897789,-0.23823754,-24.034412
122,67.1397705078125,36.64501190185547,87.5042495727539,4.199265928075106,7.56886968893175,37.76457039096965,-9.57774,7.357808,10.277301,6.074911,9.788504,-8.925538,-8.60675,-14.459168,-4.534058,22.260176,-2.7815728,10.02234,-5.6939363,4.324686,27.91083,-61.6816,12.657619,-27.333883,43.80657,-38.22158,4.3460054,20.05194,-43.56656,-21.039381,22.789154,23.57918,29.15813,-0.29684365,-24.291513
123,67.56661224365234,36.253173828125,87.67469787597656,4.022821359389287,6.3385870116556875,39.575444251279286,-8.286525,7.595368,9.640511,5.8674397,9.798117,-9.381129,-4.958301,-13.819465,-6.1393037,18.582634,-2.1233447,9.466555,-5.5697618,4.906172,25.360481,-59.683247,11.393349,-28.002537,43.25345,-36.715714,4.4052596,19.80202,-40.011,-21.26236,22.866625,21.069166,27.700678,-0.5173216,-24.133486
124,67.9981918334961,35.761173248291016,87.78838348388672,4.103714481964769,5.095820602531046,42.014927079170036,-7.1444907,7.6243496,9.049567,5.688361,9.753863,-10.121796,-1.8993509,-13.247585,-7.9773617,16.204994,-1.688612,8.488837,-5.480061,5.4507136,23.106825,-58.1867,10.108503,-28.485056,42.899456,-37.002907,4.715169,19.746134,-37.08814,-21.450123,23.185352,18.959225,26.69813,-0.52859855,-24.221807
125,68.4079360961914,35.17750930786133,87.86102294921875,4.136870575217184,4.141725525191444,44.14097847297315,-6.1796093,7.659875,8.251443,5.5578575,10.000738,-10.695046,0.38526312,-12.489395,-9.495118,14.44022,-1.4573087,7.9736333,-5.242643,5.7268558,21.151817,-57.27829,8.929282,-28.952963,42.903954,-37.237404,4.91332,20.323902,-34.910294,-21.599463,23.384686,17.32678,25.26815,0.19815157,-24.102737
126,68.77242279052734,34.506065368652344,87.91580200195312,4.322524524326342,3.1586301794998546,46.20531255237453,-5.17018,7.541147,7.8174267,5.5009384,10.200445,-10.972757,2.3947814,-11.88637,-10.899163,12.978975,-1.4006804,7.453506,-5.0608006,5.9020066,19.461939,-56.890373,7.846998,-29.443775,43.28371,-38.529648,5.116489,20.233725,-33.459526,-21.748579,23.642252,16.153818,26.16508,0.1096451,-24.048975
127,69.07766723632812,33.76694107055664,88.02210235595703,4.644815374942917,2.5024192358362543,48.55063183381727,-4.2625527,7.3908415,8.227494,5.451243,10.558149,-11.315277,4.055192,-11.445294,-12.696797,11.463316,-1.0099638,7.176583,-4.785781,6.1655707,18.025274,-56.634716,6.8381248,-29.627617,43.4443,-40.051918,4.792769,20.323069,-32.20266,-21.867882,23.805443,15.113786,25.975351,0.02428376,-24.392633
128,69.3062973022461,32.983253479003906,88.10726165771484,4.833660931433172,1.89775449830279,50.733174676910544,-3.3246655,7.4412055,8.943059,5.4082713,11.399274,-11.753692,5.443912,-10.953814,-14.619351,10.111212,-0.6468849,6.8560724,-4.5814867,6.258563,17.038364,-56.863934,5.9464417,-29.554295,43.72533,-41.808617,4.691013,20.41931,-31.483168,-21.970097,24.011032,14.368362,26.10915,-0.061575927,-24.34912
129,69.45889282226562,32.18086242675781,88.17082977294922,5.054135869625094,1.413118082851874,53.22382365868181,-2.7727048,7.428139,9.335512,5.43032,11.337177,-11.894406,6.6061144,-10.425935,-16.27255,8.776407,-0.266976,6.656396,-4.3508677,6.346732,16.178629,-57.0049,5.136811,-29.539099,43.701153,-42.56393,4.7111754,20.288366,-31.003798,-22.095165,24.514885,13.53777,25.527042,-0.1071346,-24.484947
130,69.53644561767578,31.385526657104492,88.30238342285156,5.399799558575503,1.0738927915703982,55.708247106310836,-2.3231723,7.2678084,9.14838,5.4121733,11.738804,-12.306598,7.4397635,-10.129045,-17.927427,7.633881,0.39026862,6.463152,-4.156069,6.4893246,15.543463,-57.52208,4.4185157,-29.651901,44.201626,-44.119186,4.59676,19.961952,-30.579664,-22.239008,24.77404,12.565936,25.733437,-0.24474269,-24.774054
131,69.53783416748047,30.62298583984375,88.38862609863281,5.52344656255275,0.7736391703689206,58.36355818424119,-2.083763,7.331008,9.826188,5.396814,12.230991,-12.490333,8.142204,-9.802627,-20.15615,6.7256007,0.87266207,6.0690026,-3.9493048,6.44598,15.140554,-58.068325,3.7986786,-29.834969,44.49355,-45.00329,4.3950315,19.92703,-30.20873,-22.41022,25.180138,11.206973,25.20112,0.15605885,-25.070171
132,69.46713256835938,29.904300689697266,88.48887634277344,5.677091638028488,0.34618126535467403,60.54316044835236,-1.741276,7.5513062,11.053195,5.363118,12.938308,-12.696258,8.535095,-9.828975,-22.374989,6.6859503,1.0579741,5.831047,-3.568159,6.38659,14.753805,-58.463097,3.310199,-30.113937,44.742977,-44.788704,3.9095318,19.79312,-30.036182,-22.5342,25.435629,10.349048,25.143522,0.08852057,-25.335922
133,69.33660888671875,29.245107650756836,88.522216796875,6.086653963703475,0.4148424674148359,63.579576755706135,-1.4969964,7.582956,12.693236,5.413856,12.346589,-12.00052,8.339629,-9.93596,-23.505962,6.6016808,0.627097,5.5919566,-3.418008,6.2716265,14.269783,-58.776737,2.903835,-29.98866,44.74854,-45.773247,4.095057,19.854643,-30.162943,-22.76428,25.965818,9.548073,24.60727,0.39732713,-25.658573
134,69.1329345703125,28.64404296875,88.55226135253906,6.219496210268938,0.509434269806792,66.18644110043797,-1.0256808,7.9651885,14.702251,5.4258585,12.464666,-11.736781,8.1504,-10.009583,-25.21547,6.5291204,0.5945916,5.5754385,-3.1198177,6.1292043,13.838702,-58.919724,2.6143904,-29.933945,44.98631,-46.138374,3.845628,20.38422,-30.182798,-23.04415,26.66969,8.341449,23.709618,1.0480624,-25.486992
135,68.8595962524414,28.090572357177734,88.54934692382812,6.306376601493046,0.31117694207661967,69.02224949829052,-0.5084284,8.65859,17.177734,5.4338627,12.699212,-11.175438,8.307349,-10.109976,-26.917076,6.4917154,0.43794993,5.58427,-2.8098168,5.9631386,13.642952,-59.231308,2.444894,-29.940262,45.326435,-46.99781,3.5777545,20.936089,-29.887913,-23.41725,27.703537,7.45924,23.951866,0.19284965,-25.984793
136,68.51411437988281,27.572839736938477,88.51744842529297,6.343277344755837,-0.09785744286136865,71.6642420116816,0.09951701,9.518258,19.814827,5.463661,12.395519,-10.736962,8.692198,-10.29926,-28.6916,6.4988313,0.08939736,5.566813,-2.671992,5.957225,13.461209,-59.40147,2.4333055,-29.763672,46.013187,-45.44966,3.092272,21.052507,-30.020746,-23.855534,28.20126,7.111863,22.685965,0.48897326,-24.34057
137,68.10389709472656,27.088794708251953,88.55398559570312,6.60683727831428,0.16759152153715934,74.62906569265137,0.7010249,10.208142,22.818092,5.4827857,12.473427,-9.769692,8.346597,-10.732272,-30.013783,6.3645244,0.16006051,5.8752904,-2.4990067,5.580976,13.315121,-59.483856,2.50478,-29.663063,46.325256,-45.74846,3.0127332,22.50773,-29.574625,-24.247719,28.375254,6.012996,24.275467,-0.019221457,-25.727682
138,67.61935424804688,26.60244369506836,88.56204986572266,6.616577340601985,-0.40843441595908975,77.98056821073267,1.5443175,11.207098,26.835522,5.5869007,12.673048,-8.653696,8.991803,-11.010283,-31.753302,6.3299127,0.08240783,5.7384562,-2.4374437,5.4635143,13.08304,-59.50065,2.624838,-29.477728,46.840458,-44.551437,2.8807375,23.016832,-28.853313,-24.613317,29.276789,5.4213343,23.488163,-0.3132847,-25.287636
139,67.06798553466797,26.111602783203125,88.50529479980469,6.848557142917264,-0.23989298710321427,80.23743243030637,2.6243675,11.829445,32.02162,5.7832227,12.31271,-7.2159758,8.701167,-11.674037,-33.001247,6.2854285,-0.32384706,6.242369,-2.4316866,5.0626283,12.859345,-59.726696,2.8549986,-28.934183,47.187454,-42.358917,3.279018,23.437302,-28.777996,-24.90807,29.208858,5.8369946,23.272017,0.6246916,-24.195467
140,66.44351959228516,25.592432022094727,88.49176788330078,6.6536514971377345,-0.33718738480513405,83.57163391006871,3.3610272,12.567702,35.668877,5.9213514,12.517585,-6.2254333,8.824241,-11.803766,-34.348972,6.098227,-0.08740513,6.2529125,-2.6293921,4.6161323,12.710607,-60.08442,3.106724,-28.906555,47.59089,-42.47407,3.1381075,23.849268,-28.337145,-25.105984,29.202927,5.6385283,23.788134,0.8156867,-24.934734
141,65.75788879394531,25.02210807800293,88.45741271972656,6.532842583873727,-0.8436929594885328,85.74832623792595,4.4180903,12.940909,40.07754,6.0697207,11.440813,-5.1137357,9.158058,-12.154979,-35.093334,6.073309,-0.1296401,6.5231013,-2.9553318,4.464946,12.630096,-60.58393,3.3459773,-29.079222,48.267803,-41.697964,2.9608753,24.268576,-28.21793,-25.29561,29.370495,5.9461823,23.691658,1.1500614,-25.404112
142,65.01224517822266,24.409351348876953,88.29656982421875,6.0591101614261555,-1.3537777735311811,89.23131686779884,5.399766,14.0209465,46.154636,7.4189663,9.176456,-3.691788,9.770705,-12.119578,-36.477486,5.9216247,-0.5854195,6.4957433,-3.5466495,4.141858,12.288743,-60.51587,3.5534487,-29.638676,48.01301,-41.04667,3.0326316,24.132208,-27.371815,-25.378197,28.879128,5.541568,24.475433,2.2273383,-24.526375
143,64.22760772705078,23.758541107177734,88.23885345458984,5.767546273619132,-1.8405895919326,91.75071160047229,6.343248,14.045477,50.069954,7.712426,7.613423,-2.5044186,10.082032,-12.40958,-37.079548,5.952988,-0.40281022,6.7596116,-3.6849415,4.021702,12.230279,-60.586056,3.6008008,-30.315376,47.694744,-38.221012,3.216961,23.819302,-26.567215,-25.287489,28.836845,5.793194,25.826063,1.5305954,-25.080208
144,63.41402053833008,23.088651657104492,88.12023162841797,5.451019360028715,-2.223815219512442,94.83750924052276,7.951453,13.920122,55.435734,7.6206236,5.669929,-1.5256125,10.711477,-12.862789,-39.157654,5.874768,-0.70102483,6.688661,-4.1700535,3.9412076,11.651019,-59.75814,3.4918346,-30.631088,47.13562,-37.409763,3.5812275,23.758644,-25.583445,-25.071106,28.751146,5.8619776,24.503107,2.7887516,-23.679026
145,62.58674240112305,22.419981002807617,88.03877258300781,5.033089964660148,-2.7266852512945614,97.48227671215744,8.663111,13.32252,56.956158,7.198242,4.6951833,-1.1100293,11.289906,-13.153216,-40.251446,5.8347955,-0.37742716,6.886931,-4.422918,3.9146936,11.292839,-59.598637,3.3303876,-31.5476,46.937626,-36.646233,3.8903222,23.241636,-24.798044,-24.76552,28.479874,6.394817,25.956427,2.2185585,-23.794315
146,61.756080627441406,21.79239273071289,87.89090728759766,4.301541368528427,-3.1554150934479988,99.66714679071583,9.304895,12.38147,57.845264,5.7899575,4.584087,-0.57306534,11.851589,-13.269037,-41.81439,5.9740887,0.5088101,7.4856515,-4.2923307,3.9515638,11.139337,-59.83275,3.1169946,-31.848686,46.752716,-35.273083,3.9727073,23.113277,-23.964308,-24.267635,28.500055,6.455601,26.755354,1.634936,-25.051176
147,60.947166442871094,21.247949600219727,87.89849090576172,3.9233235072933077,-3.608269984356883,102.23252880185646,9.964681,11.311677,58.740456,4.4598036,4.3237343,-0.03746421,12.567191,-13.749197,-43.090717,6.135962,1.3659192,7.371637,-4.3939424,4.0201106,10.8861685,-58.887066,2.8784013,-31.363922,45.879047,-33.63032,5.2656636,23.237822,-23.263071,-23.757982,28.169424,6.9025874,26.207207,1.654504,-24.370686
148,60.15202331542969,20.8280029296875,87.86456298828125,3.614164883683137,-3.6317954396893333,104.43178245300005,10.117043,10.189279,58.91391,3.0334227,4.2444654,0.004246222,12.959129,-14.38528,-44.49081,6.360551,1.9181257,7.4192967,-4.6692867,4.1403604,10.58006,-57.66981,2.5117376,-31.712717,45.06703,-31.608171,5.4708695,22.665636,-22.435762,-23.193186,27.867727,7.550202,24.97202,1.688941,-23.751059
149,59.36650085449219,20.550180435180664,87.86225128173828,3.6509527053436415,-4.178398893808938,106.43892935321989,10.319517,9.157866,57.847008,2.8629134,3.178136,0.06286252,13.857992,-15.597671,-45.42588,7.0720506,1.9610887,7.3822236,-4.921944,4.2505417,10.320224,-56.45783,2.0681808,-32.513924,44.34986,-30.74744,5.1155243,23.211433,-22.034246,-22.770546,27.210855,9.022836,24.336887,1.5062076,-23.419716
150,58.55329513549805,20.43630027770996,87.91651153564453,3.5215561878959227,-4.388907845384511,108.06512702433253,10.212661,8.194976,55.97427,2.4577804,2.4796393,0.083898254,13.427449,-17.805283,-46.11288,10.806443,1.2751337,6.6953754,-5.4259295,4.5632806,10.185643,-55.162834,1.5180703,-34.118603,43.717915,-29.558287,4.3770475,23.236145,-21.516249,-22.587273,27.317667,10.610576,23.69556,0.8084333,-23.260706
151,57.689823150634766,20.470518112182617,87.88662719726562,3.70850921875446,-4.309672226785673,109.5178833583637,10.034657,6.704542,53.933983,1.6711558,2.1719878,0.051820226,12.189972,-20.795961,-45.985764,15.509511,0.29712284,6.0327215,-6.0210543,4.7626863,9.912627,-53.866444,0.8689189,-35.190796,42.936996,-27.782572,4.042284,23.193241,-21.006714,-22.630882,26.701307,12.459097,23.097107,-0.018749766,-22.524267
152,56.73447799682617,20.622108459472656,87.83154296875,3.8780863829503693,-4.120214042330936,110.60164001902164,9.521852,5.49637,51.06394,1.7663833,1.2380896,0.12960415,9.912667,-24.091486,-44.553185,21.126019,-0.24838538,4.963727,-6.1414523,4.697975,9.849045,-53.082764,0.24154066,-36.912777,42.542038,-25.889883,4.1876893,23.018253,-19.974192,-22.734365,26.059538,13.645072,23.993631,-1.7409081,-23.29972
153,55.6666374206543,20.8573055267334,87.65568542480469,4.232083569616055,-4.105035984221066,111.78909139020578,9.522559,3.8229592,48.453236,1.3617163,0.2749946,-0.017123742,7.5453525,-26.671827,-42.52826,26.929968,-1.1420982,4.4175096,-6.460184,4.447408,9.624288,-52.48215,-0.34640637,-38.045246,42.032467,-23.320284,4.1291585,21.071373,-18.818066,-22.970684,24.61524,14.664988,22.754253,-2.0205657,-23.302853
154,54.45219421386719,21.153722763061523,87.2881851196289,5.069786846995512,-4.112030495145201,113.1225570948822,9.354793,1.780638,45.656067,1.8286755,-1.8289756,0.4935694,3.8559418,-29.54295,-38.988487,34.42283,-2.356739,3.197552,-6.5711412,3.943547,9.555754,-51.61698,-0.8571884,-39.233887,41.648617,-21.591316,4.0484695,20.952072,-16.981277,-23.308113,23.659,15.707981,22.423698,-3.3825881,-23.591642
155,53.053768157958984,21.481401443481445,87.05054473876953,5.077493119567616,-4.786518116361005,114.86871732714926,9.891076,0.7416719,43.17108,2.8122368,-4.13872,0.45461896,-0.054631587,-30.602787,-35.641384,41.334103,-3.985375,1.6783279,-6.840842,3.5422964,9.775835,-51.354477,-1.2150265,-40.222,42.07132,-19.874907,3.7024977,19.929203,-15.30194,-23.679499,21.939997,16.77424,23.432306,-4.1779356,-22.930222
156,51.44532775878906,21.85533332824707,87.25439453125,3.8106437232001937,-5.184109901219987,117.30073856724417,10.629034,0.84002984,41.308414,3.0509324,-5.684367,1.5099447,-4.2403917,-28.989834,-30.755575,43.88185,-4.608028,1.41161,-6.650541,3.2890768,10.2436285,-51.07697,-1.5008862,-41.34795,43.269424,-20.511866,4.097835,19.555334,-13.8749695,-23.803286,21.878042,17.738876,25.983747,-6.2919064,-23.314404
157,49.67931365966797,22.301401138305664,87.23151397705078,2.7326581860137833,-5.321779918723485,120.00106971543597,11.255954,0.5474779,38.7945,3.050895,-7.3366513,1.4067186,-7.4883246,-24.406858,-25.375683,43.45026,-5.4993997,2.7021506,-6.5774927,3.0941153,10.28797,-51.165657,-1.5129904,-41.270073,43.663486,-20.664883,4.9556966,18.59049,-12.529721,-23.691673,21.047241,17.985806,27.826296,-7.0747795,-23.32051
158,47.76443099975586,22.825773239135742,87.30418395996094,1.5393465544395235,-5.359981619158757,123.28104145736035,11.9146185,0.3271961,35.759075,2.9946861,-8.216492,1.1466469,-10.290931,-19.57285,-20.923977,41.059288,-4.802402,3.2699478,-6.879471,2.6044931,10.766305,-51.934875,-1.3515503,-41.60126,44.939095,-21.334433,5.6667056,18.955725,-12.03639,-23.411709,20.150219,17.741995,30.97292,-7.0290136,-23.091326
159,45.72682189941406,23.43338394165039,87.53174591064453,-0.05881089530014957,-4.782972678732192,126.25992009374171,12.2826605,0.49441847,32.340694,2.5104697,-8.18472,0.5242957,-11.289915,-13.495008,-18.278011,33.67522,-3.0262978,3.5000832,-7.0904617,2.20328,11.354945,-52.94341,-0.9161996,-41.891422,45.47326,-19.9759,5.4608097,18.135635,-11.746786,-22.884325,19.085155,16.777771,32.55403,-7.498515,-22.147911
160,43.63145065307617,24.114044189453125,87.58842468261719,-0.860278451054563,-4.291700035167105,129.29644950914425,12.601803,0.16675265,29.202509,3.003421,-8.490494,0.44617513,-13.041239,-8.876912,-15.120013,28.005556,0.2324381,3.7494864,-7.529518,1.5617026,11.943528,-53.953465,-0.33070627,-41.66692,45.096237,-16.693558,5.6405516,17.90794,-11.986242,-22.170605,18.174358,16.224802,33.414494,-7.9654193,-21.723852
161,41.51587677001953,24.849750518798828,87.45301055908203,-0.9212610891737257,-4.057637871925437,132.9639482697619,13.515167,-0.6520233,27.083368,3.4898255,-9.066717,0.8268973,-13.23407,-5.1721687,-12.983163,20.266064,3.525713,4.2814403,-7.9371104,0.82488525,12.193251,-54.33433,0.33462986,-40.872967,44.110622,-17.16624,6.1076574,17.436642,-12.195615,-21.415112,18.141102,15.657798,34.57466,-7.843187,-20.834932
162,39.38679504394531,25.623088836669922,87.12593078613281,-0.7122488839834349,-3.9147149841767823,136.42972064012463,13.9072,-1.9840424,22.167204,4.842745,-10.528973,1.3278136,-11.659416,-2.1664352,-10.670009,7.66823,8.90709,5.2757807,-8.339484,-0.4177869,12.462529,-54.554386,0.98889214,-39.11965,42.806206,-17.133379,6.3351407,17.503807,-12.858729,-20.61553,18.313503,15.209837,33.50676,-7.6534905,-20.526617
163,37.27370071411133,26.40808868408203,86.71928405761719,0.0015012932716764738,-3.4810187443210956,140.15400716252685,14.461388,-3.5924706,18.438015,5.652131,-11.592354,1.9459608,-13.414478,-1.4532508,-8.964212,6.008515,8.529642,6.1921844,-9.162099,-1.8691877,12.6354885,-54.89119,1.6407714,-38.688427,42.42499,-15.873583,6.2115183,16.559187,-13.652827,-19.859343,17.92034,15.24179,33.333317,-7.0233145,-20.225187
164,35.19750213623047,27.182802200317383,86.29663848876953,0.8006045225298657,-2.929777115150333,144.00371293939912,14.984685,-5.009344,14.952818,6.4609838,-12.355026,2.7640686,-15.022908,-1.15842,-7.4990053,5.83829,6.1533785,7.09815,-9.5480795,-2.9576898,13.1584635,-54.96593,1.9834154,-38.288082,41.742413,-16.325983,5.281216,15.921173,-14.125072,-19.415579,18.027693,15.071085,33.81366,-7.2803655,-20.563477
165,33.193546295166016,27.92300796508789,86.00233459472656,1.3226939149859849,-2.177533794831818,147.73147382666332,15.726718,-5.5100675,12.512991,6.7377763,-12.363513,2.8030975,-15.42507,-0.63237023,-6.023999,5.860527,5.6152015,6.5767827,-9.300285,-3.0150597,13.367923,-55.280746,2.313418,-37.157852,41.80981,-18.284264,4.738532,17.57873,-15.057857,-19.08359,18.321545,15.07612,32.524815,-7.416889,-20.621128
166,31.257347106933594,28.613174438476562,85.89788055419922,1.6131269036520803,-1.3138491085664383,151.29363197397234,17.021572,-4.507066,10.2133665,6.890255,-11.29719,2.296949,-14.611116,-0.17856498,-6.164311,5.884262,6.094587,4.6746864,-8.796984,-2.636024,13.635507,-55.183792,2.8191118,-36.145924,42.065647,-19.855345,4.17444,17.956121,-16.38701,-18.678215,18.413298,15.616984,32.55011,-7.070404,-20.883219
167,29.37796401977539,29.24092674255371,85.92857360839844,1.1806933418242191,-0.5543599959694787,154.44874626103345,17.338133,-2.4785736,9.043926,9.788591,-9.704422,0.8036163,-12.993211,-0.070366204,-7.502601,6.0027785,6.9964533,2.0050778,-7.705719,-2.047419,14.1553335,-54.77674,3.623181,-35.06857,42.097126,-22.891,3.1406283,18.674797,-18.330595,-18.370155,19.146965,16.972803,31.58087,-7.5497193,-20.992826
168,27.566314697265625,29.768625259399414,86.06392669677734,0.48474515508625554,-0.09546385461013765,157.4427825528039,11.673613,-0.9193287,7.8904305,22.572117,-10.370477,-1.3631492,-11.450592,-0.16265923,-9.579231,6.1474075,7.0361304,-0.07754851,-6.833472,-1.26473,14.897371,-54.114388,4.4449697,-33.76928,41.938774,-24.106474,2.679847,19.29731,-20.11646,-18.275461,19.677849,18.826052,31.274345,-7.7606306,-21.044556
169,25.80738067626953,30.142847061157227,86.31688690185547,-0.5574670624346448,-0.23154490841857486,161.17726773503546,3.906012,1.8511655,7.8131237,38.069984,-8.237651,-3.6525373,-9.230884,-0.44091266,-12.785347,6.3337526,6.318756,-2.1270397,-5.679594,-0.29531446,16.2298,-54.599926,5.3790936,-32.78064,41.926926,-24.339191,2.2813017,19.236067,-22.85925,-18.448116,20.606867,21.167545,29.508314,-7.2810173,-21.51339
170,24.029319763183594,30.34432601928711,86.67791748046875,-0.9447874913085915,0.7019648286204837,164.5302811154003,-2.3481505,5.4973173,9.694355,47.529015,-7.593541,-4.5175085,-8.371148,-1.6185757,-16.377052,7.2383857,5.2357774,-2.7072604,-5.0132365,0.10606039,17.457022,-53.845547,6.2900696,-31.863117,41.96562,-26.741041,1.8827326,19.394382,-25.20712,-18.610403,20.836657,22.983358,28.407139,-7.0084968,-22.06593
171,22.225116729736328,30.313983917236328,86.86675262451172,-1.198705692233702,1.0884729427257174,167.55053845793805,-7.668363,9.199985,11.175875,51.56427,-7.5011287,-3.9031298,-7.3457937,-2.8329678,-18.925274,8.876841,3.369479,-2.9855337,-3.8584745,0.21633963,19.180437,-54.159527,7.2346034,-31.192612,42.40877,-25.90574,2.2077057,19.562376,-27.740786,-18.820156,21.081133,24.378897,26.919662,-6.3583,-22.56405
172,20.363956451416016,30.01898765563965,86.93101501464844,-1.825323176193817,1.6193805880813341,170.53923720329135,-11.4476795,13.535716,15.410629,46.88196,-8.129361,-2.78877,-6.011281,-3.825938,-22.258404,9.939399,1.5258609,-2.7721047,-2.4844425,0.068112746,21.490599,-55.32793,8.359189,-30.81776,43.374184,-22.80334,3.0379841,19.067965,-30.555563,-19.191847,20.073896,25.411554,26.713991,-5.5102057,-22.526989
173,18.4500789642334,29.469409942626953,86.94314575195312,-2.441001718988675,2.735101682721113,172.59225962529348,-13.062288,15.554394,19.542812,35.967976,-6.067621,-2.8305967,-5.0129037,-4.460702,-24.679192,9.992263,-0.26660523,-2.5554924,-1.3553396,-0.15117373,23.382711,-56.439945,9.550146,-30.692102,44.869713,-21.427853,3.0658588,19.3905,-33.2847,-19.786156,19.840508,26.965229,26.28637,-5.221757,-22.148699
174,16.519798278808594,28.695606231689453,86.6425552368164,-4.138420907349373,4.324407091851042,173.8516511018636,-12.0990095,16.334661,25.955832,18.360868,0.10303143,-4.135913,-3.9255755,-3.9569683,-28.46263,9.038076,-1.6083475,-2.499003,-0.2429066,-0.40532076,25.597416,-57.647114,10.855119,-30.882433,46.383015,-19.131615,2.7625656,19.838472,-36.542194,-20.64623,19.175846,29.149698,24.878696,-4.7608137,-21.818607
175,14.639617919921875,27.79730224609375,86.05049133300781,-6.185522669476863,5.22466536767322,173.9052441266364,-11.409035,17.17098,29.392157,6.418258,5.740376,-6.005725,-3.3297267,-2.8862705,-29.60973,9.556485,-3.2189524,-2.1733518,0.8297122,0.33187962,27.701042,-58.141014,12.064175,-30.660242,46.657925,-18.919443,2.5896494,20.752459,-38.66661,-21.427397,19.03192,30.450533,25.12821,-4.9380727,-21.574799
176,12.862417221069336,26.872516632080078,85.31220245361328,-8.101317227452327,5.983863317426983,173.96975462084797,-13.967958,18.73425,29.882366,5.753973,6.8476067,-6.6735225,-3.8885725,-2.5709028,-29.944979,12.793721,-5.387248,-1.6800767,1.5185099,0.9029758,29.352898,-58.785114,13.130148,-29.917747,46.981606,-20.423395,3.3629682,21.45896,-40.584118,-22.12378,19.138052,31.412315,25.600208,-4.663182,-21.35351
177,11.219165802001953,26.02075958251953,84.62112426757812,-9.082702560686288,6.731111507008983,173.70163893501194,-15.560567,19.207872,29.990625,5.7372713,8.293324,-6.364697,-6.699705,-4.264849,-29.195185,20.417452,-8.409389,-1.2056819,1.798924,1.3211426,29.793802,-58.449417,14.0871105,-28.719145,46.725857,-21.030928,3.7332318,21.48193,-42.926834,-22.695042,19.851324,33.274284,25.428308,-4.5555396,-20.476526
178,9.700331687927246,25.310405731201172,83.94348907470703,-9.148124239035505,8.011689495146028,173.17421924869072,-16.553598,18.705875,29.417727,6.0174217,10.2139,-5.3518186,-11.385818,-7.277848,-27.54362,29.394415,-10.662015,-0.45803246,1.5669465,1.1703916,29.793802,-57.40906,14.743663,-27.687841,45.925976,-21.103407,3.7505774,21.31493,-44.69335,-22.892054,20.292492,34.78099,24.812523,-4.5354605,-20.227575
179,8.287144660949707,24.79025650024414,83.36820983886719,-8.139908815140435,9.621987704925894,172.7387471419501,-17.290092,17.72078,28.815897,6.2882786,12.037997,-4.6391225,-16.696135,-10.71046,-26.74674,38.964,-12.014033,0.03655102,1.3710474,0.6062006,29.793802,-56.393566,15.158649,-27.191555,45.283463,-19.125555,3.194226,21.44001,-46.699528,-22.84406,20.276028,36.55756,22.640491,-4.6471386,-20.730732
180,6.952207565307617,24.447111129760742,83.28399658203125,-7.798869445902257,11.348626316424816,172.90791862277464,-19.798532,17.445414,27.017717,9.519663,10.964557,-4.271569,-21.187235,-13.073596,-26.49431,43.800568,-11.615294,0.5335249,1.3468057,0.0983876,29.793802,-56.374695,15.474284,-26.98916,45.741764,-18.138187,2.479728,21.922428,-48.919212,-22.710968,20.476183,38.493332,22.17545,-4.9301066,-21.58408
181,5.66536283493042,24.279403686523438,83.20136260986328,-7.737756618774747,13.574879183632518,172.7562422267766,-22.618229,17.417345,25.640835,12.189413,9.682664,-4.062138,-25.223024,-14.316895,-26.29806,44.060307,-10.3749275,1.1855551,1.300076,-0.14000094,29.793802,-57.045677,15.735425,-26.602669,46.460773,-18.195974,2.2689843,22.47173,-51.501343,-22.55556,21.239527,40.36419,21.858564,-4.828135,-22.404667
182,4.412485599517822,24.25986099243164,83.00264739990234,-7.8492681744629165,16.461870180188228,172.66118671233514,-26.479439,17.60624,24.048008,15.184338,8.46596,-3.8957505,-29.419973,-13.702186,-25.27926,38.586166,-7.5325975,2.0887468,1.1757219,-0.25787446,29.793802,-58.588116,16.046986,-26.263689,47.83128,-19.559208,1.8853794,23.43201,-54.534508,-22.406277,22.544308,42.070126,22.052908,-4.574414,-23.312225
183,3.1994125843048096,24.35666275024414,82.67303466796875,-7.617307842781011,19.572909123414803,172.19004032549952,-30.110884,17.199953,22.390575,17.214739,6.8322816,-3.9873066,-32.23887,-12.988083,-25.236439,30.872242,-3.8425195,3.370328,1.1191945,-0.47717732,29.793802,-60.046867,16.447853,-26.61586,49.008976,-19.672052,1.1261034,23.627996,-57.155598,-22.27697,23.876305,43.64106,22.87534,-4.7247458,-23.718964
184,2.0378122329711914,24.53245735168457,82.16112518310547,-6.562747266672903,23.166871826015917,172.38131181418683,-33.724846,15.921344,21.711912,18.352339,5.751705,-4.191059,-34.63597,-12.386547,-24.962719,22.647053,0.36635232,4.682849,0.7281479,-0.8177002,29.793802,-61.34472,16.91138,-26.42326,49.589348,-19.714418,0.9472598,24.063448,-59.964474,-22.158325,24.822153,44.755863,24.186146,-4.4620895,-24.096077
185,0.9775750637054443,24.730932235717773,81.45819091796875,-5.743188686344779,26.171836919620677,172.94581131509113,-38.062675,15.592865,21.079945,22.348423,3.5584445,-4.0130553,-37.67308,-13.14186,-24.524508,19.399754,2.6677365,5.642319,0.28882372,-1.1111513,29.793802,-62.876278,17.505201,-26.509092,50.749043,-20.578228,0.81306034,24.336971,-62.380463,-22.138533,25.931072,45.842632,24.189735,-4.1585393,-24.29867
186,0.04540766403079033,24.92623519897461,80.47483825683594,-5.481234766226394,28.98551041937398,173.36870312828256,-43.270596,16.240574,20.16583,28.345383,0.38095576,-4.0957923,-42.437954,-14.49016,-24.214111,22.8891,2.1674638,5.764164,0.15006915,-1.087579,29.793802,-64.41639,18.127195,-26.928812,51.770527,-20.924002,0.44916245,24.895348,-64.6736,-22.214218,27.02572,47.24769,24.753136,-4.471885,-24.908552
187,-0.7347407937049866,25.11639976501465,79.00732421875,-5.5464652744547225,31.609439930959514,173.8239138733853,-49.395172,17.772402,19.318205,36.550762,-3.5857966,-4.1042137,-48.463257,-16.113735,-22.86506,30.559326,-0.83630866,5.737427,0.2744018,-0.8284074,29.793802,-66.09883,18.80188,-27.374973,52.873703,-21.865393,-0.12643775,25.813234,-67.11636,-22.55322,27.966078,48.576687,24.09971,-4.871394,-26.014076
188,-1.3413439989089966,25.309375762939453,77.28408813476562,-5.7610288767069635,33.6126237892984,174.15553497319272,-55.29475,18.86886,17.162449,44.731865,-7.3703713,-4.1689467,-54.175743,-17.690674,-21.486757,39.177776,-4.2714996,5.3069873,0.42864224,-0.6314908,29.793802,-67.68013,19.481346,-27.95782,54.242397,-22.457876,-0.50702566,26.633184,-69.09387,-22.996698,29.042704,50.005478,24.01735,-5.479274,-26.61327
189,-1.764438271522522,25.517406463623047,75.36064910888672,-5.879337134492543,35.64508856767867,174.64961303582828,-61.31403,19.40903,14.697869,52.37088,-10.780784,-4.249839,-59.80065,-19.408997,-20.378248,47.667294,-8.1773,4.3314543,0.44401205,-0.463217,29.793802,-69.25125,20.178535,-28.503689,55.309296,-22.52872,-0.21804228,27.414461,-71.02116,-23.569225,29.898233,51.21011,24.607428,-5.772469,-27.259737
190,-1.986122488975525,25.753089904785156,73.43486785888672,-5.96821600961706,36.94839676125025,174.9900021366061,-66.26461,20.033653,12.756361,59.333076,-14.265311,-4.2466326,-64.42581,-20.79686,-19.232737,55.145725,-12.161541,3.4818542,0.4962724,-0.22595756,29.793802,-70.41691,20.780767,-29.282022,56.124325,-22.560858,-0.10873121,27.968376,-72.41122,-24.180214,31.010006,52.447174,25.700823,-6.3916698,-27.36452
191,-2.0096113681793213,26.017108917236328,71.35041809082031,-5.9112988752075255,37.8261529488494,175.62168049250812,-71.129105,20.588417,10.865374,66.48496,-17.218739,-4.1775475,-68.98518,-22.07365,-17.636242,62.802013,-15.864059,2.840866,0.50918895,0.03714548,29.793802,-71.70666,21.278687,-30.325058,57.069344,-23.80675,-0.5546891,28.390228,-73.897644,-24.794222,31.953457,53.572323,26.99563,-6.659509,-27.637373
192,-1.847044587135315,26.305992126464844,69.0363540649414,-5.798774008366521,38.165396549772396,176.29567369896728,-75.73105,21.334328,9.119325,73.885284,-20.235271,-3.9011507,-73.4316,-23.06799,-15.582434,70.654785,-19.566097,2.0725577,0.45037618,0.32275778,29.793802,-73.08689,21.609385,-31.90011,58.420074,-25.27651,-1.0146744,28.230804,-75.341835,-25.373755,33.018867,55.094868,28.555788,-7.3977604,-27.446148
193,-1.5196624994277954,26.607635498046875,66.68737030029297,-5.710166051784311,38.0922499090176,176.92766882237146,-79.82152,21.731842,7.17171,80.61399,-22.858042,-4.1968174,-77.26023,-24.142502,-13.99637,77.92082,-22.87498,1.6942488,0.63531035,0.6699379,29.793802,-74.149864,21.736183,-32.68744,59.503006,-26.492937,-0.84427667,28.105003,-76.4072,-25.873896,33.99835,56.60046,29.98025,-7.410473,-27.198853
194,-1.0496342182159424,26.90548324584961,63.95848846435547,-5.972453444354215,37.278223815122594,177.22244874786776,-83.720894,22.842299,5.152665,88.11116,-25.43897,-4.2134323,-80.94522,-24.878262,-12.2716675,85.806145,-26.050514,1.4181074,0.8489161,1.0584462,29.793802,-75.05382,21.765287,-34.070786,61.013557,-28.01684,-1.7238525,27.75548,-77.271996,-26.331469,35.43192,58.503197,31.913313,-8.302526,-26.606964
195,-0.4863071143627167,27.19232177734375,61.61185073852539,-6.106543338062909,37.041566880545716,177.38151566323975,-87.42321,23.635027,3.5483232,93.84809,-27.813957,-4.003489,-84.398926,-25.434843,-10.944003,91.70862,-28.510778,1.2336918,0.9824123,1.366074,29.793802,-75.935234,21.734035,-34.76686,62.15243,-29.9606,-2.2881875,27.657251,-78.12684,-26.76069,36.213127,59.872574,33.83723,-8.327761,-26.127676
196,0.1584336757659912,27.45612335205078,59.058292388916016,-6.156066010280751,35.90964119420211,177.33024007399675,-90.59905,24.257946,1.6248271,100.06189,-30.302769,-4.156942,-87.49112,-26.273563,-9.531875,98.147064,-30.784204,0.816442,1.2521054,1.7159452,29.793802,-76.620964,21.602177,-35.90392,63.44834,-31.444532,-2.8172758,26.877794,-78.62222,-27.124857,37.435894,61.58756,35.95782,-9.046865,-25.417652
197,0.8420921564102173,27.690473556518555,56.69187927246094,-6.244458191689041,34.57778758002815,177.24377670875737,-93.341736,25.018827,-0.12722427,105.59987,-32.564648,-4.134765,-90.1293,-26.393599,-7.9486938,103.63854,-32.82331,0.7678846,1.5337374,2.1046345,29.793802,-77.00949,21.393423,-36.894886,64.67454,-32.280064,-3.4196496,26.414314,-78.98749,-27.461815,38.298367,63.34163,37.622013,-9.746694,-24.704498
198,1.5308997631072998,27.89215660095215,54.26115417480469,-6.453402507434469,33.02774611916724,177.07030354214112,-95.95509,25.499403,-2.1906729,111.028114,-34.65159,-4.1427417,-92.52547,-26.844828,-6.7035294,109.060776,-34.653885,0.5346141,1.7978214,2.4763174,29.793802,-77.20192,21.077827,-37.870216,66.01362,-34.04756,-3.9649544,25.474825,-79.13856,-27.731077,39.280083,64.79902,39.11218,-10.269378,-24.01762
199,2.1951372623443604,28.06231117248535,51.95457458496094,-6.665628997850821,31.17825941866708,177.1832486511006,-98.08494,25.70962,-4.2455635,115.93923,-36.67429,-4.279735,-94.35521,-27.539824,-5.6105747,114.13006,-36.399353,-0.018317532,2.0737803,2.9110093,29.793802,-77.278175,20.616718,-38.78034,67.115654,-35.485794,-4.294429,24.672148,-79.09215,-27.894676,39.885525,66.258446,40.677994,-10.558586,-23.393599
200,2.805103063583374,28.21333122253418,49.865020751953125,-6.878249044596404,29.385181822969372,177.29392516118827,-99.79492,25.687311,-6.1604905,120.16623,-38.438828,-4.7682915,-95.87905,-28.06979,-4.6097164,118.50114,-37.8662,-0.33740833,2.4212563,3.3488295,29.793802,-77.28839,20.14497,-39.24969,68.06182,-35.942345,-4.5758557,23.97409,-79.03437,-28.08329,40.38172,67.71284,41.941586,-11.187608,-23.277008
201,3.3239197731018066,28.35797119140625,48.35553741455078,-6.986691292579752,28.536166357112233,176.8145990070113,-101.59332,25.831318,-7.5669427,123.17349,-39.851334,-4.741812,-97.70125,-27.889782,-3.8248558,121.27328,-38.874245,-0.71223557,2.6239302,3.6952846,29.793802,-77.491066,19.662645,-39.856316,68.93256,-36.15252,-4.407865,23.264458,-78.921265,-28.227156,40.783524,68.89102,43.17495,-11.364635,-22.256895
202,3.7760283946990967,28.48890495300293,46.781517028808594,-7.196690231754108,27.441728187854462,176.6986859410825,-103.30273,26.313839,-8.982111,126.28929,-41.0156,-4.3559637,-99.173546,-27.716463,-3.0176973,124.20875,-39.9916,-0.81788576,2.8200142,4.1629963,29.793802,-77.326675,19.142466,-40.1942,69.44163,-35.940533,-4.545667,23.180294,-78.5362,-28.332272,41.134895,69.79283,44.26893,-11.910959,-21.904589
203,4.158896446228027,28.614578247070312,45.432071685791016,-6.9676434918668955,26.501391918778165,176.9644596128064,-104.70579,26.72008,-9.735625,128.89769,-41.924587,-4.107444,-100.65073,-27.81693,-1.8999039,126.84325,-40.9514,-0.8002681,2.9873886,4.581343,29.793802,-77.30063,18.584635,-40.962463,70.32683,-37.05816,-4.7828727,22.19091,-78.56228,-28.42689,41.648647,70.972855,45.23546,-11.869367,-21.119875
204,4.496790409088135,28.72555923461914,44.040687561035156,-6.964733082082304,25.084077350083074,177.01469755139877,-105.678795,26.314058,-11.168145,131.59836,-42.93669,-4.2833834,-101.61382,-27.473927,-0.8777276,129.46413,-41.928284,-0.5810316,3.2317214,4.91874,29.793802,-77.23082,17.963963,-41.872307,71.53514,-36.861244,-4.538297,21.323322,-78.28456,-28.452484,42.20164,72.23468,45.71264,-11.913907,-20.77787
205,4.772458076477051,28.82011604309082,43.17692947387695,-7.116602777996067,24.53146118880708,177.04471442680193,-106.82627,25.914516,-12.196407,133.17648,-43.190376,-4.332333,-102.60485,-27.217485,-0.44107497,131.00644,-42.046673,-0.6746466,3.4335642,5.267558,29.793802,-77.28679,17.394701,-42.34764,72.3674,-37.453987,-4.32127,20.943218,-78.16498,-28.480581,42.80414,73.19485,46.344982,-11.991681,-20.632265
206,5.025960922241211,28.905052185058594,42.261810302734375,-7.09132798078571,23.54655175354213,177.03867434237515,-107.38912,25.600315,-13.11353,134.87564,-43.955776,-4.680027,-103.27084,-26.993736,0.18774249,132.66138,-42.562824,-0.55759907,3.5881307,5.4598513,29.793802,-77.123566,16.825077,-42.87243,73.35787,-37.87064,-4.155584,20.910809,-77.862564,-28.44924,43.15205,74.08793,46.781033,-11.591396,-20.410273
207,5.24178409576416,28.97602653503418,41.6939811706543,-7.134006123526576,23.142756513622057,177.06770496238298,-108.10753,25.26147,-13.764325,135.88617,-44.42015,-4.5817413,-103.92946,-26.67557,0.51580375,133.58105,-42.721214,-0.39889833,3.706411,5.6735764,29.793802,-77.20689,16.33517,-43.29724,74.07357,-37.952152,-4.1353817,20.742685,-77.70473,-28.44244,43.58548,74.66559,46.930782,-11.459418,-20.281881
208,5.448702335357666,29.032793045043945,40.94736099243164,-7.231111011532958,22.379552456265635,177.06678273565888,-108.72414,24.950592,-14.642528,137.24203,-45.018436,-4.7008576,-104.501854,-26.267561,0.96308756,134.83449,-42.97233,-0.122490086,3.8794632,5.9395046,29.793802,-77.15095,15.845195,-43.81327,74.7535,-38.03927,-3.9182327,20.651999,-77.52601,-28.420969,44.11235,75.38264,46.827366,-11.203229,-20.220266
209,5.634292125701904,29.077091217041016,40.420692443847656,-7.240293036150409,21.724321286710627,177.3194566970394,-109.0905,24.768822,-15.085831,138.15031,-45.23419,-4.8899574,-104.84557,-25.7436,1.4855782,135.7447,-43.08087,0.28525108,3.9549513,6.101356,29.793802,-77.0372,15.3906555,-44.06169,75.03775,-37.719982,-3.955989,20.48634,-77.25222,-28.420921,44.33558,75.92727,46.265896,-11.190284,-19.95307
210,5.794631004333496,29.10711669921875,39.96331787109375,-7.303705437978357,21.207527541228576,177.535050189008,-109.64247,24.970196,-15.469799,138.98708,-45.557297,-4.6458273,-105.10169,-25.725103,1.7527192,136.52582,-43.3206,0.36115447,4.0491066,6.28245,29.793802,-77.053314,14.978775,-44.55912,75.353065,-37.464966,-3.8655782,20.363224,-77.118744,-28.432514,44.738132,76.56244,46.061096,-10.921488,-19.735727
211,5.937239170074463,29.122167587280273,39.5400390625,-7.4682275262518605,20.49667051249986,177.95101831697497,-109.803604,24.88365,-15.861459,139.65671,-45.95114,-4.854912,-105.00408,-25.35064,2.1088092,137.2722,-43.535503,0.6691283,4.0593863,6.3738317,29.793802,-76.89115,14.5530815,-44.90447,75.547554,-36.257458,-3.5648336,20.227674,-76.69635,-28.412668,44.849323,77.17976,45.2026,-10.377786,-19.814684
212,6.030492305755615,29.111400604248047,38.994659423828125,-8.418319778241901,20.90653498102715,177.7065224259992,-111.567894,24.803339,-17.10508,140.49031,-46.9619,-4.4971075,-105.79331,-25.809824,1.3049706,137.93138,-43.54408,0.1186786,4.570038,6.860018,29.793802,-77.84239,14.3105,-45.393215,75.36114,-35.591152,-3.8237216,20.164074,-77.39331,-28.566214,45.83055,77.73197,44.779064,-9.981022,-19.70958
213,6.108846664428711,29.101154327392578,38.757080078125,-8.61489239737268,20.705182981841062,177.71810741464256,-111.914764,24.566715,-17.503736,140.9001,-47.09481,-4.43274,-105.97774,-25.805624,1.3179829,138.28708,-43.529724,-0.017896436,4.7385035,6.9191947,29.793802,-77.920044,14.065373,-45.800507,75.59638,-35.67272,-3.8041842,19.594873,-77.227516,-28.643919,46.157196,78.05378,44.8186,-9.757566,-19.238333
214,6.181539058685303,29.104446411132812,38.70431900024414,-7.479494591320256,19.522148418935096,178.20119581288995,-110.43084,24.523888,-16.483305,141.15013,-46.78,-4.807793,-105.68412,-25.474249,2.897378,138.76495,-43.705,0.42960903,4.434815,6.5864177,29.793802,-76.79363,13.611587,-46.33687,76.47675,-36.578392,-3.2221613,18.58661,-76.29459,-28.490276,45.997604,78.510254,45.227222,-9.368781,-18.517202
215,6.182879447937012,29.07188606262207,38.389713287353516,-8.33769824396181,20.088092459131424,177.69346429970258,-111.763306,24.564932,-17.545258,141.65973,-47.77121,-4.4444795,-106.39123,-25.702147,2.046306,139.03635,-43.325245,0.0005134982,4.96225,6.9653316,29.793802,-77.87895,13.378814,-46.895565,76.89505,-36.477337,-3.4485936,18.515106,-77.059814,-28.489645,47.245903,78.97146,45.14658,-8.797247,-17.96693
216,6.152156829833984,29.04761505126953,38.48719787597656,-8.474015075553726,20.086839849280445,177.41169491666437,-111.66808,24.875608,-17.694908,141.61276,-47.78826,-4.2217937,-106.193825,-25.684822,1.7333215,138.79085,-43.03817,0.13612121,5.207095,7.0869207,29.793802,-77.83795,13.144213,-47.35657,77.399124,-36.538254,-3.309566,17.968388,-76.92263,-28.434551,47.786587,79.18208,45.293797,-8.338616,-17.374098
217,6.05210542678833,29.022384643554688,38.9707145690918,-8.52897719468584,20.68931585231475,177.2899121380022,-111.51193,25.147297,-17.292778,140.78018,-47.26359,-3.8730295,-106.07184,-25.681799,1.3798106,137.9955,-42.307026,-0.27344128,5.293943,7.1085405,29.793802,-78.025764,12.93577,-47.9476,77.89875,-37.044895,-3.030836,17.108894,-77.0293,-28.366606,48.454857,79.62951,46.4597,-7.9054637,-16.33728
218,5.900753974914551,29.01531410217285,39.7890739440918,-7.806013083157455,20.536713533064436,177.33627396021103,-109.74872,25.451607,-16.165339,139.61676,-46.24306,-3.450034,-104.96119,-25.053865,1.7351182,136.814,-41.988262,0.022056736,5.1536465,6.8325143,29.793802,-77.22699,12.603519,-48.36485,78.87788,-37.483437,-1.8929646,16.487005,-76.15928,-28.116001,48.5612,79.887245,46.852333,-7.336704,-15.30751
219,5.650056838989258,29.003719329833984,40.77418518066406,-7.736455855267443,21.494458756088665,177.1904553993323,-108.89282,25.915085,-15.230898,137.88744,-45.501556,-3.1459043,-104.33366,-25.008587,1.1381581,135.21059,-41.11643,-0.42956436,5.152495,6.8120823,29.793802,-77.39128,12.3578005,-48.95423,79.38562,-36.81793,-1.1749846,16.333736,-76.19247,-27.903158,49.373425,80.20362,46.28608,-6.4062786,-15.011825
220,5.324245452880859,29.011598587036133,41.81851577758789,-7.586952394773903,22.408083798747896,176.94080247953224,-107.886856,26.505016,-14.282517,136.14445,-44.63672,-2.521346,-103.48271,-25.32186,0.3915892,133.54005,-40.23559,-0.6631558,5.111217,6.634079,29.793802,-77.3372,12.131523,-49.402542,79.82526,-36.988636,-0.56266177,15.980483,-75.90931,-27.6547,50.252094,80.55611,45.980675,-5.46846,-14.433196
221,4.909740924835205,29.05548858642578,43.50843048095703,-7.324065318418288,24.07512319665309,176.1015317852721,-106.402664,26.892454,-12.877781,133.16681,-43.380035,-2.0196307,-102.47077,-25.326378,-0.92793375,130.47261,-39.192554,-1.0808754,5.0868125,6.402377,29.793802,-77.22597,11.989756,-49.537064,79.91568,-37.1546,-0.41486937,15.666248,-75.70695,-27.428692,51.207474,80.77787,45.649067,-4.397957,-13.261233
222,4.452610969543457,29.14384651184082,45.34083557128906,-6.901723149943889,25.291781248108276,175.63335533275307,-104.3027,27.295906,-11.222429,129.93971,-41.903378,-1.5151145,-100.77668,-25.730997,-2.193042,127.3497,-38.228703,-1.9754455,4.7975106,6.1057086,29.793802,-76.5216,11.811923,-50.12194,79.48565,-35.67522,-0.03002554,15.324992,-74.890366,-27.113775,51.955257,80.687645,42.670483,-3.105854,-12.751097
223,3.966536045074463,29.297334671020508,47.56660842895508,-6.015215080883686,26.60819367663169,175.67603546382347,-101.63814,27.723146,-8.648263,125.71635,-40.290474,-1.1263288,-98.67397,-25.749056,-3.1305459,123.35572,-37.490993,-2.154153,4.606623,5.9182196,29.793802,-75.91358,11.663412,-50.83325,79.38666,-32.763096,0.5997908,14.827155,-74.3235,-26.796839,52.710064,80.71421,38.717022,-1.6296972,-11.825584
224,3.475123643875122,29.507204055786133,49.87626647949219,-5.636405251679342,27.66754189694907,175.4468214712521,-98.98078,27.672228,-6.924335,121.378654,-38.55381,-0.4089641,-96.00167,-25.494978,-4.7371206,118.98361,-36.155746,-2.0774438,4.4962306,5.799332,29.793802,-75.09345,11.63216,-50.896168,79.29232,-31.390547,0.97841763,14.354902,-73.66673,-26.582424,53.138794,80.50558,35.849,-1.0609403,-11.269229
225,2.980372428894043,29.77372932434082,52.60769271850586,-4.8419900244444944,29.054972441248925,176.05045774233076,-95.9168,27.512083,-4.227574,115.67926,-36.054935,-0.6589473,-93.09436,-25.541685,-6.23657,113.67501,-34.81077,-2.0556252,4.3227935,5.524808,29.793802,-74.144264,11.752473,-50.45396,79.134056,-29.912525,1.598392,14.0939455,-72.87006,-26.424633,53.058662,79.92358,32.237923,0.014711332,-10.638718
226,2.509003162384033,30.087614059448242,55.03200912475586,-3.9601682416971804,29.20494755640645,176.51810578740364,-92.34293,27.417313,-2.0232627,110.97503,-33.98821,-0.6081265,-89.7525,-24.722517,-6.9675326,108.967415,-33.60065,-1.8401395,4.1774507,5.127746,29.793802,-72.74342,11.988245,-50.2688,78.91743,-27.553059,1.804989,13.64542,-71.84918,-26.28116,53.32281,79.53821,28.504404,0.5471465,-9.798789
227,2.0213100910186768,30.418500900268555,58.20223617553711,-2.618537738231429,29.85558899856617,176.86378892284154,-87.83874,26.138008,0.7993564,104.18114,-31.637447,-1.1493007,-85.880936,-24.42882,-8.117394,102.22184,-31.929415,-1.907912,3.8506129,4.6627483,29.793802,-70.7395,12.341977,-49.434,78.74611,-25.41798,1.9437699,13.186272,-70.16649,-26.171196,53.162663,78.69114,23.54728,0.738886,-8.684513
228,1.5385477542877197,30.726215362548828,60.672645568847656,-1.8604494421195739,29.432115009641475,177.27171018998874,-83.656525,25.944239,2.8977149,99.12132,-29.334663,-1.2297809,-81.86264,-23.70188,-8.937741,97.00953,-30.426964,-1.8558664,3.5762548,4.1743226,29.793802,-68.72599,12.782027,-48.514114,78.66642,-24.345127,2.0789945,12.487139,-68.80213,-26.07335,52.72895,77.99447,21.04793,0.8383089,-7.7067027
229,1.0309497117996216,30.98844337463379,63.57196044921875,-1.2883767088682105,29.37415185012736,177.20693845446053,-78.81882,25.158197,5.0530767,92.38996,-26.813814,-1.8197443,-77.39943,-23.074614,-10.456073,90.21591,-27.95643,-1.7182614,3.1915927,3.4517238,29.793802,-66.172966,13.380883,-47.07368,78.912285,-22.753168,2.1727192,12.891722,-66.82698,-25.957754,51.20328,76.49933,17.784958,1.108288,-7.6134458
230,0.5077329277992249,31.184354782104492,66.45277404785156,-1.0102414736976921,29.717304895829468,176.88877595335364,-74.30756,24.649662,7.26208,85.26428,-23.95584,-1.8716705,-72.9214,-22.256367,-12.347079,82.491554,-25.625273,-1.5995278,2.8255615,3.0324223,29.793802,-63.13457,14.121122,-45.450714,78.637794,-21.820683,2.2752075,13.435174,-64.98249,-25.900545,49.098637,74.94861,15.158431,1.7963629,-7.793313
231,0.0015589098911732435,31.305356979370117,68.89606475830078,-1.0839520688575328,29.37851430371318,176.228260618735,-69.580734,24.05945,8.796352,78.79564,-21.503574,-2.2509315,-68.38097,-21.24947,-14.076876,75.637794,-23.158125,-1.1090168,2.5066836,2.482791,29.793802,-59.352802,14.94014,-43.77773,78.434326,-21.446901,2.5591888,14.290464,-62.362976,-25.820599,47.08465,73.03491,12.973104,2.4152615,-8.41928
232,-0.47500836849212646,31.359222412109375,71.84011840820312,-0.9680441822626191,29.042427312278058,175.83456045690554,-63.83486,23.190115,11.193676,70.25289,-17.969893,-2.5305874,-63.056557,-20.00908,-15.797262,66.73387,-19.34352,-0.79622716,2.0118499,1.8963997,29.793802,-54.540302,15.881323,-42.697414,78.509674,-21.178997,2.7524073,14.778507,-59.054012,-25.67938,44.771355,71.16386,12.447128,2.8439603,-9.549197
233,-0.8895810842514038,31.36345672607422,74.15762329101562,-0.9929217926848087,28.067645956816683,175.39954166223885,-57.958153,22.667313,13.578652,62.629948,-15.081706,-3.6480675,-57.73506,-18.785812,-17.26941,58.940617,-16.2956,0.5065519,1.809934,1.5902681,29.793802,-48.508427,16.77128,-40.929726,78.570915,-22.403818,2.3544452,15.235504,-55.339417,-25.539188,42.26216,70.2359,12.790502,2.665823,-10.037406
234,-1.2339353561401367,31.33562469482422,76.52446746826172,-1.4000527380350973,26.99317042409795,175.3973975356345,-51.921738,22.136753,15.890313,54.016373,-12.083915,-4.174552,-52.10313,-16.68711,-18.197342,50.25376,-12.059472,1.7042484,1.5065708,1.5861219,29.793802,-42.468224,17.367077,-39.3888,77.19663,-21.68238,2.73941,16.05201,-50.827698,-25.134624,39.634407,68.51341,11.733279,3.1884627,-11.52565
235,-1.4979009628295898,31.318613052368164,78.71310424804688,-1.8459305368595396,25.882617416240855,175.18893051497227,-45.96939,20.857162,17.197376,44.71424,-7.16533,-4.7265425,-47.0181,-14.525082,-18.345284,42.391666,-8.716362,2.7846115,1.1739755,1.4658362,29.793802,-36.72516,17.976673,-37.858562,76.99868,-22.328396,3.199134,15.37308,-46.507137,-24.656178,37.83002,67.725174,12.66113,3.2504294,-11.276693
236,-1.6648283004760742,31.336406707763672,80.3626937866211,-2.432697989607228,24.387316010954105,175.56699667372993,-40.716133,19.171442,16.5776,36.209316,-2.603597,-5.3177752,-42.26277,-12.388316,-17.241882,36.495975,-6.5478573,3.2494025,0.8170537,1.4268572,29.793802,-31.100367,18.541622,-36.175068,75.926025,-21.92729,4.0884705,14.711395,-42.188354,-24.11257,36.159004,66.61448,12.729453,3.3262112,-11.331786
237,-1.7190274000167847,31.429485321044922,81.56278228759766,-3.0760780602484585,22.372202281064357,175.53157808357386,-34.349167,18.202492,17.036749,26.820993,2.1800544,-6.450812,-37.41273,-10.361605,-15.819716,31.737793,-5.094954,3.7450693,0.18909155,1.2463542,29.793802,-24.815725,19.056204,-34.781223,74.563286,-22.67198,4.132992,14.286471,-37.74931,-23.505558,34.847305,65.87534,12.111969,3.3314795,-11.255325
238,-1.6523308753967285,31.616863250732422,82.18695831298828,-4.0965467832685665,20.596020433062346,175.08513118069928,-28.55713,17.844215,17.527897,17.49994,6.390111,-7.491905,-32.966396,-8.225483,-14.602015,27.752535,-4.6740527,3.7580066,-0.29940778,1.3363674,29.793802,-18.953236,19.497595,-33.361374,72.31257,-22.387695,4.1545177,14.279276,-33.447098,-22.805305,33.883556,65.08412,11.178617,3.6381347,-10.907375
239,-1.4234613180160522,31.918447494506836,82.6487808227539,-4.930416169647863,18.379090129617925,174.94398444302175,-23.565596,17.70318,18.410887,9.571378,10.01624,-8.178628,-28.462757,-6.317113,-14.072448,23.959013,-3.6911886,3.5338755,-0.70546395,1.7868696,29.793802,-13.923093,19.879213,-30.988949,69.71224,-24.063019,4.670193,14.314346,-29.713778,-22.255882,33.37102,64.61382,11.495098,3.8627133,-10.851519
240,-1.0213360786437988,32.331993103027344,82.92583465576172,-5.756868213235027,16.569694398709487,175.0374210845862,-21.717154,17.949764,17.563185,6.08659,11.494647,-9.236491,-24.805016,-4.803833,-15.001923,20.669065,-3.20019,2.4957793,-0.9464229,2.1035485,29.793802,-10.099821,20.384693,-29.626934,67.90882,-23.30878,4.7351775,13.572569,-26.420218,-21.826347,32.99535,63.861534,11.260238,4.1662073,-10.609445
241,-0.41354554891586304,32.85839080810547,83.15415954589844,-6.061067053889703,14.856191202661655,175.46071566009306,-21.078804,18.121767,16.39713,5.8701997,11.816524,-10.121624,-22.209377,-3.9361963,-16.019026,18.82849,-2.9266067,1.46165,-1.1528394,2.3526566,29.793802,-7.551172,20.864202,-28.584023,65.95013,-22.446249,4.828196,13.040011,-23.58288,-21.46728,32.64825,63.208458,11.223553,4.2107706,-10.404609
242,0.39896509051322937,33.48237609863281,83.64453125,-5.571826219593246,13.631013013237343,176.1272842930661,-19.577995,17.53971,16.71581,5.848454,11.132981,-10.04257,-19.637226,-3.720721,-17.32515,15.451605,-1.5335729,0.5093845,-1.4825474,2.1431112,29.793802,-5.6588764,21.144178,-27.568815,64.01825,-21.524519,5.179188,13.217291,-21.032719,-21.189953,32.5457,62.465633,10.77493,4.5756674,-10.315771
243,1.4045320749282837,34.16562271118164,84.18621063232422,-4.4565154469692665,12.749516376208058,176.6975881702632,-17.234707,16.317253,17.466246,6.0610933,9.579558,-9.304722,-17.819242,-4.052224,-18.237892,12.262708,0.4054402,0.1447482,-1.975564,1.6603332,29.793802,-4.593966,21.48118,-27.033653,62.635674,-19.65302,4.8653984,12.752335,-19.106775,-21.021807,32.60154,61.73992,9.865982,4.7438803,-10.458737
244,2.586958885192871,34.8591423034668,84.70604705810547,-3.0896952186023614,11.486138920388514,178.2821837449929,-14.066964,14.465614,18.841208,7.586927,7.048376,-8.161374,-15.997904,-4.686585,-18.694752,9.784172,2.6230392,0.23186493,-2.7893925,0.8276424,29.793802,-3.8650177,21.84943,-26.654955,61.226562,-19.361269,4.285968,13.058356,-17.617645,-21.001013,32.300083,60.441147,9.091045,4.946689,-10.312506
245,3.8891091346740723,35.52262878417969,85.09992218017578,-1.706894827327974,10.327628528725185,179.45600233160238,-13.035471,13.467314,18.387981,15.464283,1.997667,-6.945462,-14.728129,-5.3587003,-18.668734,7.748985,4.480823,0.46874177,-3.351727,0.12617579,29.793802,-3.225118,22.21166,-26.173357,59.459553,-18.446033,4.127672,12.720014,-15.910219,-21.07889,31.938864,59.00041,8.240129,4.8016534,-10.569006
246,5.274747848510742,36.108036041259766,85.33606719970703,-0.7972616206518353,9.148640059779982,-179.1369038431197,-10.933245,12.295907,15.910279,22.683514,-1.9572557,-6.548946,-13.849212,-5.711357,-18.487846,6.492296,5.983936,0.69541913,-3.8307917,-0.1976717,28.447683,-2.2711272,22.52651,-26.099318,57.969444,-16.865105,4.014699,12.029194,-13.522322,-21.125193,31.258444,57.51025,8.055218,4.475224,-11.344232
247,6.716936111450195,36.58763122558594,85.43272399902344,-0.32122396792807345,7.771776572270385,-178.5580363834311,-7.6271744,11.253473,12.082168,27.449287,-4.4712305,-7.063859,-13.453695,-5.818874,-18.263361,6.3607516,7.0294867,0.32486114,-4.227481,0.032425806,25.733707,-0.8058501,22.572853,-25.598518,56.980423,-17.367458,3.117678,12.208815,-10.52782,-21.006433,31.008234,56.594086,8.04362,3.8340206,-11.490045
248,8.18137264251709,36.94080352783203,85.46770477294922,0.06244403987081379,6.956889495646205,-178.2877811808005,-4.10266,10.563956,10.082301,30.174534,-6.2203226,-7.593317,-13.666766,-6.0629168,-18.640215,6.2407584,7.8912845,0.11514308,-4.795328,0.14383844,23.34802,0.22211884,22.55268,-25.444654,56.19434,-17.326397,1.8606392,12.970007,-8.193221,-20.813963,30.846659,55.83039,7.8136625,3.3774743,-11.774891
249,9.673910140991211,37.157840728759766,85.42662811279297,0.29670361967253,6.208158276046742,-177.9756054133844,-0.016278187,9.51519,7.2959957,30.34621,-6.8499737,-8.390007,-13.90859,-6.4361105,-19.714848,6.1787086,8.669586,-0.29674095,-5.2237544,0.19143586,20.97237,1.07692,22.46276,-25.106028,55.26443,-16.503164,1.2297814,13.888597,-5.4209924,-20.460583,30.073112,54.787666,7.990071,2.8539927,-12.477801
250,11.191862106323242,37.244136810302734,85.33805847167969,0.44341369682083726,5.87819677939128,-177.99251062936688,4.458667,8.363357,5.5126185,26.413168,-6.686461,-8.588299,-14.706136,-6.730688,-20.508638,6.1216,9.066709,-0.48250285,-5.571987,0.0021475654,19.063532,1.2293544,22.365604,-24.472244,54.71174,-15.960953,1.1181163,14.536068,-3.351548,-20.02395,29.255604,54.08371,7.483174,2.9135845,-12.774161
251,12.76123332977295,37.218326568603516,85.09105682373047,0.4193154932079408,5.293935218284917,-177.89939750569903,8.401084,7.979498,5.578415,20.491598,-7.3123326,-8.379336,-15.301342,-6.939092,-21.220798,6.111875,9.680996,-0.28880745,-5.783231,-0.1546029,18.011095,0.48256916,22.293213,-24.590578,54.226227,-14.331312,1.2476754,14.64512,-1.8616544,-19.520248,28.400784,53.976276,6.9512105,2.7568743,-12.186802
252,14.383077621459961,37.10794448852539,84.7750244140625,0.19220945434113726,4.956694339372465,-177.98912527331424,13.013615,7.3808627,6.1135,10.962841,-7.7686653,-7.728442,-16.197947,-6.96535,-21.884333,6.081819,9.691858,-0.32378232,-5.95419,-0.3998029,16.956196,-0.0947331,22.092464,-23.608917,53.208633,-13.481223,2.2077603,15.765018,-0.16965017,-18.904379,27.312078,53.48911,5.8782377,3.5974267,-11.749164
253,16.055768966674805,36.9532356262207,84.51043701171875,0.4478394726282905,4.460540933522022,-178.03805717135617,14.198287,6.815427,6.7383833,6.917671,-9.623588,-6.7738743,-16.87917,-7.505447,-22.115337,5.981919,10.082626,0.40911493,-6.2888317,-0.72320366,16.525673,-1.5215533,22.0077,-23.421577,52.855366,-12.576925,2.571125,15.722246,0.8954922,-18.272024,26.785341,53.660683,5.2676024,4.3208,-11.127724
254,17.72632598876953,36.77921676635742,84.5777359008789,1.17616936729709,3.9912232212279792,-178.26715391800792,13.052864,5.798472,7.875493,6.808275,-11.718638,-4.893132,-17.246658,-8.625495,-21.162598,5.851074,9.257535,2.5398214,-6.361199,-1.8332329,16.720533,-3.3922024,22.003017,-23.168482,52.81724,-10.381091,3.3362098,14.500168,1.6207192,-17.597162,26.52798,54.18131,4.1613626,5.1468344,-10.348798
255,19.369312286376953,36.60622787475586,84.69185638427734,2.2248837392922107,3.5386349648191655,-178.40046839681318,12.062212,4.3406315,8.299862,6.789951,-12.300781,-3.1957202,-17.481205,-10.3172035,-20.527067,5.730714,6.897746,5.246269,-6.5975385,-3.2166054,17.131256,-4.591587,22.019737,-23.732666,53.19478,-8.250104,3.6147497,13.89247,2.361282,-17.160242,26.492601,54.845764,3.1782026,5.627523,-10.382326
256,20.967885971069336,36.44210433959961,84.86934661865234,2.777813670278194,3.4760550726074184,-179.01747146131177,10.878265,3.3639061,8.578204,6.7508025,-12.245734,-2.0437167,-17.790062,-11.544717,-20.363667,5.62905,4.643866,7.1046424,-6.5481267,-4.3626866,17.69741,-5.416308,22.028372,-24.193417,53.875053,-6.92535,3.7574682,13.2931595,2.6160846,-16.776176,26.6661,55.701088,1.7182344,6.5102277,-10.232029
257,22.517887115478516,36.29637908935547,85.22615814208984,2.9269710254386014,3.2654178469603212,-179.6454986549847,9.838954,2.8591638,8.655484,6.6996293,-11.339598,-1.4205526,-17.603876,-12.143332,-20.262333,5.686527,2.6836793,7.622344,-6.2546325,-5.062249,18.06789,-5.3141527,21.931114,-24.861567,55.045994,-6.1088867,3.7212842,12.800205,3.0497353,-16.2416,26.861538,56.668766,1.2800012,6.645244,-10.390953
258,24.013683319091797,36.173614501953125,85.6989974975586,2.5144318330704345,3.6132906964216684,179.71276297790112,8.3554945,3.3117046,9.815686,6.5428934,-9.791385,-1.5729743,-16.899895,-11.408552,-18.768621,5.9151926,3.23079,7.142924,-5.6992207,-5.1615195,17.960262,-4.6949506,21.760117,-25.481613,56.465904,-6.913098,3.8805277,12.448512,2.9460146,-15.705534,27.519041,57.76512,0.68484336,6.99683,-10.07848
259,25.465768814086914,36.08051681518555,86.34366607666016,1.5111273003473213,4.001833948885438,179.3471917997951,7.028904,4.932297,12.631553,6.2179813,-7.5271163,-2.3881428,-15.071276,-9.58941,-17.688663,6.2239795,5.544478,5.6273794,-4.878284,-4.733571,17.362915,-3.42099,21.472017,-26.286852,58.358055,-8.33276,3.6971533,12.242627,2.6979325,-15.186781,28.455143,58.91721,0.83457065,6.5444865,-9.967314
260,26.878646850585938,36.027015686035156,86.90487670898438,0.24383353185028145,4.1641199526861845,178.97384340069692,6.03986,6.753346,14.814348,5.7696004,-5.7698245,-2.982273,-14.407332,-8.385716,-16.737926,11.057499,5.222649,4.6353817,-4.210927,-4.2660527,16.072515,-1.8580649,21.188585,-27.02617,60.166893,-9.442272,3.6801522,11.761873,2.8546972,-14.840429,29.263159,59.77202,1.012215,6.1989765,-9.557483
261,28.266510009765625,36.02664566040039,87.23200988769531,-0.19997807563531017,4.117747038682601,179.083579522707,5.0693073,7.5454383,16.026752,5.5105333,-4.397394,-3.234761,-15.605521,-9.121834,-16.394823,20.710505,1.189294,4.068225,-3.5349493,-4.1235094,15.461194,-0.4424878,20.850056,-28.129593,61.09791,-9.059919,3.496778,11.619063,2.9560444,-14.599935,29.754389,60.544235,1.0355513,5.481928,-9.957289
262,29.649940490722656,36.06450271606445,87.60590362548828,-0.5943057824523039,3.657267349596529,179.92542386412097,4.372411,8.477845,17.490137,5.4451504,-2.7834342,-3.4449594,-15.021856,-9.91094,-15.759865,28.487873,-2.6534152,3.5409422,-3.1824923,-4.3539033,14.147886,1.2381551,20.539919,-28.883905,61.77584,-8.327377,3.7909126,10.445742,3.4133759,-14.569134,29.945826,61.196396,1.3373327,4.3813405,-10.04044
263,31.034542083740234,36.14340591430664,87.80187225341797,-0.7126982107833109,3.3023875334735937,-179.87237292276333,3.8327968,8.9674225,18.967087,5.104204,-1.5554062,-3.5105038,-13.32529,-10.783,-15.7604,33.20317,-5.680326,3.7169862,-2.5725715,-4.525711,13.139349,2.121233,20.281153,-29.314177,62.482887,-7.8248043,3.983157,10.12663,3.571538,-14.649893,29.936628,61.096626,0.6307488,4.341118,-9.750282
264,32.42343521118164,36.25099182128906,87.97099304199219,-0.7939018799356365,2.8619258915199004,179.96539128212453,3.4257696,9.473044,20.737856,4.9192343,-0.4903654,-3.4214902,-10.841861,-11.242399,-14.933494,37.096268,-7.7659936,4.1438475,-1.8878403,-4.5957303,11.8178,3.1999664,20.04798,-30.044098,63.16038,-8.261064,3.904494,9.617725,3.8372877,-14.687718,29.889336,61.185112,0.25869927,4.1708503,-9.499883
265,33.81420135498047,36.37907028198242,88.13240814208984,-0.9487846878722936,2.2141409041012534,-179.74229372296645,2.8373044,9.9888,21.445988,5.174691,0.2828699,-3.4566624,-7.85713,-11.391767,-14.169158,38.57555,-8.773608,4.5971866,-1.0337884,-4.6349635,10.623378,4.094997,19.852226,-30.039612,63.666122,-8.196986,3.6987538,9.116829,4.1992583,-14.699213,29.533545,61.020885,-0.47879842,4.21075,-9.154976
266,35.19267272949219,36.52326965332031,88.27714538574219,-1.088664802846127,1.6274241428906229,-179.22352545126225,2.2325854,10.482517,22.238623,5.2656627,1.3690152,-3.4213054,-4.4805174,-11.23798,-13.4810705,37.78974,-8.771914,5.0842576,-0.16226745,-4.626669,9.638617,5.081763,19.67401,-29.495924,63.62633,-8.538087,3.5690923,9.369117,4.4434533,-14.728225,29.221235,60.53233,-0.831088,4.1915483,-9.081134
267,36.540565490722656,36.671630859375,88.45185852050781,-1.6668582831808936,1.6129914794724567,-179.3406496703663,1.317131,11.367861,22.978579,4.902272,2.5287344,-3.5063179,-0.4037189,-10.198644,-12.429,34.319187,-8.329744,6.0619864,0.80120206,-4.529862,8.599394,5.773626,19.602423,-29.053738,63.78846,-8.737786,3.337427,8.591226,4.4065523,-14.782902,29.287521,60.112682,-1.112918,4.0674033,-8.730266
268,37.86373519897461,36.83277130126953,88.5409927368164,-2.005943481497332,1.4116208763481495,-179.6486661237459,0.33243644,12.008141,23.18665,5.1637225,3.457611,-3.7945468,2.9900987,-9.201204,-11.432257,30.025766,-7.701174,6.6291924,1.4474307,-4.306965,8.102747,6.4075847,19.503654,-28.18052,63.444157,-9.334134,3.3694696,8.61441,4.17984,-14.833487,29.127428,59.23544,-0.9241366,3.9370527,-8.796687
269,39.15879440307617,36.99370193481445,88.62433624267578,-2.65458420850047,1.206360689780491,-179.57777838534795,-0.75145155,13.073136,23.503698,5.55422,4.2876544,-4.632282,6.9933615,-7.847781,-11.641489,22.455643,-7.4000607,6.96854,1.942733,-3.917513,7.9807997,6.6895537,19.4364,-27.49019,63.432743,-9.857019,3.0136237,8.880419,3.4565086,-14.9044485,28.978327,58.02694,-0.82959396,4.2660775,-8.677762
270,40.428096771240234,37.1596794128418,88.68769836425781,-3.132996823579201,1.1967794845610942,-179.62838338495013,-1.8774116,13.884257,23.877768,5.6416597,5.3487554,-5.013416,10.066055,-6.4754987,-11.623753,15.151895,-7.3513937,6.93243,2.1984966,-3.7823644,8.0912285,6.948088,19.389368,-26.626806,62.997044,-9.693724,3.2212741,8.943434,2.8047585,-14.92593,28.70355,56.32483,-0.5877401,4.4982724,-8.928161
271,41.68107223510742,37.33546447753906,88.64714050292969,-3.3533106904533256,1.457753582765929,-179.96707910645492,-3.1408546,14.482345,24.730474,5.6588874,6.57292,-5.722807,11.66627,-5.3900213,-11.78123,9.810951,-7.014816,6.5728717,2.2660506,-3.6194477,8.478624,7.2225227,19.33268,-25.785143,62.704823,-9.571454,3.3675442,9.46416,1.8555632,-14.921637,28.415655,54.718273,-0.80994403,5.108699,-8.777969
272,42.93313217163086,37.514923095703125,88.60362243652344,-4.262060824231998,1.962531247457765,179.3626909964494,-4.6706896,15.752194,24.99501,5.4981008,7.9759855,-6.6718826,11.695211,-4.308562,-12.986729,7.04547,-7.644828,5.6890516,2.213597,-3.459264,9.328148,7.1501927,19.306551,-25.082466,62.595455,-8.327075,3.4725366,9.647504,0.47280306,-15.026065,28.407091,53.571022,-0.63343126,5.096586,-9.010452
273,44.2005615234375,37.731163024902344,88.48770141601562,-5.05304279776821,2.557427851060567,178.4645950048302,-6.1905613,16.778273,25.409704,5.2353873,9.2906475,-7.6757464,10.090893,-3.4134636,-13.287944,6.9419355,-8.572171,4.8023014,2.0745575,-3.1126518,10.393408,7.1181893,19.326242,-24.635185,62.22298,-8.031945,3.8645363,9.939172,-1.2481977,-15.146022,28.741917,53.234364,-0.9271476,5.5203576,-8.816913
274,45.508731842041016,38.00416946411133,88.43406677246094,-6.184473197026062,2.6507375678065155,177.8366691591152,-7.300141,17.895752,26.32533,5.0073667,10.154906,-8.627595,8.787726,-2.1249447,-13.977571,6.980434,-8.571782,3.5629706,1.5617802,-2.5287437,11.843633,6.8525963,19.373398,-24.519539,61.936848,-7.6641436,3.9338357,10.843961,-3.1328218,-15.460329,29.332195,53.692986,-1.0423778,5.285098,-8.605236
275,46.87082290649414,38.36662292480469,88.44115447998047,-6.895879363215165,2.7326731669997613,177.44301000834818,-8.409041,18.582628,26.94682,4.6540504,10.476215,-9.437323,7.474954,-1.1084564,-14.557067,6.999354,-8.688915,2.428838,1.2374053,-1.8939006,13.170027,6.4942474,19.38869,-24.888468,61.54101,-7.450486,3.8289082,11.402498,-4.4757724,-15.804143,29.906425,54.189835,-1.646026,5.2828293,-8.793821
276,48.288658142089844,38.831077575683594,88.59230041503906,-7.252256223919671,2.7867476386696586,177.31573778106036,-9.128818,19.325453,27.618666,4.3007627,9.801316,-10.021941,6.137436,-0.25477055,-14.790958,7.003194,-8.3182955,1.3037283,1.0539368,-1.1454228,14.508424,6.2224164,19.411566,-25.160784,60.94986,-7.7746987,3.752411,12.229993,-5.4514723,-16.247334,30.510714,55.689693,-1.8053077,4.6945786,-9.046395
277,49.760311126708984,39.39404296875,88.89033508300781,-7.092787654042592,2.637643987172325,177.3352076936311,-9.554146,19.947355,28.07548,4.2873054,8.79171,-10.306265,5.006595,0.12711868,-15.027433,6.9798384,-7.8708262,0.0899284,0.7808529,-0.48867002,15.687253,5.6032023,19.316061,-25.748863,60.790756,-8.247332,3.5349393,13.021077,-5.7353144,-16.62088,30.993423,57.28191,-1.3197026,4.7192426,-9.29795
278,51.27124786376953,40.02906799316406,89.2381591796875,-6.7030519524123475,2.6396381230659984,177.49286902610118,-9.276946,20.097397,28.487705,4.67899,7.8096704,-10.218751,3.686474,0.4050834,-14.871626,6.892741,-6.9765844,-0.8926375,0.49043322,0.028732857,16.316614,5.2770844,19.163177,-26.228489,60.736813,-7.7654185,3.275455,13.399336,-5.4612174,-16.930141,31.433826,59.21605,-0.8445449,4.283723,-9.243161
279,52.80851745605469,40.704498291015625,89.69837188720703,-5.641352722994919,2.590099275751624,177.9852299718446,-8.308649,19.501999,27.513176,5.618667,6.9114037,-9.790213,2.429389,0.033930067,-14.359439,6.779648,-5.920728,-1.3194345,0.0765656,0.32688105,16.523363,4.9337907,18.999292,-26.994307,60.77851,-8.188038,2.9162424,13.722955,-4.647579,-17.117352,32.161995,61.122917,-0.88528204,4.2840276,-9.209016
280,54.35499572753906,41.36953353881836,90.13184356689453,-4.529535320088177,2.291765253888545,178.45267777490974,-6.330832,18.323372,27.528582,6.2341347,5.5690317,-8.702818,1.4313326,-0.44664827,-13.821649,6.650719,-4.333226,-1.1837127,-0.3441302,0.31282258,16.33086,4.8196373,18.781174,-27.650948,60.927204,-8.556265,2.5481708,13.6829815,-3.6569786,-17.235268,32.69571,62.771606,-0.85298926,4.1178937,-8.987224
281,55.88690185546875,41.977508544921875,90.42098236083984,-3.3909415870785495,2.04442350143925,179.0706264538627,-4.367341,16.672913,26.001003,8.22401,3.6789002,-7.7849708,0.45161363,-1.0784762,-13.465371,6.532133,-3.3180358,-0.5382687,-0.6125245,0.105509534,15.805209,4.9369593,18.58145,-28.130743,60.939716,-9.17638,1.9537655,13.681683,-2.3959868,-17.261745,33.0707,64.0675,-0.6278276,3.923125,-8.855874
282,57.390830993652344,42.492958068847656,90.68098449707031,-2.379176617946894,1.483650050584587,179.55367627003127,-4.522587,16.32435,22.762426,17.660831,-2.1040487,-6.832418,-0.2773097,-1.5369151,-12.465428,6.4544663,-2.0538607,-0.13280441,-1.0609765,-0.07838509,14.879674,5.464831,18.372015,-28.162561,60.92972,-9.596109,1.3939503,13.615335,-0.9581571,-17.192358,33.25159,64.84447,0.37522638,3.6667788,-8.97467
283,58.84455490112305,42.88081359863281,90.79869079589844,-1.8912837483391938,1.0321286655922017,-179.86973097938665,-3.9645524,15.585212,19.325392,25.156855,-5.5218368,-6.2009993,-0.9943946,-1.6565212,-12.107097,6.3588877,-0.96741515,0.22047389,-1.522009,-0.14548688,13.627015,6.0920715,18.195505,-28.340597,61.245163,-10.905305,1.1960493,12.513126,0.4381364,-17.005281,33.163467,65.35158,1.9133381,3.384887,-9.159689
284,60.234622955322266,43.14341354370117,90.97858428955078,-1.1781551867332,0.8017853015082744,-179.15162048313914,-2.6139312,14.900204,16.05742,32.565735,-7.5734277,-6.255778,-1.8754947,-2.2077024,-11.841315,6.2598085,0.26421082,0.14695568,-2.3751454,-0.049908858,12.386193,6.7852297,18.06053,-28.430178,61.5831,-12.559308,0.7200123,11.8631,1.5076387,-16.803425,32.63481,65.33681,2.8017893,3.2048333,-9.39261
285,61.5590934753418,43.25892639160156,91.03932189941406,-1.0065965836428665,0.5965325904105031,-178.85433580428955,0.16449594,13.745447,13.495263,35.048748,-7.762024,-6.505037,-2.6651893,-2.5387,-12.752837,6.1591806,1.6357741,0.01173262,-3.0252426,0.070562795,10.976677,7.6015964,17.91867,-28.603857,61.71314,-13.234999,0.5348777,11.437781,2.7933555,-16.532541,32.244507,65.20725,2.9321895,2.768277,-9.650022
286,62.81499099731445,43.24147415161133,91.04065704345703,-1.0161082774802592,0.8136199221407735,-178.98177378707547,3.5257566,12.384936,10.425956,34.760254,-7.4238925,-6.9695845,-3.9477253,-2.702161,-13.387004,6.077039,2.490358,-0.28970715,-3.634325,0.21057698,9.677334,8.426505,17.769392,-28.248209,62.323624,-14.243664,-0.0028775802,10.992606,3.9418318,-16.156462,31.620852,64.85349,3.25128,2.7064362,-9.791182
287,64.02997589111328,43.11359405517578,90.94771575927734,-1.2986456722714579,0.7976873841383771,-179.16804911162544,7.6609073,11.40122,8.63528,31.266712,-7.43258,-7.4495454,-4.8765483,-2.8396473,-14.901862,6.05798,3.2786653,-0.6972153,-4.2553735,0.2421899,8.603243,8.9047165,17.585693,-27.88323,62.35715,-13.218976,0.28341314,11.053314,4.994988,-15.765256,30.898958,64.490814,3.278875,2.4603002,-9.961634
288,65.2171401977539,42.908973693847656,90.89091491699219,-1.414395839956554,1.0900978607435752,-179.39389836060155,11.893012,10.754659,8.819182,25.956451,-7.2257953,-7.648511,-6.1788273,-3.1133873,-15.859941,6.049159,4.063227,-0.9551207,-4.8255463,0.13650829,7.8956804,8.956929,17.49662,-27.30023,62.268864,-12.541321,0.545378,11.322743,5.5699778,-15.337541,30.098671,64.019066,2.8168666,2.5836527,-10.053194
289,66.41006469726562,42.66338348388672,90.83522033691406,-1.335809384061302,1.3859137962581491,-179.6944699865985,16.026592,10.017092,10.316234,18.445318,-7.3956227,-7.697354,-7.5260525,-3.6073613,-16.676264,6.0417876,5.2262955,-0.8968499,-5.2968383,-0.08962788,7.523405,8.624898,17.499088,-26.544601,61.9947,-11.719668,1.0216358,11.805585,5.533135,-14.953426,29.406551,63.651165,2.4708593,2.915923,-9.591715
290,67.6324691772461,42.404754638671875,90.74983215332031,-1.2687568915731158,1.8680647752158432,-179.97614671703369,19.516737,9.034668,12.062294,9.362153,-7.0548563,-7.4402256,-9.13834,-4.002232,-17.10551,6.004443,6.3267574,-0.57004935,-5.605838,-0.28971466,7.5413055,7.8132553,17.584211,-25.98902,61.168438,-11.038862,1.584018,12.737568,5.268032,-14.610553,28.985064,63.0428,2.2076902,3.4047394,-9.521288
291,68.89410400390625,42.16127395629883,90.61917114257812,-0.9597264956048971,2.0637830625869635,179.93401475634798,19.30006,8.435708,12.922193,6.8606553,-8.893379,-6.838002,-10.459969,-4.6267953,-17.291048,5.9415374,7.351146,0.1448057,-6.007559,-0.5355771,7.883032,6.6306067,17.778618,-25.932281,60.839436,-10.332736,2.0255113,12.69192,4.857566,-14.3190975,28.363485,62.008743,2.0883214,4.123912,-9.286029
292,70.16065979003906,41.944881439208984,90.573974609375,-0.39279065286668624,2.405452829831763,179.87895312374974,17.77899,7.716593,13.876529,6.719082,-11.127614,-5.64803,-11.89395,-5.5253143,-17.268192,5.8324623,7.921174,1.3170651,-5.9029965,-0.964104,9.052716,4.381811,18.062464,-25.591946,59.98754,-9.422063,3.3003473,13.0075035,4.1077285,-13.997129,27.85193,60.932373,1.2716135,5.062803,-9.071444
293,71.41523742675781,41.76230239868164,90.63255310058594,0.37801320513081044,2.6672463768674994,179.90665435372887,16.425913,6.6384,14.157822,6.5797696,-12.011228,-4.589643,-12.94829,-6.7567997,-16.774364,5.7602205,7.6016474,2.6695306,-5.8631854,-1.6258632,9.920247,3.0684152,18.406645,-25.470587,59.512302,-8.477036,3.9106882,13.15719,3.530424,-13.708011,27.488522,60.251015,0.6896254,5.606315,-9.236328
294,72.63465881347656,41.608612060546875,90.76514434814453,1.43498535971023,2.733111974727947,179.3058363593099,15.315181,5.088753,14.009858,6.244041,-12.009878,-3.5294976,-14.026084,-8.359318,-16.25906,5.708529,6.3256135,4.806172,-5.8098187,-2.8058867,11.198865,1.4893457,18.835545,-25.200972,59.505737,-6.9490795,3.896803,13.617614,2.673101,-13.462786,27.230984,59.513203,0.36493346,6.3234253,-9.440435
295,73.79127502441406,41.464820861816406,90.91397857666016,2.1310506474549813,2.923479097430033,179.11103994996216,14.159119,3.989997,13.6727495,5.9625325,-11.652639,-2.6711743,-14.83719,-9.560369,-15.791246,5.708716,4.7202754,6.580917,-5.8192186,-3.6828663,12.075685,0.5595831,19.201908,-25.058355,59.76423,-6.26812,3.8400261,13.227809,2.3067024,-13.2629,26.987543,59.07478,-0.019774174,6.731878,-9.783396
296,74.87908172607422,41.32862854003906,91.06436157226562,2.543560117059119,3.243216611233842,178.7824139285981,13.284622,3.1404047,13.510759,4.9926295,-10.91043,-2.0883439,-15.306641,-10.401849,-15.872808,5.5284686,3.3994703,7.4792414,-5.803637,-4.381589,12.834032,-0.06938432,19.442625,-25.06001,60.530487,-5.7884955,3.8658202,13.033911,2.0854006,-13.123101,27.054268,58.742493,-0.5638711,7.200329,-9.917554
297,75.90039825439453,41.18473815917969,91.43211364746094,2.293134299281428,3.6669408947617472,178.39925985067413,12.35079,3.147061,13.80135,4.0848927,-9.554826,-1.750748,-15.478768,-10.30209,-15.131561,5.7683964,2.9047313,7.3719096,-5.774098,-4.808572,13.351869,0.049088184,19.81546,-25.285309,61.231133,-4.79643,3.9309878,12.2321,2.05695,-12.861655,27.038433,58.64803,-0.5836257,7.0895834,-10.429433
298,76.87025451660156,41.0457763671875,91.82611083984375,2.051339757740209,4.005058192952541,178.4454035296081,11.583919,3.4061995,14.8403425,3.0896227,-7.766731,-1.8581264,-14.9595175,-9.949979,-15.015178,5.8667645,3.1297848,7.0074935,-5.5959044,-5.018045,13.650196,-0.15153705,20.068838,-25.42906,62.537453,-5.129727,3.8306854,11.427343,1.9908068,-12.71403,27.256542,58.967453,-0.569651,6.8504457,-10.499708
299,77.8012924194336,40.90947341918945,92.23271942138672,1.437962541026569,4.666116226187487,178.47364440062336,10.777773,4.1073275,16.388298,1.6182877,-5.629372,-2.178219,-13.725077,-8.949587,-13.984031,6.0988345,4.083151,6.024923,-5.296823,-4.9508815,13.61319,0.6344421,20.384953,-25.687656,62.975235,-6.417707,3.7986867,11.023455,2.2416198,-12.408311,27.51926,59.305138,-0.58600146,6.777765,-10.489116
300,78.70917510986328,40.78292465209961,92.65731048583984,0.7443311085962158,4.830552481882531,178.51418510743017,10.167966,4.9630127,17.716404,0.90849507,-4.0296936,-2.4984205,-12.110997,-8.051261,-13.564839,6.3330984,4.5652046,5.4866457,-4.933126,-4.8141813,13.496501,1.0948868,20.513071,-26.469221,63.76649,-7.415455,3.8951743,10.59495,2.436143,-12.170825,28.073376,60.017757,-0.6230041,6.5526757,-10.574234
301,79.59571075439453,40.67474365234375,92.97843933105469,0.16566594518398206,4.963896074898737,178.68054801121954,9.803128,5.7779555,19.752895,-0.034514837,-2.8132665,-2.621272,-10.908895,-7.606601,-13.53243,8.052053,4.1924214,4.8548408,-4.500027,-4.591902,13.3922205,1.7814152,20.45733,-27.182491,63.956364,-7.5641923,4.227136,10.911033,2.6839075,-12.092037,28.517288,60.834526,-0.29982722,6.265957,-10.820034
302,80.46685791015625,40.5860481262207,93.26229095458984,-0.3688292568104814,4.58681781646886,178.7766739951465,9.686618,6.6396065,21.68411,-0.16663545,-2.330057,-2.8680358,-11.272415,-7.6226325,-13.216709,14.547569,0.6466893,4.005495,-4.0822535,-4.324163,12.754458,2.6465466,20.16689,-28.34062,64.56383,-7.400612,4.325905,10.54515,3.1288624,-12.066565,29.0351,62.10382,-0.19612817,6.128399,-10.165562
303,81.30316162109375,40.52631378173828,93.47721099853516,-0.5235090444831492,4.17618159977242,179.11001589976308,9.442948,7.1266065,23.333584,0.022306548,-2.0174236,-2.9793725,-10.156103,-7.658267,-12.576558,17.341492,-1.5554737,3.9745142,-3.7904828,-4.2792873,12.263851,3.3566415,19.772545,-29.455603,65.13576,-7.324332,4.3394675,10.16816,3.395957,-12.1098795,29.349802,63.38599,0.32012782,5.784024,-9.571356
304,82.09292602539062,40.493568420410156,93.63333892822266,-0.7173633956998168,3.8557840302088295,179.47176489822849,9.198987,7.612844,24.71347,0.062181838,-1.7571405,-2.985108,-8.131689,-7.3712516,-11.502047,18.710623,-3.789826,3.84501,-3.3246815,-4.1046658,11.2807,4.317025,19.209734,-29.9124,65.67542,-7.173062,4.2013407,9.603919,4.007424,-12.151286,29.750885,64.67566,-0.3298634,5.766549,-8.532993
305,82.83312225341797,40.49095916748047,93.76235961914062,-0.8980234865536111,3.350740849417401,179.66249211984677,8.803442,8.106433,25.189232,0.8584511,-2.0357957,-3.246203,-5.6150355,-6.9177623,-10.670529,17.975855,-4.818417,4.05452,-2.9591942,-3.9126668,10.2502575,4.8561254,18.64937,-30.421032,66.40469,-6.965142,3.6079674,9.039069,4.4682646,-12.211559,29.89041,65.48965,-0.585498,5.6663294,-7.8073926
306,83.51383972167969,40.520164489746094,93.8360366821289,-0.950984269841989,2.8968780744390186,179.6748027435968,8.733792,8.252611,25.461851,0.90620446,-1.986884,-3.3748715,-3.4466965,-6.507818,-9.786376,16.757133,-5.3142815,4.1056457,-2.5615032,-3.7884328,9.391506,5.1646767,18.130444,-30.75393,66.86838,-7.092456,3.5112658,8.64151,4.7034197,-12.254853,29.990799,66.11915,-0.44929948,5.797108,-7.190344
307,84.13394927978516,40.574951171875,93.93086242675781,-1.0122898273983045,2.4118458468469535,179.5815860168717,8.500758,8.536374,25.639557,1.5287702,-2.2238834,-3.5427065,-1.0466425,-6.020629,-9.394558,14.217876,-4.984346,4.378933,-2.2247465,-3.6912568,8.562547,5.492831,17.628937,-30.932592,67.485146,-7.0694456,3.128187,8.862556,4.960942,-12.287756,30.046099,66.5129,-0.5054245,5.838459,-6.949756
308,84.6942138671875,40.653141021728516,93.99999237060547,-1.0289473028385712,1.9027303422915007,179.66990306122477,8.454253,8.793711,26.05036,1.9407779,-2.4592183,-3.548986,1.0733361,-5.5374637,-8.668794,11.267782,-4.1697073,4.731731,-1.9164197,-3.6608229,7.670505,5.942604,17.171825,-31.096893,67.79872,-7.106988,2.9599235,8.736279,5.438134,-12.3141575,30.196747,66.75128,-0.47664028,5.6594996,-6.7506003
309,85.1976089477539,40.751155853271484,94.0174331665039,-1.0104603811195831,1.5335561972096659,179.3580394382201,8.333831,9.005888,26.4916,2.448082,-2.7145588,-3.9206727,3.1849682,-4.984284,-8.126156,7.1300726,-2.717315,5.0655985,-1.6672043,-3.6280434,6.965644,6.5357766,16.747374,-31.122585,67.93593,-7.599432,2.8476253,9.013184,5.7295303,-12.354123,30.33835,66.71457,-0.06764266,5.382277,-6.8529315
310,85.6443099975586,40.86549758911133,94.03504943847656,-1.0105874029219732,1.2653268671002738,178.94991489884748,8.278425,9.228208,27.082417,2.7465389,-2.761183,-4.19727,3.3473656,-4.8248763,-7.9916677,6.677148,-2.7945588,5.291095,-1.5383513,-3.6845765,6.369934,6.9755073,16.363596,-31.233746,68.00259,-7.4342856,3.0625153,9.156157,5.9824486,-12.392434,30.567213,66.33665,-0.19513233,5.3577933,-6.8942866
311,86.03839874267578,40.993438720703125,94.09126281738281,-1.1500739293050144,0.844275949590013,178.97342567737508,8.278054,9.719014,27.597227,3.2489445,-2.770797,-4.435138,3.5783057,-4.5558934,-8.187728,6.5845313,-2.8044477,5.138759,-1.5720322,-3.608443,5.862346,7.2711425,16.041393,-31.41941,67.9914,-7.5750194,3.2344532,9.518479,6.2001476,-12.428526,30.947695,65.77496,0.11520772,4.861962,-7.126697
312,86.38333129882812,41.13392639160156,94.16938781738281,-1.4201116736034238,0.37049482981564386,178.73608386886553,8.402565,10.405837,28.254978,3.8621273,-2.928279,-4.5392203,3.8422923,-4.21267,-8.674305,6.529828,-2.8465304,4.9214067,-1.5494593,-3.4933283,5.4235034,7.3907876,15.780922,-31.44473,67.90762,-7.4486103,3.3929548,9.983829,6.251558,-12.474096,31.184921,65.05311,0.095866926,4.483697,-7.357458
313,86.68083190917969,41.293514251708984,94.19233703613281,-1.556750268757714,-0.014545413659984144,178.59172428065787,8.528066,10.826726,28.512835,4.161454,-2.8421576,-4.8181815,4.0434327,-3.9734612,-9.014314,6.504028,-3.053063,4.604672,-1.6716383,-3.3738348,5.119273,7.4492984,15.599097,-31.500782,67.76621,-7.0052357,3.3538184,10.261968,6.2022433,-12.519167,31.308165,64.24778,0.22068286,4.174571,-7.679115
314,86.93040466308594,41.464759826660156,94.20010375976562,-1.778498208419897,-0.39694704222794697,178.2206778155956,8.718195,11.355155,28.77188,4.509175,-3.0562797,-4.9993734,4.2273617,-3.6419728,-9.34919,6.499616,-3.308908,4.2312465,-1.7953674,-3.1452436,4.757783,7.5355644,15.44632,-31.569218,67.59721,-7.125817,3.384119,10.381384,6.1696362,-12.5403595,31.417454,63.56899,0.5803712,3.773642,-7.988418
315,87.13052368164062,41.647010803222656,94.18780517578125,-1.9793402723007234,-0.628021398072548,177.78748856744733,8.931866,11.813972,29.156013,4.5754824,-3.235446,-5.1527104,4.2701783,-3.312723,-9.600622,6.4970784,-3.5961747,3.8306,-1.8465774,-2.9054246,4.4917746,7.5312147,15.286031,-31.689138,67.474236,-7.1883283,3.4226573,10.467644,6.057015,-12.551433,31.726774,63.2533,0.53851724,3.4478598,-8.048791
316,87.28343200683594,41.83517074584961,94.1708755493164,-2.0873694016323294,-0.8786388938449127,177.4557612449534,9.152816,12.12986,29.283373,4.6237226,-3.346369,-5.2957206,4.3950105,-3.1004639,-9.9359865,6.508172,-3.9943042,3.4822702,-1.9135412,-2.7189672,4.234735,7.4084754,15.166735,-32.23946,67.58278,-7.2016616,3.427937,10.156544,5.94819,-12.554563,32.03387,63.092434,0.45081297,3.4732666,-7.8502927
317,87.38993072509766,42.0216064453125,94.1524658203125,-2.12376026041938,-1.0399292188222238,177.19680781080993,9.335595,12.290209,29.203978,4.518563,-3.4443536,-5.411841,4.4592304,-2.916783,-10.035066,6.5131927,-4.376585,3.1423523,-2.0547826,-2.482665,4.083829,7.410722,15.057189,-32.400772,67.68648,-7.4555593,3.463257,10.208448,5.9376445,-12.532111,32.25538,63.188637,0.4941585,3.3637347,-7.979365
318,87.45399475097656,42.198909759521484,94.14694213867188,-2.098483905576145,-1.1099105892062608,176.74808799818518,9.502244,12.339314,29.152113,4.376715,-3.5480912,-5.502686,4.4071703,-2.7859569,-9.946591,6.513818,-4.617677,2.9130702,-2.1284225,-2.2912478,4.004134,7.4459014,14.968493,-32.561554,67.861725,-8.039007,3.4710803,10.343341,5.8427005,-12.486638,32.573765,63.5563,0.54332674,3.4316607,-7.9537206
319,87.48503112792969,42.36062240600586,94.12944793701172,-2.055647043237771,-1.1032212527236651,176.28719096589515,9.600021,12.3112135,28.935717,4.2001204,-3.6143062,-5.6618595,4.322172,-2.7305434,-10.03162,6.503654,-5.0043077,2.813601,-2.1206174,-2.1375787,3.8874822,7.4391212,14.886996,-32.881042,68.21064,-8.519139,3.3605897,10.041646,5.8187866,-12.422057,32.99574,64.22835,0.57485294,3.6565611,-7.6681166
320,87.49071502685547,42.5036735534668,94.11617279052734,-2.082128770674686,-0.9700477598131765,175.97424879129915,9.568852,12.315302,28.580744,3.9349797,-3.6079803,-5.75695,4.153083,-2.6288722,-10.217126,6.4853144,-5.1213965,2.747967,-2.1617947,-2.031527,3.859364,7.4462743,14.850883,-32.97194,68.45601,-8.989669,3.3122888,10.016981,5.8510776,-12.386529,33.204914,64.858116,0.60373074,3.772501,-7.543737
321,87.48399353027344,42.62974548339844,94.11773681640625,-2.0592862458601213,-0.8969121332915999,175.65541526289124,9.600042,12.278029,28.33271,3.7384005,-3.4623053,-5.861044,4.038755,-2.5669048,-10.240569,6.4786105,-5.177695,2.6435294,-2.1820562,-1.9480855,3.8532646,7.441021,14.791428,-33.16066,68.75947,-9.196965,3.2455988,9.931876,5.766808,-12.31954,33.42366,65.54358,0.9424781,4.043926,-7.190881
322,87.47374725341797,42.7380256652832,94.1210708618164,-2.0574169393473074,-0.7761346402258444,175.39527503076758,9.654751,12.226936,28.14872,3.3671196,-3.2100644,-6.03169,3.8741672,-2.4562304,-10.116111,6.4564943,-5.070899,2.5623178,-2.257883,-1.8847816,3.8853927,7.4988556,14.7269745,-33.24044,68.8984,-9.022847,3.1711037,9.673934,5.671333,-12.236996,33.58675,66.184685,1.010095,3.9601665,-7.18928
323,87.46722412109375,42.830501556396484,94.13695526123047,-2.0029990759514713,-0.7911151376842488,175.06317581138535,9.732986,12.195628,28.078571,3.3597407,-3.118973,-6.251067,3.8268492,-2.3994365,-9.875109,6.4473753,-4.9620967,2.4878235,-2.268634,-1.8017383,4.034354,7.5704756,14.714624,-33.320515,68.94482,-8.985486,3.1408274,9.891208,5.606069,-12.21579,33.606606,66.495605,1.1909404,4.1426907,-7.05158
324,87.4626693725586,42.90739440917969,94.15632629394531,-1.9283350427559434,-0.7083524718570845,174.81920385061554,9.695198,12.175597,28.190214,3.3796813,-2.9436908,-6.3997765,3.669486,-2.361341,-9.575129,6.448522,-4.8082294,2.4168503,-2.2755864,-1.7289623,4.250494,7.608662,14.665057,-33.261997,68.97561,-8.774692,3.144467,10.279877,5.5585957,-12.140924,33.409058,66.69204,1.6425878,4.0692735,-7.1421795
